# Blender v2.83.0 OBJ File: 'MedAssortment.blend'
# www.blender.org
mtllib MedicalTrolley.mtl
o Medical_Trolley_LOD0_Cube.043
v -0.108689 0.026194 0.070706
v -0.108689 0.030876 0.070706
v -0.108689 0.026194 -0.070706
v -0.108689 0.030876 -0.070706
v -0.104007 0.026194 0.070706
v -0.104007 0.030876 0.070706
v -0.104007 0.026194 -0.070706
v -0.104007 0.030876 -0.070706
v -0.106348 0.025224 -0.070706
v -0.106348 0.031845 -0.070706
v -0.106348 0.025224 0.070706
v -0.106348 0.031845 0.070706
v -0.109659 0.028535 0.070706
v -0.109659 0.028535 -0.070706
v -0.103037 0.028535 -0.070706
v -0.103037 0.028535 0.070706
v -0.108689 0.026194 -0.023569
v -0.108689 0.026194 0.023569
v -0.108689 0.030876 0.023569
v -0.108689 0.030876 -0.023569
v -0.104007 0.026194 0.023569
v -0.104007 0.026194 -0.023569
v -0.104007 0.030876 -0.023569
v -0.104007 0.030876 0.023569
v -0.106348 0.031845 -0.023569
v -0.106348 0.031845 0.023569
v -0.106348 0.025224 -0.023569
v -0.106348 0.025224 0.023569
v -0.103037 0.028535 -0.023569
v -0.103037 0.028535 0.023569
v -0.109659 0.028535 0.023569
v -0.109659 0.028535 -0.023569
v -0.102184 0.026194 -0.070754
v -0.102184 0.030876 -0.070754
v -0.102184 0.026194 -0.075436
v -0.102184 0.030876 -0.075436
v -0.102184 0.025224 -0.073095
v -0.102184 0.031845 -0.073095
v -0.102184 0.028535 -0.069784
v -0.102184 0.028535 -0.076406
v -0.051092 0.030876 -0.070754
v -0.051092 0.026194 -0.075436
v -0.051092 0.028535 -0.069784
v -0.051092 0.026194 -0.070754
v -0.051092 0.030876 -0.075436
v -0.051092 0.031845 -0.073095
v -0.051092 0.025224 -0.073095
v -0.051092 0.028535 -0.076406
v -0.108689 0.202592 0.070706
v -0.108689 0.207274 0.070706
v -0.108689 0.202592 -0.070706
v -0.108689 0.207274 -0.070706
v -0.104007 0.202592 0.070706
v -0.104007 0.207274 0.070706
v -0.104007 0.202592 -0.070706
v -0.104007 0.207274 -0.070706
v -0.106348 0.201622 -0.070706
v -0.106348 0.208244 -0.070706
v -0.106348 0.201622 0.070706
v -0.106348 0.208244 0.070706
v -0.109659 0.204933 0.070706
v -0.109659 0.204933 -0.070706
v -0.103037 0.204933 -0.070706
v -0.103037 0.204933 0.070706
v -0.108689 0.202592 -0.023569
v -0.108689 0.202592 0.023569
v -0.108689 0.207274 0.023569
v -0.108689 0.207274 -0.023569
v -0.104007 0.202592 0.023569
v -0.104007 0.202592 -0.023569
v -0.104007 0.207274 -0.023569
v -0.104007 0.207274 0.023569
v -0.106348 0.208244 -0.023569
v -0.106348 0.208244 0.023569
v -0.106348 0.201622 -0.023569
v -0.106348 0.201622 0.023569
v -0.103037 0.204933 -0.023569
v -0.103037 0.204933 0.023569
v -0.109659 0.204933 0.023569
v -0.109659 0.204933 -0.023569
v -0.102184 0.202592 -0.070754
v -0.102184 0.207274 -0.070754
v -0.102184 0.202592 -0.075436
v -0.102184 0.207274 -0.075436
v -0.102184 0.201622 -0.073095
v -0.102184 0.208244 -0.073095
v -0.102184 0.204933 -0.069784
v -0.102184 0.204933 -0.076406
v -0.051092 0.207274 -0.070754
v -0.051092 0.202592 -0.075436
v -0.051092 0.204933 -0.069784
v -0.051092 0.202592 -0.070754
v -0.051092 0.207274 -0.075436
v -0.051092 0.208244 -0.073095
v -0.051092 0.201622 -0.073095
v -0.051092 0.204933 -0.076406
v 0.108689 0.026194 0.070706
v 0.108689 0.030876 0.070706
v 0.108689 0.026194 -0.070706
v 0.108689 0.030876 -0.070706
v 0.104007 0.026194 0.070706
v 0.104007 0.030876 0.070706
v 0.104007 0.026194 -0.070706
v 0.104007 0.030876 -0.070706
v 0.106348 0.025224 -0.070706
v 0.106348 0.031845 -0.070706
v 0.106348 0.025224 0.070706
v 0.106348 0.031845 0.070706
v 0.109659 0.028535 0.070706
v 0.109659 0.028535 -0.070706
v 0.103037 0.028535 -0.070706
v 0.103037 0.028535 0.070706
v 0.108689 0.026194 -0.023569
v 0.108689 0.026194 0.023569
v 0.108689 0.030876 0.023569
v 0.108689 0.030876 -0.023569
v 0.104007 0.026194 0.023569
v 0.104007 0.026194 -0.023569
v 0.104007 0.030876 -0.023569
v 0.104007 0.030876 0.023569
v 0.106348 0.031845 -0.023569
v 0.106348 0.031845 0.023569
v 0.106348 0.025224 -0.023569
v 0.106348 0.025224 0.023569
v 0.103037 0.028535 -0.023569
v 0.103037 0.028535 0.023569
v 0.109659 0.028535 0.023569
v 0.109659 0.028535 -0.023569
v 0.102184 0.026194 -0.070754
v 0.102184 0.030876 -0.070754
v 0.102184 0.026194 -0.075436
v 0.102184 0.030876 -0.075436
v 0.102184 0.025224 -0.073095
v 0.102184 0.031845 -0.073095
v 0.102184 0.028535 -0.069784
v 0.102184 0.028535 -0.076406
v 0.000000 0.026194 -0.070754
v 0.000000 0.030876 -0.070754
v 0.000000 0.026194 -0.075436
v 0.000000 0.030876 -0.075436
v 0.000000 0.031845 -0.073095
v 0.000000 0.025224 -0.073095
v 0.000000 0.028535 -0.076406
v 0.000000 0.028535 -0.069784
v 0.051092 0.030876 -0.070754
v 0.051092 0.026194 -0.075436
v 0.051092 0.028535 -0.069784
v 0.051092 0.026194 -0.070754
v 0.051092 0.030876 -0.075436
v 0.051092 0.031845 -0.073095
v 0.051092 0.025224 -0.073095
v 0.051092 0.028535 -0.076406
v 0.108689 0.202592 0.070706
v 0.108689 0.207274 0.070706
v 0.108689 0.202592 -0.070706
v 0.108689 0.207274 -0.070706
v 0.104007 0.202592 0.070706
v 0.104007 0.207274 0.070706
v 0.104007 0.202592 -0.070706
v 0.104007 0.207274 -0.070706
v 0.106348 0.201622 -0.070706
v 0.106348 0.208244 -0.070706
v 0.106348 0.201622 0.070706
v 0.106348 0.208244 0.070706
v 0.109659 0.204933 0.070706
v 0.109659 0.204933 -0.070706
v 0.103037 0.204933 -0.070706
v 0.103037 0.204933 0.070706
v 0.108689 0.202592 -0.023569
v 0.108689 0.202592 0.023569
v 0.108689 0.207274 0.023569
v 0.108689 0.207274 -0.023569
v 0.104007 0.202592 0.023569
v 0.104007 0.202592 -0.023569
v 0.104007 0.207274 -0.023569
v 0.104007 0.207274 0.023569
v 0.106348 0.208244 -0.023569
v 0.106348 0.208244 0.023569
v 0.106348 0.201622 -0.023569
v 0.106348 0.201622 0.023569
v 0.103037 0.204933 -0.023569
v 0.103037 0.204933 0.023569
v 0.109659 0.204933 0.023569
v 0.109659 0.204933 -0.023569
v 0.102184 0.202592 -0.070754
v 0.102184 0.207274 -0.070754
v 0.102184 0.202592 -0.075436
v 0.102184 0.207274 -0.075436
v 0.102184 0.201622 -0.073095
v 0.102184 0.208244 -0.073095
v 0.102184 0.204933 -0.069784
v 0.102184 0.204933 -0.076406
v 0.000000 0.202592 -0.070754
v 0.000000 0.207274 -0.070754
v 0.000000 0.202592 -0.075436
v 0.000000 0.207274 -0.075436
v 0.000000 0.208244 -0.073095
v 0.000000 0.201622 -0.073095
v 0.000000 0.204933 -0.076406
v 0.000000 0.204933 -0.069784
v 0.051092 0.207274 -0.070754
v 0.051092 0.202592 -0.075436
v 0.051092 0.204933 -0.069784
v 0.051092 0.202592 -0.070754
v 0.051092 0.207274 -0.075436
v 0.051092 0.208244 -0.073095
v 0.051092 0.201622 -0.073095
v 0.051092 0.204933 -0.076406
v -0.110783 -0.004222 0.069154
v -0.110783 -0.004222 -0.069154
v 0.110783 -0.004222 0.069154
v 0.110783 -0.004222 -0.069154
v -0.110783 -0.004222 0.000000
v 0.110783 -0.004222 0.000000
v 0.000000 -0.004222 -0.069154
v 0.000000 -0.004222 0.069154
v 0.000000 0.004222 0.000000
v 0.000000 -0.004222 0.000000
v -0.055392 -0.004222 -0.069154
v -0.055392 -0.004222 0.000000
v -0.055392 -0.004222 0.069154
v -0.055392 0.004222 0.000000
v 0.055392 -0.004222 0.069154
v 0.055392 0.004222 0.000000
v 0.055392 -0.004222 -0.069154
v 0.055392 -0.004222 0.000000
v -0.110783 0.000000 0.069154
v -0.110783 0.000000 -0.069154
v 0.110783 0.000000 -0.069154
v 0.110783 0.000000 0.069154
v 0.110783 0.000000 0.000000
v -0.110783 0.000000 0.000000
v 0.000000 0.000000 0.069154
v 0.000000 0.000000 -0.069154
v -0.055392 0.000000 -0.069154
v -0.055392 0.000000 0.069154
v 0.055392 0.000000 0.069154
v 0.055392 0.000000 -0.069154
v -0.109248 0.004222 0.067619
v -0.110783 0.002687 0.069154
v -0.110334 0.003773 0.068704
v -0.109248 0.004222 -0.069154
v -0.110783 0.002687 -0.069154
v -0.110334 0.003773 -0.069154
v 0.109248 0.004222 0.067619
v 0.110783 0.002687 0.069154
v 0.110334 0.003773 0.068704
v 0.109248 0.004222 -0.069154
v 0.110783 0.002687 -0.069154
v 0.110334 0.003773 -0.069154
v -0.110783 0.002687 0.000000
v -0.109248 0.004222 0.000000
v -0.110334 0.003773 0.000000
v 0.110783 0.002687 0.000000
v 0.109248 0.004222 0.000000
v 0.110334 0.003773 0.000000
v 0.000000 0.004222 -0.069154
v 0.000000 0.002687 -0.069154
v 0.000000 0.003773 -0.069154
v 0.000000 0.004222 0.067619
v 0.000000 0.002687 0.069154
v 0.000000 0.003773 0.068704
v -0.055392 0.002687 0.069154
v -0.055392 0.004222 0.067619
v -0.055392 0.003773 0.068704
v -0.055392 0.002687 -0.069154
v -0.055392 0.004222 -0.069154
v -0.055392 0.003773 -0.069154
v 0.055392 0.002687 -0.069154
v 0.055392 0.004222 -0.069154
v 0.055392 0.003773 -0.069154
v 0.055392 0.002687 0.069154
v 0.055392 0.004222 0.067619
v 0.055392 0.003773 0.068704
v -0.110783 0.178176 0.069154
v -0.110783 0.178176 -0.069154
v 0.110783 0.178176 0.069154
v 0.110783 0.178176 -0.069154
v -0.110783 0.178176 0.000000
v 0.110783 0.178176 0.000000
v 0.000000 0.178176 -0.069154
v 0.000000 0.178176 0.069154
v 0.000000 0.186621 0.000000
v 0.000000 0.178176 0.000000
v -0.055392 0.178176 -0.069154
v -0.055392 0.178176 0.000000
v -0.055392 0.178176 0.069154
v -0.055392 0.186621 0.000000
v 0.055392 0.178176 0.069154
v 0.055392 0.186621 0.000000
v 0.055392 0.178176 -0.069154
v 0.055392 0.178176 0.000000
v -0.110783 0.182398 0.069154
v -0.110783 0.182398 -0.069154
v 0.110783 0.182398 -0.069154
v 0.110783 0.182398 0.069154
v 0.110783 0.182398 0.000000
v -0.110783 0.182398 0.000000
v 0.000000 0.182398 0.069154
v 0.000000 0.182398 -0.069154
v -0.055392 0.182398 -0.069154
v -0.055392 0.182398 0.069154
v 0.055392 0.182398 0.069154
v 0.055392 0.182398 -0.069154
v -0.109248 0.186621 0.067619
v -0.110783 0.185086 0.069154
v -0.110334 0.186171 0.068704
v -0.109248 0.186621 -0.069154
v -0.110783 0.185086 -0.069154
v -0.110334 0.186171 -0.069154
v 0.109248 0.186621 0.067619
v 0.110783 0.185086 0.069154
v 0.110334 0.186171 0.068704
v 0.109248 0.186621 -0.069154
v 0.110783 0.185086 -0.069154
v 0.110334 0.186171 -0.069154
v -0.110783 0.185086 0.000000
v -0.109248 0.186621 0.000000
v -0.110334 0.186171 0.000000
v 0.110783 0.185086 0.000000
v 0.109248 0.186621 0.000000
v 0.110334 0.186171 0.000000
v 0.000000 0.186621 -0.069154
v 0.000000 0.185086 -0.069154
v 0.000000 0.186171 -0.069154
v 0.000000 0.186621 0.067619
v 0.000000 0.185086 0.069154
v 0.000000 0.186171 0.068704
v -0.055392 0.185086 0.069154
v -0.055392 0.186621 0.067619
v -0.055392 0.186171 0.068704
v -0.055392 0.185086 -0.069154
v -0.055392 0.186621 -0.069154
v -0.055392 0.186171 -0.069154
v 0.055392 0.185086 -0.069154
v 0.055392 0.186621 -0.069154
v 0.055392 0.186171 -0.069154
v 0.055392 0.185086 0.069154
v 0.055392 0.186621 0.067619
v 0.055392 0.186171 0.068704
v -0.110732 -0.036601 0.077179
v -0.110732 0.223483 0.077179
v -0.110732 -0.036601 0.068566
v -0.110732 0.223483 0.068566
v -0.102119 -0.036601 0.077179
v -0.102119 0.223483 0.077179
v -0.102119 -0.036601 0.068566
v -0.102119 0.223483 0.068566
v -0.112299 -0.038427 0.067000
v -0.112299 -0.038427 0.078746
v -0.100553 -0.038427 0.067000
v -0.100553 -0.038427 0.078746
v -0.112299 -0.042690 0.067000
v -0.112299 -0.042690 0.078746
v -0.100553 -0.042690 0.067000
v -0.100553 -0.042690 0.078746
v -0.110732 0.006747 0.077179
v -0.110732 0.050094 0.077179
v -0.110732 0.093441 0.077179
v -0.110732 0.136789 0.077179
v -0.110732 0.180136 0.077179
v -0.110732 0.180136 0.068566
v -0.110732 0.136789 0.068566
v -0.110732 0.093441 0.068566
v -0.110732 0.050094 0.068566
v -0.110732 0.006747 0.068566
v -0.102119 0.180136 0.068566
v -0.102119 0.136789 0.068566
v -0.102119 0.093441 0.068566
v -0.102119 0.050094 0.068566
v -0.102119 0.006747 0.068566
v -0.102119 0.180136 0.077179
v -0.102119 0.136789 0.077179
v -0.102119 0.093441 0.077179
v -0.102119 0.050094 0.077179
v -0.102119 0.006747 0.077179
v -0.106426 -0.036601 0.068566
v -0.106426 0.223483 0.068566
v -0.106426 -0.036601 0.077179
v -0.106426 0.223483 0.077179
v -0.106426 -0.038427 0.067000
v -0.106426 -0.038427 0.078746
v -0.106426 -0.042690 0.067000
v -0.106426 -0.042690 0.078746
v -0.106426 0.006747 0.077179
v -0.106426 0.050094 0.077179
v -0.106426 0.093441 0.077179
v -0.106426 0.136789 0.077179
v -0.106426 0.180136 0.077179
v -0.106426 0.006747 0.068566
v -0.106426 0.050094 0.068566
v -0.106426 0.093441 0.068566
v -0.106426 0.136789 0.068566
v -0.106426 0.180136 0.068566
v -0.110732 -0.036601 0.072873
v -0.110732 0.223483 0.072873
v -0.102119 -0.036601 0.072873
v -0.102119 0.223483 0.072873
v -0.112299 -0.038427 0.072873
v -0.100553 -0.038427 0.072873
v -0.112299 -0.042690 0.072873
v -0.100553 -0.042690 0.072873
v -0.102119 0.006747 0.072873
v -0.102119 0.050094 0.072873
v -0.102119 0.093441 0.072873
v -0.102119 0.136789 0.072873
v -0.102119 0.180136 0.072873
v -0.110732 0.006747 0.072873
v -0.110732 0.050094 0.072873
v -0.110732 0.093441 0.072873
v -0.110732 0.136789 0.072873
v -0.110732 0.180136 0.072873
v -0.106426 0.223483 0.072873
v 0.110732 -0.036601 0.077179
v 0.110732 0.223483 0.077179
v 0.110732 -0.036601 0.068566
v 0.110732 0.223483 0.068566
v 0.102119 -0.036601 0.077179
v 0.102119 0.223483 0.077179
v 0.102119 -0.036601 0.068566
v 0.102119 0.223483 0.068566
v 0.112299 -0.038427 0.067000
v 0.112299 -0.038427 0.078746
v 0.100553 -0.038427 0.067000
v 0.100553 -0.038427 0.078746
v 0.112299 -0.042690 0.067000
v 0.112299 -0.042690 0.078746
v 0.100553 -0.042690 0.067000
v 0.100553 -0.042690 0.078746
v 0.110732 0.006747 0.077179
v 0.110732 0.050094 0.077179
v 0.110732 0.093441 0.077179
v 0.110732 0.136789 0.077179
v 0.110732 0.180136 0.077179
v 0.110732 0.180136 0.068566
v 0.110732 0.136789 0.068566
v 0.110732 0.093441 0.068566
v 0.110732 0.050094 0.068566
v 0.110732 0.006747 0.068566
v 0.102119 0.180136 0.068566
v 0.102119 0.136789 0.068566
v 0.102119 0.093441 0.068566
v 0.102119 0.050094 0.068566
v 0.102119 0.006747 0.068566
v 0.102119 0.180136 0.077179
v 0.102119 0.136789 0.077179
v 0.102119 0.093441 0.077179
v 0.102119 0.050094 0.077179
v 0.102119 0.006747 0.077179
v 0.106426 -0.036601 0.068566
v 0.106426 0.223483 0.068566
v 0.106426 -0.036601 0.077179
v 0.106426 0.223483 0.077179
v 0.106426 -0.038427 0.067000
v 0.106426 -0.038427 0.078746
v 0.106426 -0.042690 0.067000
v 0.106426 -0.042690 0.078746
v 0.106426 0.006747 0.077179
v 0.106426 0.050094 0.077179
v 0.106426 0.093441 0.077179
v 0.106426 0.136789 0.077179
v 0.106426 0.180136 0.077179
v 0.106426 0.006747 0.068566
v 0.106426 0.050094 0.068566
v 0.106426 0.093441 0.068566
v 0.106426 0.136789 0.068566
v 0.106426 0.180136 0.068566
v 0.110732 -0.036601 0.072873
v 0.110732 0.223483 0.072873
v 0.102119 -0.036601 0.072873
v 0.102119 0.223483 0.072873
v 0.112299 -0.038427 0.072873
v 0.100553 -0.038427 0.072873
v 0.112299 -0.042690 0.072873
v 0.100553 -0.042690 0.072873
v 0.102119 0.006747 0.072873
v 0.102119 0.050094 0.072873
v 0.102119 0.093441 0.072873
v 0.102119 0.136789 0.072873
v 0.102119 0.180136 0.072873
v 0.110732 0.006747 0.072873
v 0.110732 0.050094 0.072873
v 0.110732 0.093441 0.072873
v 0.110732 0.136789 0.072873
v 0.110732 0.180136 0.072873
v 0.106426 0.223483 0.072873
v -0.110732 -0.036601 -0.077179
v -0.110732 0.223483 -0.077179
v -0.110732 -0.036601 -0.068566
v -0.110732 0.223483 -0.068566
v -0.102119 -0.036601 -0.077179
v -0.102119 0.223483 -0.077179
v -0.102119 -0.036601 -0.068566
v -0.102119 0.223483 -0.068566
v -0.112299 -0.038427 -0.067000
v -0.112299 -0.038427 -0.078746
v -0.100553 -0.038427 -0.067000
v -0.100553 -0.038427 -0.078746
v -0.112299 -0.042690 -0.067000
v -0.112299 -0.042690 -0.078746
v -0.100553 -0.042690 -0.067000
v -0.100553 -0.042690 -0.078746
v -0.110732 0.006747 -0.077179
v -0.110732 0.050094 -0.077179
v -0.110732 0.093441 -0.077179
v -0.110732 0.136789 -0.077179
v -0.110732 0.180136 -0.077179
v -0.110732 0.180136 -0.068566
v -0.110732 0.136789 -0.068566
v -0.110732 0.093441 -0.068566
v -0.110732 0.050094 -0.068566
v -0.110732 0.006747 -0.068566
v -0.102119 0.180136 -0.068566
v -0.102119 0.136789 -0.068566
v -0.102119 0.093441 -0.068566
v -0.102119 0.050094 -0.068566
v -0.102119 0.006747 -0.068566
v -0.102119 0.180136 -0.077179
v -0.102119 0.136789 -0.077179
v -0.102119 0.093441 -0.077179
v -0.102119 0.050094 -0.077179
v -0.102119 0.006747 -0.077179
v -0.106426 -0.036601 -0.068566
v -0.106426 0.223483 -0.068566
v -0.106426 -0.036601 -0.077179
v -0.106426 0.223483 -0.077179
v -0.106426 -0.038427 -0.067000
v -0.106426 -0.038427 -0.078746
v -0.106426 -0.042690 -0.067000
v -0.106426 -0.042690 -0.078746
v -0.106426 0.006747 -0.077179
v -0.106426 0.050094 -0.077179
v -0.106426 0.093441 -0.077179
v -0.106426 0.136789 -0.077179
v -0.106426 0.180136 -0.077179
v -0.106426 0.006747 -0.068566
v -0.106426 0.050094 -0.068566
v -0.106426 0.093441 -0.068566
v -0.106426 0.136789 -0.068566
v -0.106426 0.180136 -0.068566
v -0.110732 -0.036601 -0.072873
v -0.110732 0.223483 -0.072873
v -0.102119 -0.036601 -0.072873
v -0.102119 0.223483 -0.072873
v -0.112299 -0.038427 -0.072873
v -0.100553 -0.038427 -0.072873
v -0.112299 -0.042690 -0.072873
v -0.100553 -0.042690 -0.072873
v -0.102119 0.006747 -0.072873
v -0.102119 0.050094 -0.072873
v -0.102119 0.093441 -0.072873
v -0.102119 0.136789 -0.072873
v -0.102119 0.180136 -0.072873
v -0.110732 0.006747 -0.072873
v -0.110732 0.050094 -0.072873
v -0.110732 0.093441 -0.072873
v -0.110732 0.136789 -0.072873
v -0.110732 0.180136 -0.072873
v -0.106426 0.223483 -0.072873
v 0.110732 -0.036601 -0.077179
v 0.110732 0.223483 -0.077179
v 0.110732 -0.036601 -0.068566
v 0.110732 0.223483 -0.068566
v 0.102119 -0.036601 -0.077179
v 0.102119 0.223483 -0.077179
v 0.102119 -0.036601 -0.068566
v 0.102119 0.223483 -0.068566
v 0.112299 -0.038427 -0.067000
v 0.112299 -0.038427 -0.078746
v 0.100553 -0.038427 -0.067000
v 0.100553 -0.038427 -0.078746
v 0.112299 -0.042690 -0.067000
v 0.112299 -0.042690 -0.078746
v 0.100553 -0.042690 -0.067000
v 0.100553 -0.042690 -0.078746
v 0.110732 0.006747 -0.077179
v 0.110732 0.050094 -0.077179
v 0.110732 0.093441 -0.077179
v 0.110732 0.136789 -0.077179
v 0.110732 0.180136 -0.077179
v 0.110732 0.180136 -0.068566
v 0.110732 0.136789 -0.068566
v 0.110732 0.093441 -0.068566
v 0.110732 0.050094 -0.068566
v 0.110732 0.006747 -0.068566
v 0.102119 0.180136 -0.068566
v 0.102119 0.136789 -0.068566
v 0.102119 0.093441 -0.068566
v 0.102119 0.050094 -0.068566
v 0.102119 0.006747 -0.068566
v 0.102119 0.180136 -0.077179
v 0.102119 0.136789 -0.077179
v 0.102119 0.093441 -0.077179
v 0.102119 0.050094 -0.077179
v 0.102119 0.006747 -0.077179
v 0.106426 -0.036601 -0.068566
v 0.106426 0.223483 -0.068566
v 0.106426 -0.036601 -0.077179
v 0.106426 0.223483 -0.077179
v 0.106426 -0.038427 -0.067000
v 0.106426 -0.038427 -0.078746
v 0.106426 -0.042690 -0.067000
v 0.106426 -0.042690 -0.078746
v 0.106426 0.006747 -0.077179
v 0.106426 0.050094 -0.077179
v 0.106426 0.093441 -0.077179
v 0.106426 0.136789 -0.077179
v 0.106426 0.180136 -0.077179
v 0.106426 0.006747 -0.068566
v 0.106426 0.050094 -0.068566
v 0.106426 0.093441 -0.068566
v 0.106426 0.136789 -0.068566
v 0.106426 0.180136 -0.068566
v 0.110732 -0.036601 -0.072873
v 0.110732 0.223483 -0.072873
v 0.102119 -0.036601 -0.072873
v 0.102119 0.223483 -0.072873
v 0.112299 -0.038427 -0.072873
v 0.100553 -0.038427 -0.072873
v 0.112299 -0.042690 -0.072873
v 0.100553 -0.042690 -0.072873
v 0.102119 0.006747 -0.072873
v 0.102119 0.050094 -0.072873
v 0.102119 0.093441 -0.072873
v 0.102119 0.136789 -0.072873
v 0.102119 0.180136 -0.072873
v 0.110732 0.006747 -0.072873
v 0.110732 0.050094 -0.072873
v 0.110732 0.093441 -0.072873
v 0.110732 0.136789 -0.072873
v 0.110732 0.180136 -0.072873
v 0.106426 0.223483 -0.072873
v -0.098373 -0.072927 0.070996
v -0.098373 -0.059218 0.070996
v -0.111354 -0.059218 0.066589
v -0.111354 -0.072927 0.066589
v -0.104864 -0.075766 0.068793
v -0.104864 -0.056379 0.068793
v -0.095684 -0.066073 0.071909
v -0.114043 -0.066073 0.065677
v -0.099602 -0.072336 0.072779
v -0.099602 -0.059809 0.072779
v -0.111465 -0.059809 0.068752
v -0.111465 -0.072336 0.068752
v -0.105533 -0.074931 0.070766
v -0.105533 -0.057214 0.070766
v -0.097145 -0.066073 0.073613
v -0.113922 -0.066073 0.067918
v -0.102868 -0.069103 0.072341
v -0.102868 -0.063042 0.072341
v -0.108607 -0.063042 0.070393
v -0.108607 -0.069103 0.070393
v -0.105738 -0.070359 0.071367
v -0.105738 -0.061787 0.071367
v -0.101679 -0.066073 0.072745
v -0.109796 -0.066073 0.069989
v -0.106426 -0.066073 0.068571
v -0.114383 -0.072999 0.074834
v -0.113661 -0.072539 0.074481
v -0.114383 -0.059147 0.074834
v -0.113661 -0.059607 0.074481
v -0.100990 -0.059147 0.079381
v -0.101347 -0.059607 0.078661
v -0.100990 -0.072999 0.079381
v -0.101347 -0.072539 0.078661
v -0.107504 -0.075225 0.076571
v -0.107686 -0.075901 0.077108
v -0.107504 -0.056920 0.076571
v -0.107686 -0.056244 0.077108
v -0.116204 -0.066073 0.073617
v -0.117124 -0.066073 0.073904
v -0.098804 -0.066073 0.079524
v -0.098248 -0.066073 0.080311
v -0.112863 -0.072321 0.073030
v -0.111915 -0.071614 0.072561
v -0.112863 -0.059824 0.073031
v -0.111913 -0.060531 0.072562
v -0.101097 -0.059824 0.077024
v -0.101564 -0.060531 0.076075
v -0.101097 -0.072321 0.077024
v -0.101566 -0.071614 0.076074
v -0.106739 -0.073892 0.074317
v -0.106980 -0.074901 0.075028
v -0.106738 -0.058253 0.074317
v -0.106980 -0.057245 0.075028
v -0.114073 -0.066073 0.071820
v -0.115307 -0.066073 0.072198
v -0.099401 -0.066073 0.076800
v -0.098652 -0.066073 0.077852
v -0.109650 -0.069131 0.072666
v -0.109645 -0.063015 0.072667
v -0.103425 -0.063015 0.074780
v -0.103429 -0.069131 0.074777
v -0.106533 -0.070451 0.073705
v -0.106530 -0.061695 0.073706
v -0.110889 -0.066073 0.072250
v -0.102188 -0.066073 0.075203
v -0.092233 -0.066073 0.073435
v -0.095964 -0.075585 0.072168
v -0.113979 -0.056560 0.066053
v -0.104972 -0.052620 0.069110
v -0.095964 -0.056560 0.072168
v -0.117711 -0.066073 0.064786
v -0.104971 -0.079526 0.069110
v -0.113979 -0.075585 0.066053
v -0.105709 -0.080634 0.071282
v -0.116454 -0.076369 0.070902
v -0.096953 -0.076369 0.077522
v -0.120185 -0.066073 0.072057
v -0.116453 -0.075586 0.073324
v -0.098428 -0.056559 0.079443
v -0.107440 -0.052618 0.076383
v -0.116453 -0.056559 0.073324
v -0.094696 -0.066073 0.080710
v -0.107440 -0.079527 0.076383
v -0.098428 -0.075586 0.079443
v -0.116454 -0.055776 0.070903
v -0.096953 -0.055776 0.077523
v -0.106704 -0.051511 0.074213
v -0.092915 -0.066073 0.078894
v -0.120493 -0.066073 0.069532
v -0.095959 -0.076369 0.074594
v -0.115460 -0.076369 0.067974
v -0.095959 -0.055776 0.074595
v -0.115460 -0.055776 0.067975
v -0.105710 -0.051511 0.071285
v -0.119499 -0.066073 0.066604
v -0.091921 -0.066073 0.075966
v -0.106703 -0.080634 0.074210
v -0.108372 -0.075018 0.067602
v -0.096393 -0.069778 0.071668
v -0.113334 -0.062367 0.065917
v -0.101355 -0.057127 0.069984
v -0.101355 -0.075018 0.069984
v -0.108372 -0.057127 0.067602
v -0.096393 -0.062367 0.071668
v -0.113334 -0.069778 0.065917
v -0.108740 -0.074247 0.069677
v -0.097793 -0.069459 0.073393
v -0.113274 -0.062687 0.068138
v -0.102327 -0.057898 0.071854
v -0.102327 -0.074247 0.071854
v -0.108740 -0.057898 0.069677
v -0.097793 -0.062687 0.073393
v -0.113274 -0.069459 0.068138
v -0.107289 -0.070028 0.070841
v -0.101992 -0.067711 0.072638
v -0.109483 -0.064434 0.070096
v -0.104186 -0.062118 0.071894
v -0.104186 -0.070028 0.071894
v -0.107289 -0.062118 0.070841
v -0.101992 -0.064434 0.072638
v -0.109483 -0.067711 0.070096
v -0.109829 -0.061777 0.070058
v -0.105762 -0.059998 0.071439
v -0.101694 -0.061777 0.072819
v -0.100010 -0.066073 0.073391
v -0.109829 -0.070368 0.070058
v -0.111514 -0.066073 0.069486
v -0.105762 -0.072147 0.071439
v -0.101694 -0.070368 0.072819
v -0.107876 -0.066073 0.066927
v -0.106919 -0.063632 0.067252
v -0.104607 -0.062620 0.068037
v -0.102296 -0.063632 0.068821
v -0.102296 -0.068514 0.068821
v -0.104607 -0.069525 0.068037
v -0.101338 -0.066073 0.069146
v -0.106919 -0.068514 0.067252
v -0.105780 -0.066868 0.077892
v -0.109676 -0.065277 0.076569
v -0.106908 -0.064126 0.077502
v -0.108543 -0.068019 0.076947
v -0.108542 -0.064126 0.076947
v -0.105779 -0.065277 0.077893
v -0.109678 -0.066868 0.076569
v -0.106910 -0.068019 0.077501
v -0.107641 -0.075396 0.076975
v -0.104061 -0.075132 0.078338
v -0.101316 -0.072648 0.079123
v -0.104174 -0.074516 0.077701
v -0.116564 -0.066073 0.073946
v -0.116406 -0.069811 0.074147
v -0.113967 -0.072648 0.074828
v -0.115535 -0.069567 0.073845
v -0.098719 -0.066073 0.080004
v -0.098966 -0.062334 0.080067
v -0.101316 -0.059497 0.079123
v -0.099473 -0.062579 0.079297
v -0.107641 -0.056749 0.076975
v -0.111311 -0.057013 0.075877
v -0.113967 -0.059497 0.074828
v -0.110834 -0.057629 0.075441
v -0.111311 -0.075132 0.075877
v -0.110834 -0.074516 0.075441
v -0.104061 -0.057013 0.078338
v -0.104174 -0.057629 0.077701
v -0.116406 -0.062334 0.074147
v -0.115535 -0.062579 0.073845
v -0.098966 -0.069811 0.080067
v -0.099473 -0.069567 0.079297
v -0.106834 -0.074688 0.074596
v -0.103802 -0.074222 0.076107
v -0.101139 -0.072180 0.076527
v -0.103946 -0.073294 0.075266
v -0.114905 -0.066073 0.071847
v -0.114662 -0.069452 0.072418
v -0.112528 -0.072180 0.072662
v -0.113503 -0.069071 0.072017
v -0.098757 -0.066073 0.077329
v -0.099297 -0.062694 0.077634
v -0.101139 -0.059965 0.076528
v -0.099973 -0.063074 0.076610
v -0.106834 -0.057457 0.074596
v -0.110159 -0.057923 0.073949
v -0.112527 -0.059965 0.072662
v -0.109533 -0.058851 0.073370
v -0.110159 -0.074222 0.073949
v -0.109535 -0.073294 0.073369
v -0.103801 -0.057923 0.076107
v -0.103944 -0.058851 0.075267
v -0.114662 -0.062694 0.072418
v -0.113501 -0.063074 0.072017
v -0.099297 -0.069452 0.077634
v -0.099974 -0.069071 0.076609
v -0.106556 -0.069655 0.073775
v -0.104846 -0.070096 0.074285
v -0.104017 -0.068575 0.074651
v -0.110119 -0.066073 0.072584
v -0.110570 -0.067717 0.072358
v -0.109105 -0.068575 0.072924
v -0.103002 -0.066073 0.075000
v -0.102507 -0.064428 0.075095
v -0.104014 -0.063570 0.074653
v -0.106554 -0.062490 0.073776
v -0.108221 -0.062049 0.073139
v -0.109102 -0.063570 0.072925
v -0.108225 -0.070096 0.073138
v -0.104843 -0.062049 0.074286
v -0.110566 -0.064428 0.072359
v -0.102510 -0.067717 0.075093
v -0.092985 -0.060507 0.075604
v -0.118434 -0.071639 0.066965
v -0.100438 -0.079511 0.073072
v -0.110980 -0.052635 0.069496
v -0.100439 -0.052635 0.073074
v -0.110980 -0.079511 0.069494
v -0.118434 -0.060507 0.066965
v -0.092985 -0.071639 0.075604
v -0.093216 -0.071215 0.073101
v -0.109841 -0.053658 0.067457
v -0.093216 -0.060930 0.073101
v -0.116727 -0.060930 0.065120
v -0.109841 -0.078487 0.067457
v -0.100102 -0.078487 0.070763
v -0.116727 -0.071215 0.065120
v -0.100102 -0.053658 0.070763
v -0.119428 -0.060507 0.069893
v -0.093979 -0.071639 0.078532
v -0.111974 -0.079511 0.072422
v -0.101433 -0.052635 0.076002
v -0.111974 -0.052635 0.072424
v -0.101432 -0.079511 0.076000
v -0.093979 -0.060507 0.078532
v -0.119428 -0.071639 0.069893
v -0.119202 -0.071215 0.072391
v -0.102568 -0.053657 0.078037
v -0.119202 -0.060930 0.072391
v -0.095679 -0.060930 0.080376
v -0.102568 -0.078489 0.078037
v -0.112313 -0.078489 0.074730
v -0.095679 -0.071215 0.080376
v -0.112313 -0.053657 0.074730
v -0.107961 -0.060467 0.070692
v -0.100454 -0.063751 0.073241
v -0.111070 -0.068395 0.069637
v -0.107961 -0.071678 0.070692
v -0.100454 -0.068395 0.073241
v -0.111070 -0.063751 0.069637
v -0.103563 -0.060467 0.072185
v -0.103563 -0.071678 0.072185
v -0.107628 -0.064751 0.067011
v -0.103356 -0.062883 0.068462
v -0.103356 -0.069263 0.068462
v -0.105858 -0.062883 0.067612
v -0.101586 -0.064751 0.069062
v -0.107628 -0.067394 0.067011
v -0.105858 -0.069263 0.067612
v -0.101586 -0.067394 0.069062
v -0.109230 -0.064593 0.076718
v -0.107724 -0.063955 0.077221
v -0.106222 -0.064593 0.077740
v -0.105625 -0.066073 0.077945
v -0.109232 -0.067552 0.076718
v -0.109832 -0.066073 0.076517
v -0.106224 -0.067552 0.077739
v -0.107725 -0.068191 0.077221
v -0.104218 -0.074669 0.078137
v -0.115883 -0.069623 0.074178
v -0.099400 -0.062522 0.079773
v -0.111065 -0.057477 0.075813
v -0.111065 -0.074669 0.075813
v -0.104218 -0.057477 0.078137
v -0.115883 -0.062522 0.074178
v -0.099400 -0.069623 0.079773
v -0.103759 -0.074030 0.075640
v -0.114276 -0.069378 0.072064
v -0.099387 -0.062768 0.077118
v -0.109908 -0.058115 0.073553
v -0.109909 -0.074030 0.073552
v -0.103759 -0.058115 0.075640
v -0.114276 -0.062768 0.072064
v -0.099388 -0.069378 0.077117
v -0.105176 -0.069365 0.074248
v -0.109858 -0.067419 0.072672
v -0.103263 -0.064727 0.074911
v -0.107937 -0.062780 0.073311
v -0.107940 -0.069365 0.073311
v -0.105174 -0.062780 0.074250
v -0.109856 -0.064727 0.072673
v -0.103265 -0.067419 0.074910
v 0.099571 -0.072927 0.068535
v 0.099571 -0.059218 0.068535
v 0.113280 -0.059218 0.068535
v 0.113280 -0.072927 0.068535
v 0.106426 -0.075766 0.068535
v 0.106426 -0.056379 0.068535
v 0.096732 -0.066073 0.068535
v 0.116119 -0.066073 0.068535
v 0.100162 -0.072336 0.070618
v 0.100162 -0.059809 0.070618
v 0.112689 -0.059809 0.070618
v 0.112689 -0.072336 0.070618
v 0.106426 -0.074931 0.070618
v 0.106426 -0.057214 0.070618
v 0.097567 -0.066073 0.070618
v 0.115284 -0.066073 0.070618
v 0.103395 -0.069103 0.071253
v 0.103395 -0.063042 0.071253
v 0.109456 -0.063042 0.071253
v 0.109456 -0.069103 0.071253
v 0.106426 -0.070359 0.071253
v 0.106426 -0.061787 0.071253
v 0.102140 -0.066073 0.071253
v 0.110712 -0.066073 0.071253
v 0.106426 -0.066073 0.068571
v 0.113498 -0.072999 0.077316
v 0.112928 -0.072539 0.076749
v 0.113498 -0.059147 0.077316
v 0.112928 -0.059607 0.076749
v 0.099354 -0.059147 0.077316
v 0.099923 -0.059607 0.076749
v 0.099354 -0.072999 0.077316
v 0.099923 -0.072539 0.076749
v 0.106426 -0.075225 0.076749
v 0.106426 -0.075901 0.077316
v 0.106426 -0.056920 0.076749
v 0.106426 -0.056244 0.077316
v 0.115613 -0.066073 0.076749
v 0.116393 -0.066073 0.077316
v 0.097239 -0.066073 0.076749
v 0.096459 -0.066073 0.077316
v 0.112638 -0.072321 0.075119
v 0.111892 -0.071614 0.074370
v 0.112638 -0.059824 0.075119
v 0.111889 -0.060531 0.074370
v 0.100213 -0.059824 0.075119
v 0.100960 -0.060531 0.074370
v 0.100213 -0.072321 0.075119
v 0.100962 -0.071614 0.074370
v 0.106426 -0.073892 0.074368
v 0.106426 -0.074901 0.075120
v 0.106425 -0.058253 0.074368
v 0.106426 -0.057245 0.075120
v 0.114173 -0.066073 0.074361
v 0.115220 -0.066073 0.075117
v 0.098679 -0.066073 0.074361
v 0.097631 -0.066073 0.075117
v 0.109713 -0.069131 0.073741
v 0.109708 -0.063015 0.073741
v 0.103139 -0.063015 0.073741
v 0.103144 -0.069131 0.073741
v 0.106427 -0.070451 0.073723
v 0.106424 -0.061695 0.073723
v 0.111020 -0.066073 0.073745
v 0.101832 -0.066073 0.073745
v 0.092973 -0.066073 0.068870
v 0.096913 -0.075585 0.068870
v 0.115938 -0.056560 0.068870
v 0.106426 -0.052620 0.068870
v 0.096913 -0.056560 0.068870
v 0.119879 -0.066073 0.068870
v 0.106426 -0.079526 0.068870
v 0.115938 -0.075585 0.068870
v 0.106426 -0.080634 0.071164
v 0.116722 -0.076369 0.074258
v 0.096129 -0.076369 0.074258
v 0.119885 -0.066073 0.076551
v 0.115944 -0.075586 0.076551
v 0.096908 -0.056559 0.076551
v 0.106426 -0.052618 0.076551
v 0.115943 -0.056559 0.076551
v 0.092967 -0.066073 0.076551
v 0.106426 -0.079527 0.076551
v 0.096908 -0.075586 0.076551
v 0.116722 -0.055776 0.074259
v 0.096129 -0.055776 0.074259
v 0.106426 -0.051511 0.074259
v 0.091864 -0.066073 0.074259
v 0.120988 -0.066073 0.074259
v 0.096129 -0.076369 0.071166
v 0.116722 -0.076369 0.071166
v 0.096129 -0.055776 0.071167
v 0.116722 -0.055776 0.071167
v 0.106426 -0.051511 0.071167
v 0.120987 -0.066073 0.071167
v 0.091864 -0.066073 0.071167
v 0.106426 -0.080634 0.074256
v 0.110131 -0.075018 0.068535
v 0.097480 -0.069778 0.068535
v 0.115371 -0.062367 0.068535
v 0.102720 -0.057127 0.068535
v 0.102720 -0.075018 0.068535
v 0.110131 -0.057127 0.068535
v 0.097480 -0.062367 0.068535
v 0.115371 -0.069778 0.068535
v 0.109812 -0.074247 0.070618
v 0.098251 -0.069459 0.070618
v 0.114600 -0.062687 0.070618
v 0.103040 -0.057898 0.070618
v 0.103040 -0.074247 0.070618
v 0.109812 -0.057898 0.070618
v 0.098251 -0.062687 0.070618
v 0.114600 -0.069459 0.070618
v 0.108064 -0.070028 0.071253
v 0.102471 -0.067711 0.071253
v 0.110381 -0.064434 0.071253
v 0.104787 -0.062118 0.071253
v 0.104787 -0.070028 0.071253
v 0.108064 -0.062118 0.071253
v 0.102471 -0.064434 0.071253
v 0.110381 -0.067711 0.071253
v 0.110721 -0.061777 0.071329
v 0.106426 -0.059998 0.071329
v 0.102130 -0.061777 0.071329
v 0.100351 -0.066073 0.071329
v 0.110721 -0.070368 0.071329
v 0.112500 -0.066073 0.071329
v 0.106426 -0.072147 0.071329
v 0.102130 -0.070368 0.071329
v 0.109878 -0.066073 0.067736
v 0.108867 -0.063632 0.067736
v 0.106426 -0.062620 0.067736
v 0.103985 -0.063632 0.067736
v 0.103985 -0.068514 0.067736
v 0.106426 -0.069525 0.067736
v 0.102973 -0.066073 0.067736
v 0.108867 -0.068514 0.067736
v 0.104369 -0.066868 0.077446
v 0.108483 -0.065277 0.077446
v 0.105562 -0.064126 0.077439
v 0.107289 -0.068019 0.077439
v 0.107288 -0.064126 0.077438
v 0.104367 -0.065277 0.077446
v 0.108484 -0.066868 0.077446
v 0.105564 -0.068019 0.077438
v 0.106426 -0.075396 0.077176
v 0.102597 -0.075132 0.077316
v 0.099745 -0.072648 0.077176
v 0.102909 -0.074516 0.076749
v 0.115849 -0.066073 0.077176
v 0.115634 -0.069811 0.077316
v 0.113106 -0.072648 0.077176
v 0.114907 -0.069567 0.076749
v 0.097003 -0.066073 0.077176
v 0.097217 -0.062334 0.077316
v 0.099745 -0.059497 0.077176
v 0.097945 -0.062579 0.076749
v 0.106426 -0.056749 0.077176
v 0.110254 -0.057013 0.077316
v 0.113106 -0.059497 0.077176
v 0.109942 -0.057629 0.076749
v 0.110254 -0.075132 0.077316
v 0.109942 -0.074516 0.076749
v 0.102597 -0.057013 0.077316
v 0.102909 -0.057629 0.076749
v 0.115634 -0.062334 0.077316
v 0.114907 -0.062579 0.076749
v 0.097217 -0.069811 0.077316
v 0.097945 -0.069567 0.076749
v 0.106426 -0.074688 0.074664
v 0.103069 -0.074222 0.075120
v 0.100413 -0.072180 0.074662
v 0.103476 -0.073294 0.074370
v 0.114952 -0.066073 0.074655
v 0.114539 -0.069452 0.075117
v 0.112440 -0.072180 0.074662
v 0.113570 -0.069071 0.074365
v 0.097899 -0.066073 0.074655
v 0.098313 -0.062694 0.075118
v 0.100412 -0.059965 0.074662
v 0.099282 -0.063074 0.074365
v 0.106426 -0.057457 0.074664
v 0.109783 -0.057923 0.075120
v 0.112439 -0.059965 0.074662
v 0.109376 -0.058851 0.074370
v 0.109783 -0.074222 0.075120
v 0.109378 -0.073294 0.074370
v 0.103069 -0.057923 0.075120
v 0.103474 -0.058851 0.074370
v 0.114538 -0.062694 0.075117
v 0.113568 -0.063074 0.074365
v 0.098313 -0.069452 0.075117
v 0.099283 -0.069071 0.074365
v 0.106427 -0.069655 0.073797
v 0.104644 -0.070096 0.073730
v 0.103741 -0.068575 0.073810
v 0.110184 -0.066073 0.073814
v 0.110683 -0.067717 0.073745
v 0.109114 -0.068575 0.073810
v 0.102668 -0.066073 0.073814
v 0.102169 -0.064428 0.073745
v 0.103737 -0.063570 0.073810
v 0.106425 -0.062490 0.073797
v 0.108208 -0.062049 0.073730
v 0.109111 -0.063570 0.073810
v 0.108211 -0.070096 0.073730
v 0.104640 -0.062049 0.073730
v 0.110679 -0.064428 0.073745
v 0.102172 -0.067717 0.073745
v 0.092988 -0.060507 0.071167
v 0.119864 -0.071639 0.071167
v 0.100860 -0.079511 0.071165
v 0.111992 -0.052635 0.071167
v 0.100860 -0.052635 0.071167
v 0.111992 -0.079511 0.071165
v 0.119864 -0.060507 0.071167
v 0.092988 -0.071639 0.071167
v 0.094011 -0.071215 0.068870
v 0.111568 -0.053658 0.068870
v 0.094011 -0.060930 0.068870
v 0.118840 -0.060930 0.068870
v 0.111568 -0.078487 0.068870
v 0.101283 -0.078487 0.068870
v 0.118840 -0.071215 0.068870
v 0.101283 -0.053658 0.068870
v 0.119864 -0.060507 0.074259
v 0.092988 -0.071639 0.074259
v 0.111992 -0.079511 0.074257
v 0.100860 -0.052635 0.074259
v 0.111992 -0.052635 0.074259
v 0.100860 -0.079511 0.074257
v 0.092988 -0.060507 0.074259
v 0.119864 -0.071639 0.074259
v 0.118846 -0.071215 0.076551
v 0.101281 -0.053657 0.076551
v 0.118846 -0.060930 0.076551
v 0.094005 -0.060930 0.076551
v 0.101281 -0.078489 0.076551
v 0.111571 -0.078489 0.076551
v 0.094005 -0.071215 0.076551
v 0.111571 -0.053657 0.076551
v 0.108748 -0.060467 0.071329
v 0.100820 -0.063751 0.071329
v 0.112031 -0.068395 0.071329
v 0.108748 -0.071678 0.071329
v 0.100820 -0.068395 0.071329
v 0.112031 -0.063751 0.071329
v 0.104104 -0.060467 0.071329
v 0.104104 -0.071678 0.071329
v 0.109616 -0.064751 0.067736
v 0.105104 -0.062883 0.067736
v 0.105104 -0.069263 0.067736
v 0.107747 -0.062883 0.067736
v 0.103236 -0.064751 0.067736
v 0.109616 -0.067394 0.067736
v 0.107747 -0.069263 0.067736
v 0.103236 -0.067394 0.067736
v 0.108013 -0.064593 0.077443
v 0.106425 -0.063955 0.077436
v 0.104836 -0.064593 0.077444
v 0.104204 -0.066073 0.077446
v 0.108015 -0.067552 0.077444
v 0.108647 -0.066073 0.077446
v 0.104838 -0.067552 0.077443
v 0.106426 -0.068191 0.077436
v 0.102811 -0.074669 0.077176
v 0.115129 -0.069623 0.077176
v 0.097722 -0.062522 0.077176
v 0.110041 -0.057477 0.077176
v 0.110041 -0.074669 0.077176
v 0.102811 -0.057477 0.077176
v 0.115129 -0.062522 0.077176
v 0.097722 -0.069623 0.077176
v 0.103179 -0.074030 0.074664
v 0.114287 -0.069378 0.074658
v 0.098564 -0.062768 0.074658
v 0.109672 -0.058115 0.074664
v 0.109673 -0.074030 0.074664
v 0.103178 -0.058115 0.074664
v 0.114287 -0.062768 0.074658
v 0.098565 -0.069378 0.074658
v 0.104968 -0.069365 0.073801
v 0.109908 -0.067419 0.073814
v 0.102943 -0.064727 0.073814
v 0.107884 -0.062780 0.073801
v 0.107886 -0.069365 0.073802
v 0.104965 -0.062780 0.073802
v 0.109906 -0.064727 0.073814
v 0.102946 -0.067419 0.073814
v -0.102133 -0.072927 -0.066171
v -0.102133 -0.059218 -0.066171
v -0.114662 -0.059218 -0.071734
v -0.114662 -0.072927 -0.071734
v -0.108398 -0.075766 -0.068953
v -0.108398 -0.056379 -0.068953
v -0.099538 -0.066073 -0.065019
v -0.117257 -0.066073 -0.072887
v -0.101827 -0.072336 -0.068315
v -0.101827 -0.059809 -0.068315
v -0.113277 -0.059809 -0.073399
v -0.113277 -0.072336 -0.073399
v -0.107552 -0.074931 -0.070857
v -0.107552 -0.057214 -0.070857
v -0.099456 -0.066073 -0.067262
v -0.115648 -0.066073 -0.074452
v -0.104525 -0.069103 -0.070208
v -0.104525 -0.063042 -0.070208
v -0.110064 -0.063042 -0.072668
v -0.110064 -0.069103 -0.072668
v -0.107294 -0.070359 -0.071438
v -0.107294 -0.061787 -0.071438
v -0.103377 -0.066073 -0.069698
v -0.111212 -0.066073 -0.073177
v -0.106426 -0.066073 -0.068571
v -0.111298 -0.072999 -0.079848
v -0.111007 -0.072539 -0.079099
v -0.111298 -0.059147 -0.079848
v -0.111007 -0.059607 -0.079099
v -0.098371 -0.059147 -0.074108
v -0.099121 -0.059607 -0.073821
v -0.098371 -0.072999 -0.074108
v -0.099121 -0.072539 -0.073821
v -0.105064 -0.075225 -0.076460
v -0.104834 -0.075901 -0.076978
v -0.105064 -0.056920 -0.076460
v -0.104834 -0.056244 -0.076978
v -0.113461 -0.066073 -0.080188
v -0.113944 -0.066073 -0.081023
v -0.096668 -0.066073 -0.072732
v -0.095725 -0.066073 -0.072933
v -0.111404 -0.072321 -0.077492
v -0.111025 -0.071614 -0.076504
v -0.111404 -0.059824 -0.077492
v -0.111023 -0.060531 -0.076503
v -0.100048 -0.059824 -0.072449
v -0.101034 -0.060531 -0.072068
v -0.100048 -0.072321 -0.072449
v -0.101036 -0.071614 -0.072068
v -0.106031 -0.073892 -0.074285
v -0.105726 -0.074901 -0.074971
v -0.106030 -0.058253 -0.074284
v -0.105725 -0.057245 -0.074971
v -0.113114 -0.066073 -0.077422
v -0.113764 -0.066073 -0.078537
v -0.098953 -0.066073 -0.071134
v -0.097689 -0.066073 -0.071399
v -0.109289 -0.069131 -0.075045
v -0.109285 -0.063015 -0.075043
v -0.103281 -0.063015 -0.072378
v -0.103286 -0.069131 -0.072379
v -0.106293 -0.070451 -0.073695
v -0.106291 -0.061695 -0.073694
v -0.110482 -0.066073 -0.075579
v -0.102085 -0.066073 -0.071850
v -0.095966 -0.066073 -0.063800
v -0.099567 -0.075585 -0.065399
v -0.116956 -0.056560 -0.073120
v -0.108262 -0.052620 -0.069259
v -0.099567 -0.056560 -0.065399
v -0.120557 -0.066073 -0.074719
v -0.108262 -0.079526 -0.069259
v -0.116956 -0.075585 -0.073120
v -0.107331 -0.080634 -0.071356
v -0.115486 -0.076369 -0.078362
v -0.096664 -0.076369 -0.070005
v -0.117446 -0.066073 -0.081741
v -0.113843 -0.075586 -0.080142
v -0.096446 -0.056559 -0.072417
v -0.105145 -0.052618 -0.076279
v -0.113843 -0.056559 -0.080142
v -0.092844 -0.066073 -0.070817
v -0.105145 -0.079527 -0.076279
v -0.096446 -0.075586 -0.072417
v -0.115486 -0.055776 -0.078363
v -0.096664 -0.055776 -0.070006
v -0.106075 -0.051511 -0.074184
v -0.092766 -0.066073 -0.068275
v -0.119384 -0.066073 -0.080094
v -0.097919 -0.076369 -0.067179
v -0.116741 -0.076369 -0.075536
v -0.097919 -0.055776 -0.067180
v -0.116740 -0.055776 -0.075537
v -0.107330 -0.051511 -0.071358
v -0.120638 -0.066073 -0.077268
v -0.094021 -0.066073 -0.065449
v -0.106076 -0.080634 -0.074182
v -0.111784 -0.075018 -0.070456
v -0.100222 -0.069778 -0.065323
v -0.116574 -0.062367 -0.072583
v -0.105011 -0.057127 -0.067449
v -0.105011 -0.075018 -0.067449
v -0.111784 -0.057127 -0.070456
v -0.100222 -0.062367 -0.065323
v -0.116574 -0.069778 -0.072583
v -0.110647 -0.074247 -0.072231
v -0.100081 -0.069459 -0.067540
v -0.115023 -0.062687 -0.074174
v -0.104458 -0.057898 -0.069483
v -0.104458 -0.074247 -0.069483
v -0.110647 -0.057898 -0.072231
v -0.100081 -0.062687 -0.067540
v -0.115023 -0.069459 -0.074174
v -0.108792 -0.070028 -0.072102
v -0.103680 -0.067711 -0.069833
v -0.110909 -0.064434 -0.073043
v -0.105797 -0.062118 -0.070773
v -0.105797 -0.070028 -0.070773
v -0.108792 -0.062118 -0.072102
v -0.103680 -0.064434 -0.069833
v -0.110909 -0.067711 -0.073043
v -0.111190 -0.061777 -0.073250
v -0.107264 -0.059998 -0.071507
v -0.103338 -0.061777 -0.069763
v -0.101712 -0.066073 -0.069041
v -0.111190 -0.070368 -0.073250
v -0.112816 -0.066073 -0.073972
v -0.107264 -0.072147 -0.071507
v -0.103338 -0.070368 -0.069763
v -0.111877 -0.066073 -0.069624
v -0.110953 -0.063632 -0.069214
v -0.108722 -0.062620 -0.068223
v -0.106491 -0.063632 -0.067233
v -0.106491 -0.068514 -0.067233
v -0.108722 -0.069525 -0.068223
v -0.105567 -0.066073 -0.066822
v -0.110953 -0.068514 -0.069214
v -0.102901 -0.066868 -0.076262
v -0.106662 -0.065277 -0.077932
v -0.103995 -0.064126 -0.076740
v -0.105573 -0.068019 -0.077441
v -0.105572 -0.064126 -0.077440
v -0.102900 -0.065277 -0.076262
v -0.106663 -0.066868 -0.077933
v -0.103997 -0.068019 -0.076741
v -0.104891 -0.075396 -0.076851
v -0.101335 -0.075132 -0.075424
v -0.098786 -0.072648 -0.074139
v -0.101851 -0.074516 -0.075033
v -0.113503 -0.066073 -0.080674
v -0.113251 -0.069811 -0.080715
v -0.110996 -0.072648 -0.079561
v -0.112815 -0.069567 -0.079902
v -0.096279 -0.066073 -0.073026
v -0.096418 -0.062334 -0.073241
v -0.098786 -0.059497 -0.074139
v -0.097313 -0.062579 -0.073018
v -0.104891 -0.056749 -0.076851
v -0.108333 -0.057013 -0.078532
v -0.110996 -0.059497 -0.079561
v -0.108278 -0.057629 -0.077887
v -0.108333 -0.075132 -0.078532
v -0.108278 -0.074516 -0.077887
v -0.101335 -0.057013 -0.075424
v -0.101851 -0.057629 -0.075033
v -0.113251 -0.062334 -0.080715
v -0.112815 -0.062579 -0.079902
v -0.096418 -0.069811 -0.073241
v -0.097313 -0.069567 -0.073018
v -0.105911 -0.074688 -0.074554
v -0.102657 -0.074222 -0.073609
v -0.100416 -0.072180 -0.072113
v -0.103333 -0.073294 -0.073088
v -0.113707 -0.066073 -0.078007
v -0.113141 -0.069452 -0.078262
v -0.111408 -0.072180 -0.076993
v -0.112561 -0.069071 -0.077180
v -0.098121 -0.066073 -0.071086
v -0.098311 -0.062694 -0.071677
v -0.100415 -0.059965 -0.072112
v -0.099503 -0.063074 -0.071382
v -0.105910 -0.057457 -0.074554
v -0.108794 -0.057923 -0.076333
v -0.111407 -0.059965 -0.076993
v -0.108726 -0.058851 -0.075483
v -0.108794 -0.074222 -0.076333
v -0.108728 -0.073294 -0.075484
v -0.102657 -0.057923 -0.073609
v -0.103332 -0.058851 -0.073088
v -0.113141 -0.062694 -0.078261
v -0.112560 -0.063074 -0.077180
v -0.098312 -0.069452 -0.071677
v -0.099504 -0.069071 -0.071383
v -0.106263 -0.069655 -0.073762
v -0.104661 -0.070096 -0.072978
v -0.103803 -0.068575 -0.072684
v -0.109690 -0.066073 -0.075303
v -0.110174 -0.067717 -0.075443
v -0.108714 -0.068575 -0.074866
v -0.102821 -0.066073 -0.072253
v -0.102392 -0.064428 -0.071987
v -0.103800 -0.063570 -0.072683
v -0.106262 -0.062490 -0.073762
v -0.107918 -0.062049 -0.074424
v -0.108711 -0.063570 -0.074864
v -0.107921 -0.070096 -0.074426
v -0.104657 -0.062049 -0.072977
v -0.110171 -0.064428 -0.075441
v -0.102396 -0.067717 -0.071988
v -0.095048 -0.060507 -0.065905
v -0.119611 -0.071639 -0.076812
v -0.102243 -0.079511 -0.069098
v -0.112417 -0.052635 -0.073617
v -0.102242 -0.052635 -0.069099
v -0.112418 -0.079511 -0.073615
v -0.119611 -0.060507 -0.076812
v -0.095048 -0.071639 -0.065905
v -0.096915 -0.071215 -0.064221
v -0.112961 -0.053658 -0.071346
v -0.096915 -0.060930 -0.064221
v -0.119608 -0.060930 -0.074298
v -0.112961 -0.078487 -0.071346
v -0.103562 -0.078487 -0.067173
v -0.119608 -0.071215 -0.074298
v -0.103562 -0.053658 -0.067173
v -0.118356 -0.060507 -0.079638
v -0.093793 -0.071639 -0.068731
v -0.111163 -0.079511 -0.076441
v -0.100988 -0.052635 -0.071925
v -0.111162 -0.052635 -0.076443
v -0.100989 -0.079511 -0.071923
v -0.093793 -0.060507 -0.068731
v -0.118356 -0.071639 -0.079637
v -0.116496 -0.071215 -0.081320
v -0.100442 -0.053657 -0.074191
v -0.116496 -0.060930 -0.081320
v -0.093793 -0.060930 -0.071239
v -0.100442 -0.078489 -0.074191
v -0.109847 -0.078489 -0.078367
v -0.093793 -0.071215 -0.071239
v -0.109847 -0.053657 -0.078367
v -0.109386 -0.060467 -0.072449
v -0.102140 -0.063751 -0.069232
v -0.112387 -0.068395 -0.073782
v -0.109386 -0.071678 -0.072449
v -0.102140 -0.068395 -0.069232
v -0.112387 -0.063751 -0.073782
v -0.105142 -0.060467 -0.070564
v -0.105142 -0.071678 -0.070564
v -0.111637 -0.064751 -0.069518
v -0.107514 -0.062883 -0.067687
v -0.107514 -0.069263 -0.067687
v -0.109929 -0.062883 -0.068760
v -0.105806 -0.064751 -0.066929
v -0.111637 -0.067394 -0.069518
v -0.109929 -0.069263 -0.068760
v -0.105806 -0.067394 -0.066929
v -0.106233 -0.064593 -0.077739
v -0.104785 -0.063955 -0.077088
v -0.103330 -0.064593 -0.076450
v -0.102751 -0.066073 -0.076196
v -0.106235 -0.067552 -0.077740
v -0.106812 -0.066073 -0.077999
v -0.103332 -0.067552 -0.076451
v -0.104786 -0.068191 -0.077088
v -0.101587 -0.074669 -0.075383
v -0.112845 -0.069623 -0.080382
v -0.096937 -0.062522 -0.073318
v -0.108195 -0.057477 -0.078318
v -0.108195 -0.074669 -0.078318
v -0.101587 -0.057477 -0.075383
v -0.112845 -0.062522 -0.080382
v -0.096937 -0.069623 -0.073318
v -0.102943 -0.074030 -0.073237
v -0.113098 -0.069378 -0.077739
v -0.098728 -0.062768 -0.071359
v -0.108878 -0.058115 -0.075872
v -0.108879 -0.074030 -0.075872
v -0.102943 -0.058115 -0.073237
v -0.113098 -0.062768 -0.077739
v -0.098728 -0.069378 -0.071359
v -0.104928 -0.069365 -0.073175
v -0.109438 -0.067419 -0.075191
v -0.103073 -0.064727 -0.072365
v -0.107593 -0.062780 -0.074358
v -0.107595 -0.069365 -0.074359
v -0.104926 -0.062780 -0.073174
v -0.109436 -0.064727 -0.075190
v -0.103075 -0.067419 -0.072365
v 0.107614 -0.072927 -0.081712
v 0.107614 -0.059218 -0.081712
v 0.098184 -0.059218 -0.071762
v 0.098184 -0.072927 -0.071762
v 0.102899 -0.075766 -0.076737
v 0.102899 -0.056379 -0.076737
v 0.109567 -0.066073 -0.083773
v 0.096230 -0.066073 -0.069701
v 0.108720 -0.072336 -0.079850
v 0.108720 -0.059809 -0.079850
v 0.100102 -0.059809 -0.070757
v 0.100102 -0.072336 -0.070757
v 0.104411 -0.074931 -0.075304
v 0.104411 -0.057214 -0.075304
v 0.110505 -0.066073 -0.081733
v 0.098317 -0.066073 -0.068874
v 0.106957 -0.069103 -0.077066
v 0.106957 -0.063042 -0.077066
v 0.102787 -0.063042 -0.072667
v 0.102787 -0.069103 -0.072667
v 0.104872 -0.070359 -0.074867
v 0.104872 -0.061787 -0.074867
v 0.107820 -0.066073 -0.077977
v 0.101924 -0.066073 -0.071756
v 0.106426 -0.066073 -0.068571
v 0.104407 -0.072999 -0.065564
v 0.104388 -0.072539 -0.066367
v 0.104407 -0.059147 -0.065564
v 0.104388 -0.059607 -0.066367
v 0.114137 -0.059147 -0.075829
v 0.113334 -0.059607 -0.075806
v 0.114137 -0.072999 -0.075829
v 0.113334 -0.072539 -0.075806
v 0.108861 -0.075225 -0.071086
v 0.109272 -0.075901 -0.070696
v 0.108861 -0.056920 -0.071086
v 0.109272 -0.056244 -0.070696
v 0.102541 -0.066073 -0.064418
v 0.102415 -0.066073 -0.063462
v 0.115180 -0.066073 -0.077754
v 0.116128 -0.066073 -0.077931
v 0.103404 -0.072321 -0.067698
v 0.103374 -0.071614 -0.068756
v 0.103404 -0.059824 -0.067698
v 0.103375 -0.060531 -0.068757
v 0.111951 -0.059824 -0.076717
v 0.110894 -0.060531 -0.076690
v 0.111951 -0.072321 -0.076716
v 0.110892 -0.071614 -0.076688
v 0.107132 -0.073892 -0.072723
v 0.107678 -0.074901 -0.072207
v 0.107133 -0.058253 -0.072724
v 0.107678 -0.057245 -0.072207
v 0.101798 -0.066073 -0.067106
v 0.101626 -0.066073 -0.065826
v 0.112457 -0.066073 -0.078352
v 0.113726 -0.066073 -0.078592
v 0.104417 -0.069131 -0.070769
v 0.104419 -0.063015 -0.070774
v 0.108939 -0.063015 -0.075541
v 0.108935 -0.069131 -0.075538
v 0.106664 -0.070451 -0.073167
v 0.106665 -0.061695 -0.073169
v 0.103520 -0.066073 -0.069819
v 0.109840 -0.066073 -0.076487
v 0.112397 -0.066073 -0.086270
v 0.109686 -0.075585 -0.083410
v 0.096599 -0.056560 -0.069602
v 0.103142 -0.052620 -0.076506
v 0.109686 -0.056560 -0.083410
v 0.093888 -0.066073 -0.066742
v 0.103142 -0.079526 -0.076506
v 0.096598 -0.075585 -0.069602
v 0.104807 -0.080634 -0.074928
v 0.099970 -0.076369 -0.065326
v 0.114136 -0.076369 -0.080273
v 0.099458 -0.066073 -0.061454
v 0.102170 -0.075586 -0.064314
v 0.115264 -0.056559 -0.078130
v 0.108717 -0.052618 -0.071222
v 0.102170 -0.056559 -0.064314
v 0.117976 -0.066073 -0.080991
v 0.108717 -0.079527 -0.071222
v 0.115264 -0.075586 -0.078130
v 0.099970 -0.055776 -0.065326
v 0.114136 -0.055776 -0.080273
v 0.107053 -0.051511 -0.072799
v 0.117070 -0.066073 -0.083368
v 0.097036 -0.066073 -0.062230
v 0.111892 -0.076369 -0.082400
v 0.097725 -0.076369 -0.067453
v 0.111892 -0.055776 -0.082400
v 0.097726 -0.055776 -0.067453
v 0.104809 -0.051511 -0.074926
v 0.094792 -0.066073 -0.064357
v 0.114826 -0.066073 -0.085495
v 0.107051 -0.080634 -0.072801
v 0.100350 -0.075018 -0.074047
v 0.109052 -0.069778 -0.083230
v 0.096745 -0.062367 -0.070244
v 0.105448 -0.057127 -0.079426
v 0.105448 -0.075018 -0.079426
v 0.100350 -0.057127 -0.074047
v 0.109052 -0.062367 -0.083230
v 0.096745 -0.069778 -0.070244
v 0.102082 -0.074247 -0.072846
v 0.110034 -0.069459 -0.081237
v 0.098788 -0.062687 -0.069370
v 0.106740 -0.057898 -0.077761
v 0.106740 -0.074247 -0.077761
v 0.102082 -0.057898 -0.072846
v 0.110034 -0.062687 -0.081237
v 0.098788 -0.069459 -0.069370
v 0.103745 -0.070028 -0.073677
v 0.107593 -0.067711 -0.077737
v 0.102151 -0.064434 -0.071996
v 0.105999 -0.062118 -0.076056
v 0.105999 -0.070028 -0.076056
v 0.103745 -0.062118 -0.073677
v 0.107593 -0.064434 -0.077737
v 0.102151 -0.067711 -0.071996
v 0.101972 -0.061777 -0.071697
v 0.104927 -0.059998 -0.074815
v 0.107882 -0.061777 -0.077932
v 0.109106 -0.066073 -0.079224
v 0.101972 -0.070368 -0.071697
v 0.100748 -0.066073 -0.070406
v 0.104927 -0.072147 -0.074815
v 0.107882 -0.070368 -0.077932
v 0.099945 -0.066073 -0.074780
v 0.100640 -0.063632 -0.075514
v 0.102319 -0.062620 -0.077286
v 0.103999 -0.063632 -0.079058
v 0.103999 -0.068514 -0.079058
v 0.102319 -0.069525 -0.077286
v 0.104694 -0.066073 -0.079792
v 0.100640 -0.068514 -0.075514
v 0.110781 -0.066868 -0.072100
v 0.107951 -0.065277 -0.069114
v 0.109955 -0.064126 -0.071238
v 0.108767 -0.068019 -0.069985
v 0.108768 -0.064126 -0.069986
v 0.110783 -0.065277 -0.072101
v 0.107950 -0.066868 -0.069113
v 0.109954 -0.068019 -0.071237
v 0.109171 -0.075396 -0.070792
v 0.111906 -0.075132 -0.073475
v 0.113766 -0.072648 -0.075641
v 0.111280 -0.074516 -0.073638
v 0.102688 -0.066073 -0.063953
v 0.102937 -0.069811 -0.064013
v 0.104575 -0.072648 -0.065944
v 0.103026 -0.069567 -0.064931
v 0.115652 -0.066073 -0.077632
v 0.115607 -0.062334 -0.077380
v 0.113766 -0.059497 -0.075641
v 0.114694 -0.062579 -0.077242
v 0.109171 -0.056749 -0.070792
v 0.106638 -0.057013 -0.067918
v 0.104575 -0.059497 -0.065944
v 0.106442 -0.057629 -0.068534
v 0.106638 -0.075132 -0.067918
v 0.106442 -0.074516 -0.068534
v 0.111906 -0.057013 -0.073475
v 0.111280 -0.057629 -0.073638
v 0.102937 -0.062334 -0.064013
v 0.103026 -0.062579 -0.064931
v 0.115607 -0.069811 -0.077380
v 0.114694 -0.069567 -0.077242
v 0.107347 -0.074688 -0.072521
v 0.109987 -0.074222 -0.074643
v 0.111482 -0.072180 -0.076886
v 0.109163 -0.073294 -0.074864
v 0.101475 -0.066073 -0.066338
v 0.102096 -0.069452 -0.066320
v 0.103209 -0.072180 -0.068157
v 0.102216 -0.069071 -0.067541
v 0.113206 -0.066073 -0.078715
v 0.113258 -0.062694 -0.078097
v 0.111483 -0.059965 -0.076887
v 0.112045 -0.063074 -0.077911
v 0.107347 -0.057457 -0.072521
v 0.105369 -0.057923 -0.069771
v 0.103210 -0.059965 -0.068158
v 0.105104 -0.058851 -0.070582
v 0.105369 -0.074222 -0.069770
v 0.105103 -0.073294 -0.070580
v 0.109987 -0.057923 -0.074644
v 0.109165 -0.058851 -0.074865
v 0.102096 -0.062694 -0.066320
v 0.102217 -0.063074 -0.067542
v 0.113257 -0.069452 -0.078097
v 0.112044 -0.069071 -0.077910
v 0.106717 -0.069655 -0.073116
v 0.107895 -0.070096 -0.074456
v 0.108574 -0.068575 -0.075057
v 0.104146 -0.066073 -0.070377
v 0.103752 -0.067717 -0.070063
v 0.104878 -0.068575 -0.071156
v 0.109316 -0.066073 -0.075832
v 0.109609 -0.064428 -0.076242
v 0.108577 -0.063570 -0.075059
v 0.106718 -0.062490 -0.073118
v 0.105444 -0.062049 -0.071870
v 0.104880 -0.063570 -0.071159
v 0.105441 -0.070096 -0.071867
v 0.107898 -0.062049 -0.074459
v 0.103754 -0.064428 -0.070066
v 0.109606 -0.067717 -0.076240
v 0.114053 -0.060507 -0.084679
v 0.095565 -0.071639 -0.065173
v 0.108637 -0.079511 -0.078968
v 0.100980 -0.052635 -0.070886
v 0.108638 -0.052635 -0.078966
v 0.100979 -0.079511 -0.070888
v 0.095565 -0.060507 -0.065173
v 0.114053 -0.071639 -0.084680
v 0.111682 -0.071215 -0.085517
v 0.099605 -0.053658 -0.072774
v 0.111682 -0.060930 -0.085517
v 0.094602 -0.060930 -0.067495
v 0.099605 -0.078487 -0.072774
v 0.106680 -0.078487 -0.080238
v 0.094602 -0.071215 -0.067495
v 0.106680 -0.053658 -0.080238
v 0.097809 -0.060507 -0.063046
v 0.116297 -0.071639 -0.082553
v 0.103223 -0.079511 -0.068761
v 0.110882 -0.052635 -0.076839
v 0.103224 -0.052635 -0.068759
v 0.110881 -0.079511 -0.076841
v 0.116297 -0.060507 -0.082552
v 0.097809 -0.071639 -0.063046
v 0.100173 -0.071215 -0.062207
v 0.112256 -0.053657 -0.074957
v 0.100173 -0.060930 -0.062207
v 0.117261 -0.060930 -0.080237
v 0.112256 -0.078489 -0.074957
v 0.105178 -0.078489 -0.067488
v 0.117261 -0.071215 -0.080237
v 0.105178 -0.053657 -0.067488
v 0.103330 -0.060467 -0.073129
v 0.108783 -0.063751 -0.078883
v 0.101071 -0.068395 -0.070746
v 0.103330 -0.071678 -0.073129
v 0.108783 -0.068395 -0.078883
v 0.101071 -0.063751 -0.070746
v 0.106524 -0.060467 -0.076500
v 0.106524 -0.071678 -0.076500
v 0.100125 -0.064751 -0.074970
v 0.103228 -0.062883 -0.078245
v 0.103228 -0.069263 -0.078245
v 0.101410 -0.062883 -0.076327
v 0.104514 -0.064751 -0.079601
v 0.100125 -0.067394 -0.074970
v 0.101410 -0.069263 -0.076327
v 0.104514 -0.067394 -0.079601
v 0.108273 -0.064593 -0.069456
v 0.109359 -0.063955 -0.070614
v 0.110458 -0.064593 -0.071762
v 0.110895 -0.066073 -0.072219
v 0.108272 -0.067552 -0.069455
v 0.107838 -0.066073 -0.068994
v 0.110457 -0.067552 -0.071761
v 0.109359 -0.068191 -0.070613
v 0.111658 -0.074669 -0.073416
v 0.103183 -0.069623 -0.064476
v 0.115158 -0.062522 -0.077109
v 0.106684 -0.057477 -0.068169
v 0.106684 -0.074669 -0.068169
v 0.111658 -0.057477 -0.073416
v 0.103183 -0.062522 -0.064476
v 0.115158 -0.069623 -0.077109
v 0.109581 -0.074030 -0.074877
v 0.101935 -0.069378 -0.066819
v 0.112751 -0.062768 -0.078231
v 0.105114 -0.058115 -0.070164
v 0.105113 -0.074030 -0.070164
v 0.109581 -0.058115 -0.074878
v 0.101935 -0.062768 -0.066819
v 0.112750 -0.069378 -0.078230
v 0.107724 -0.069365 -0.074172
v 0.104335 -0.067419 -0.070578
v 0.109126 -0.064727 -0.075633
v 0.105719 -0.062780 -0.072056
v 0.105717 -0.069365 -0.072053
v 0.107726 -0.062780 -0.074173
v 0.104336 -0.064727 -0.070580
v 0.109124 -0.067419 -0.075631
v -0.113331 -0.040204 0.079778
v -0.113331 -0.040204 0.065968
v -0.099521 -0.040204 0.079778
v -0.099521 -0.040204 0.065968
v -0.099521 -0.046274 0.079778
v -0.099521 -0.046274 0.065968
v -0.113331 -0.046274 0.065968
v -0.113331 -0.046274 0.079778
v -0.106426 -0.040204 0.063108
v -0.106426 -0.040204 0.082638
v -0.106426 -0.046274 0.082638
v -0.106426 -0.046274 0.063108
v -0.116191 -0.040204 0.072873
v -0.096660 -0.040204 0.072873
v -0.096660 -0.046274 0.072873
v -0.116191 -0.046274 0.072873
v -0.109901 -0.040204 0.076348
v -0.109901 -0.040204 0.069398
v -0.102951 -0.040204 0.076348
v -0.102951 -0.040204 0.069398
v -0.106426 -0.040204 0.067958
v -0.106426 -0.040204 0.077788
v -0.111340 -0.040204 0.072873
v -0.101511 -0.040204 0.072873
v -0.100549 -0.047706 0.078749
v -0.100549 -0.047706 0.066996
v -0.112302 -0.047706 0.066996
v -0.112302 -0.047706 0.078749
v -0.106426 -0.047706 0.081184
v -0.106426 -0.047706 0.064562
v -0.098115 -0.047706 0.072873
v -0.114737 -0.047706 0.072873
v -0.099435 -0.052010 0.084376
v -0.089170 -0.051064 0.085136
v -0.087484 -0.051959 0.085441
v -0.083223 -0.051959 0.072889
v -0.103466 -0.068532 0.064259
v -0.108797 -0.067783 0.079964
v -0.106705 -0.053797 0.061925
v -0.112788 -0.053797 0.079843
v -0.123644 -0.053797 0.076158
v -0.117562 -0.053797 0.058240
v -0.097066 -0.054823 0.066431
v -0.102398 -0.054823 0.082136
v -0.099708 -0.050403 0.064301
v -0.098070 -0.064660 0.066091
v -0.105791 -0.050403 0.082218
v -0.103401 -0.064660 0.081796
v -0.118544 -0.050403 0.061132
v -0.113915 -0.056314 0.059478
v -0.122663 -0.050403 0.073266
v -0.119997 -0.056314 0.077396
v -0.093353 -0.050403 0.066458
v -0.093353 -0.053040 0.066458
v -0.099435 -0.050403 0.084376
v -0.099435 -0.053040 0.084376
v -0.084600 -0.049408 0.072154
v -0.089023 -0.049408 0.085186
v -0.074889 -0.045755 0.079915
v -0.076595 -0.045755 0.084940
v -0.077193 -0.053056 0.076715
v -0.080371 -0.053056 0.086076
v -0.103339 -0.071253 0.065883
v -0.107708 -0.070675 0.078754
v -0.096584 -0.055613 0.068175
v -0.100953 -0.055613 0.081046
v -0.127115 -0.053797 0.072166
v -0.122746 -0.053797 0.059295
v -0.101230 -0.048233 0.066598
v -0.105599 -0.048233 0.079469
v -0.101205 -0.066769 0.080961
v -0.096836 -0.066769 0.068090
v -0.126410 -0.048233 0.070088
v -0.123451 -0.048233 0.061372
v -0.118121 -0.056314 0.060865
v -0.122490 -0.056314 0.073736
v -0.093570 -0.053797 0.069198
v -0.097939 -0.053797 0.082069
v -0.097939 -0.048233 0.082069
v -0.093570 -0.048233 0.069198
v -0.083534 -0.048233 0.085003
v -0.080356 -0.048233 0.075641
v -0.075009 -0.045755 0.080266
v -0.076476 -0.045755 0.084589
v -0.077657 -0.053554 0.077921
v -0.080005 -0.053554 0.084836
v -0.103644 -0.070675 0.066782
v -0.107403 -0.070675 0.077855
v -0.096889 -0.055613 0.069074
v -0.100648 -0.055613 0.080148
v -0.126810 -0.053797 0.071267
v -0.123051 -0.053797 0.060194
v -0.101535 -0.048233 0.067498
v -0.105294 -0.048233 0.078571
v -0.100900 -0.066769 0.080062
v -0.097141 -0.066769 0.068989
v -0.126203 -0.048023 0.069480
v -0.123658 -0.048023 0.061981
v -0.118426 -0.056314 0.061764
v -0.122185 -0.056314 0.072837
v -0.093875 -0.053797 0.070097
v -0.097634 -0.053797 0.081171
v -0.097634 -0.048233 0.081171
v -0.093875 -0.048233 0.070097
v -0.083312 -0.048233 0.084349
v -0.080578 -0.048233 0.076295
v -0.081785 -0.048993 0.075885
v -0.084519 -0.048993 0.083939
v -0.108001 -0.050671 0.068275
v -0.109950 -0.050671 0.074017
v -0.100269 -0.050671 0.070900
v -0.102218 -0.050671 0.076642
v -0.126065 -0.050671 0.069071
v -0.123796 -0.050671 0.062389
v -0.118214 -0.050671 0.064808
v -0.120163 -0.050671 0.070550
v -0.093875 -0.048993 0.070097
v -0.097634 -0.048993 0.081171
v -0.112358 -0.050403 0.061546
v -0.111889 -0.053797 0.060166
v -0.117971 -0.053797 0.078084
v -0.117503 -0.050403 0.076703
v -0.116246 -0.048233 0.062607
v -0.119942 -0.048233 0.073495
v -0.116504 -0.048023 0.063368
v -0.119683 -0.048023 0.072734
v -0.122888 -0.052184 0.073929
v -0.080297 -0.050022 0.075192
v -0.083761 -0.050022 0.085395
v -0.117610 -0.052184 0.077020
v -0.112250 -0.052184 0.061230
v -0.118319 -0.052184 0.060469
v -0.099670 -0.052383 0.064596
v -0.105580 -0.052383 0.082007
v -0.093353 -0.052010 0.066458
v -0.084746 -0.051064 0.072104
v -0.126572 -0.050512 0.070565
v -0.123289 -0.050512 0.060896
v -0.074144 -0.047039 0.079613
v -0.076188 -0.047039 0.085633
v -0.074460 -0.047537 0.080383
v -0.075969 -0.047537 0.084829
v -0.126342 -0.050512 0.069889
v -0.123519 -0.050512 0.061571
v -0.112257 -0.068383 0.079407
v -0.106550 -0.068383 0.062595
v -0.108349 -0.070154 0.064182
v -0.112718 -0.070154 0.077053
v -0.112388 -0.050671 0.073190
v -0.110439 -0.050671 0.067447
v -0.108654 -0.070154 0.065081
v -0.112413 -0.070154 0.076154
v -0.099297 -0.068354 0.065674
v -0.106640 -0.050403 0.081930
v -0.105833 -0.054561 0.081120
v -0.100411 -0.054561 0.065146
v -0.104628 -0.068354 0.081379
v -0.100558 -0.050403 0.064012
v -0.098402 -0.070464 0.067558
v -0.102771 -0.070464 0.080429
v -0.102253 -0.048233 0.066251
v -0.106623 -0.048233 0.079122
v -0.102559 -0.048023 0.067150
v -0.106317 -0.048023 0.078223
v -0.098707 -0.070464 0.068457
v -0.102466 -0.070464 0.079530
v -0.106455 -0.052359 0.081744
v -0.100524 -0.052359 0.064272
v 0.110642 -0.052359 0.063509
v 0.110647 -0.052359 0.081961
v 0.113712 -0.070464 0.078581
v 0.113709 -0.070464 0.066888
v 0.109645 -0.048023 0.078582
v 0.109642 -0.048023 0.066889
v 0.109645 -0.048233 0.079532
v 0.109641 -0.048233 0.065939
v 0.113713 -0.070464 0.079531
v 0.113709 -0.070464 0.065938
v 0.110526 -0.050403 0.063274
v 0.112260 -0.068354 0.081027
v 0.111030 -0.054561 0.064301
v 0.111035 -0.054561 0.081170
v 0.110532 -0.050403 0.082196
v 0.112255 -0.068354 0.064442
v 0.103208 -0.070154 0.078584
v 0.103204 -0.070154 0.066891
v 0.102276 -0.050671 0.069706
v 0.102277 -0.050671 0.075770
v 0.103208 -0.070154 0.079534
v 0.103204 -0.070154 0.065941
v 0.104397 -0.068383 0.063860
v 0.104402 -0.068383 0.081614
v 0.088001 -0.050512 0.068349
v 0.088003 -0.050512 0.077134
v 0.140505 -0.047537 0.075074
v 0.140504 -0.047537 0.070379
v 0.140557 -0.047039 0.075905
v 0.140555 -0.047039 0.069548
v 0.088001 -0.050512 0.067636
v 0.088004 -0.050512 0.077847
v 0.128101 -0.051064 0.065849
v 0.118135 -0.052010 0.063272
v 0.111560 -0.052383 0.081928
v 0.111555 -0.052383 0.063542
v 0.092570 -0.052184 0.065633
v 0.098561 -0.052184 0.064401
v 0.098565 -0.052184 0.081076
v 0.133310 -0.050022 0.078116
v 0.133307 -0.050022 0.067341
v 0.092574 -0.052184 0.079848
v 0.095224 -0.048023 0.077685
v 0.095221 -0.048023 0.067794
v 0.095224 -0.048233 0.078488
v 0.095221 -0.048233 0.066991
v 0.098565 -0.050403 0.080742
v 0.098566 -0.053797 0.082200
v 0.098560 -0.053797 0.063278
v 0.098561 -0.050403 0.064736
v 0.118815 -0.048993 0.078580
v 0.118811 -0.048993 0.066886
v 0.094067 -0.050671 0.075772
v 0.094065 -0.050671 0.069708
v 0.088001 -0.050671 0.069213
v 0.088003 -0.050671 0.076270
v 0.113018 -0.050671 0.075767
v 0.113016 -0.050671 0.069703
v 0.104852 -0.050671 0.075769
v 0.104851 -0.050671 0.069705
v 0.132123 -0.048993 0.076982
v 0.132121 -0.048993 0.068477
v 0.133396 -0.048233 0.068476
v 0.133398 -0.048233 0.076981
v 0.118811 -0.048233 0.066886
v 0.118815 -0.048233 0.078580
v 0.118815 -0.053797 0.078580
v 0.118811 -0.053797 0.066886
v 0.092888 -0.056314 0.078587
v 0.092885 -0.056314 0.066893
v 0.088001 -0.048023 0.068782
v 0.088003 -0.048023 0.076701
v 0.115363 -0.066769 0.066887
v 0.115366 -0.066769 0.078581
v 0.110726 -0.048233 0.078582
v 0.110723 -0.048233 0.066888
v 0.088001 -0.053797 0.066895
v 0.088004 -0.053797 0.078589
v 0.115632 -0.055613 0.078581
v 0.115629 -0.055613 0.066887
v 0.108499 -0.070675 0.078583
v 0.108496 -0.070675 0.066889
v 0.136686 -0.053554 0.076379
v 0.136684 -0.053554 0.069077
v 0.139948 -0.045755 0.075010
v 0.139946 -0.045755 0.070444
v 0.133395 -0.048233 0.067786
v 0.133398 -0.048233 0.077672
v 0.118811 -0.048233 0.065937
v 0.118815 -0.048233 0.079529
v 0.118815 -0.053797 0.079529
v 0.118811 -0.053797 0.065937
v 0.092888 -0.056314 0.079536
v 0.092884 -0.056314 0.065944
v 0.088001 -0.048233 0.068139
v 0.088003 -0.048233 0.077344
v 0.115362 -0.066769 0.065938
v 0.115366 -0.066769 0.079530
v 0.110726 -0.048233 0.079531
v 0.110723 -0.048233 0.065939
v 0.088000 -0.053797 0.065945
v 0.088004 -0.053797 0.079538
v 0.115632 -0.055613 0.079530
v 0.115628 -0.055613 0.065938
v 0.108499 -0.070675 0.079532
v 0.108495 -0.071253 0.065940
v 0.136738 -0.053056 0.077671
v 0.136735 -0.053056 0.067785
v 0.139948 -0.045755 0.075380
v 0.139946 -0.045755 0.070074
v 0.128260 -0.049408 0.079612
v 0.128256 -0.049408 0.065849
v 0.118141 -0.053040 0.082194
v 0.118141 -0.050403 0.082194
v 0.118135 -0.053040 0.063272
v 0.118135 -0.050403 0.063272
v 0.096427 -0.056314 0.082200
v 0.092574 -0.050403 0.079148
v 0.096421 -0.056314 0.063278
v 0.092570 -0.050403 0.066333
v 0.113556 -0.064660 0.081027
v 0.111429 -0.050403 0.082196
v 0.113551 -0.064660 0.064442
v 0.111424 -0.050403 0.063274
v 0.114615 -0.054823 0.081027
v 0.114611 -0.054823 0.064441
v 0.092569 -0.053797 0.063279
v 0.092575 -0.053797 0.082201
v 0.104040 -0.053797 0.082198
v 0.104035 -0.053797 0.063276
v 0.107857 -0.067783 0.081029
v 0.107852 -0.068532 0.064443
v 0.129795 -0.051959 0.066102
v 0.129799 -0.051959 0.079358
v 0.128105 -0.051064 0.079612
v 0.118141 -0.052010 0.082194
v -0.102408 -0.067838 -0.081279
v -0.105811 -0.050554 -0.084058
v -0.109093 -0.067834 -0.066100
v -0.113437 -0.050550 -0.066741
v -0.105736 -0.053948 -0.084024
v -0.113363 -0.053944 -0.066707
v -0.123852 -0.054219 -0.071327
v -0.116226 -0.054224 -0.088644
v -0.103193 -0.054715 -0.063505
v -0.099050 -0.050377 -0.081081
v -0.097262 -0.064578 -0.079013
v -0.106677 -0.050373 -0.063764
v -0.103947 -0.064575 -0.063835
v -0.117531 -0.050829 -0.085883
v -0.112647 -0.056647 -0.087067
v -0.122696 -0.050827 -0.074155
v -0.120273 -0.056643 -0.069750
v -0.108961 -0.048438 -0.082534
v -0.114439 -0.048435 -0.070095
v -0.102360 -0.070713 -0.079621
v -0.107838 -0.070710 -0.067182
v -0.096164 -0.055484 -0.076896
v -0.101642 -0.055481 -0.064457
v -0.126959 -0.054330 -0.075607
v -0.121481 -0.054333 -0.088046
v -0.100814 -0.048224 -0.078946
v -0.106292 -0.048221 -0.066507
v -0.101641 -0.066640 -0.064454
v -0.096163 -0.066643 -0.076893
v -0.126197 -0.048768 -0.077670
v -0.122487 -0.048770 -0.086094
v -0.116957 -0.056732 -0.086054
v -0.122436 -0.056728 -0.073614
v -0.109348 -0.048228 -0.081667
v -0.114061 -0.048225 -0.070966
v -0.102743 -0.070713 -0.078753
v -0.107456 -0.070710 -0.068051
v -0.096546 -0.055484 -0.076028
v -0.101259 -0.055481 -0.065326
v -0.126577 -0.054330 -0.076476
v -0.121864 -0.054333 -0.087178
v -0.101197 -0.048224 -0.078077
v -0.105910 -0.048221 -0.067375
v -0.101259 -0.066640 -0.065323
v -0.096546 -0.066643 -0.076024
v -0.125943 -0.048558 -0.078260
v -0.122751 -0.048560 -0.085508
v -0.117340 -0.056731 -0.085185
v -0.122053 -0.056729 -0.074483
v -0.107651 -0.050802 -0.077843
v -0.110095 -0.050801 -0.072294
v -0.100180 -0.050606 -0.074553
v -0.102624 -0.050604 -0.069004
v -0.125711 -0.051206 -0.078628
v -0.122867 -0.051207 -0.085087
v -0.117519 -0.051061 -0.082189
v -0.119963 -0.051060 -0.076640
v -0.111407 -0.050686 -0.084929
v -0.116614 -0.062300 -0.068281
v -0.110745 -0.054080 -0.086230
v -0.118371 -0.054075 -0.068913
v -0.117858 -0.050682 -0.070281
v -0.109094 -0.062304 -0.085357
v -0.115419 -0.048597 -0.084234
v -0.120053 -0.048594 -0.073711
v -0.111801 -0.064099 -0.083678
v -0.117203 -0.064096 -0.071411
v -0.114807 -0.050925 -0.074369
v -0.112363 -0.050926 -0.079918
v -0.112178 -0.064099 -0.082821
v -0.116826 -0.064096 -0.072268
v -0.115748 -0.048386 -0.083501
v -0.119734 -0.048384 -0.074448
v -0.122939 -0.052607 -0.073497
v -0.113398 -0.052331 -0.066723
v -0.105771 -0.052335 -0.084040
v -0.117210 -0.052610 -0.086506
v -0.106405 -0.052350 -0.063936
v -0.126350 -0.051046 -0.077187
v -0.122235 -0.051048 -0.086532
v -0.126063 -0.051046 -0.077839
v -0.122522 -0.051048 -0.085879
v -0.117954 -0.052463 -0.069957
v -0.111233 -0.052467 -0.085218
v -0.108609 -0.050620 -0.084494
v -0.112476 -0.068516 -0.066952
v -0.108240 -0.054014 -0.085127
v -0.112190 -0.048518 -0.083384
v -0.117246 -0.048515 -0.071903
v -0.112548 -0.048307 -0.082584
v -0.116898 -0.048304 -0.072707
v -0.115867 -0.054010 -0.067810
v -0.115647 -0.050616 -0.068511
v -0.105320 -0.068520 -0.083199
v -0.107212 -0.070319 -0.081759
v -0.112691 -0.070316 -0.069319
v -0.112451 -0.050863 -0.073331
v -0.110007 -0.050864 -0.078881
v -0.107595 -0.070319 -0.080890
v -0.112308 -0.070316 -0.070188
v -0.115676 -0.052397 -0.068340
v -0.108502 -0.052401 -0.084629
v -0.098367 -0.068303 -0.079499
v -0.107498 -0.050394 -0.064125
v -0.106532 -0.054539 -0.064821
v -0.099733 -0.054543 -0.080259
v -0.105052 -0.068299 -0.064321
v -0.099871 -0.050398 -0.081442
v -0.097595 -0.070377 -0.077523
v -0.103073 -0.070374 -0.065083
v -0.101803 -0.048250 -0.079382
v -0.107281 -0.048247 -0.066942
v -0.102190 -0.048040 -0.078515
v -0.106904 -0.048037 -0.067813
v -0.097977 -0.070377 -0.076654
v -0.102690 -0.070374 -0.065952
v -0.107254 -0.052347 -0.064275
v -0.099817 -0.052351 -0.081161
v 0.109321 -0.052351 -0.063351
v 0.095383 -0.052347 -0.075442
v 0.095638 -0.070374 -0.070586
v 0.104471 -0.070377 -0.062923
v 0.098660 -0.048037 -0.074062
v 0.107493 -0.048040 -0.066399
v 0.097940 -0.048247 -0.074680
v 0.108207 -0.048250 -0.065773
v 0.094921 -0.070374 -0.071208
v 0.105188 -0.070377 -0.062301
v 0.109605 -0.050398 -0.063319
v 0.094776 -0.068299 -0.073324
v 0.108433 -0.054543 -0.063536
v 0.095691 -0.054539 -0.074590
v 0.095312 -0.050394 -0.075718
v 0.107304 -0.068303 -0.062456
v 0.115198 -0.052401 -0.070624
v 0.101754 -0.052397 -0.082287
v 0.102524 -0.070316 -0.078524
v 0.111358 -0.070319 -0.070862
v 0.110151 -0.050864 -0.073759
v 0.105570 -0.050863 -0.077733
v 0.101807 -0.070316 -0.079146
v 0.112075 -0.070319 -0.070239
v 0.112893 -0.068520 -0.068006
v 0.101908 -0.050616 -0.082210
v 0.101304 -0.054010 -0.082626
v 0.106286 -0.048304 -0.082166
v 0.114439 -0.048307 -0.075093
v 0.105621 -0.048515 -0.082736
v 0.115098 -0.048518 -0.074515
v 0.115597 -0.054014 -0.070227
v 0.099482 -0.068516 -0.079640
v 0.115100 -0.050620 -0.070766
v 0.116567 -0.052467 -0.073059
v 0.103971 -0.052463 -0.083986
v 0.120532 -0.051048 -0.083650
v 0.113896 -0.051046 -0.089406
v 0.121071 -0.051048 -0.083183
v 0.113357 -0.051046 -0.089874
v 0.094809 -0.052350 -0.074730
v 0.119562 -0.052610 -0.078390
v 0.113830 -0.052335 -0.068189
v 0.099536 -0.052331 -0.080589
v 0.108825 -0.052607 -0.087704
v 0.108788 -0.048384 -0.084362
v 0.116260 -0.048386 -0.077880
v 0.105846 -0.064096 -0.082226
v 0.114556 -0.064099 -0.074670
v 0.111837 -0.050926 -0.075703
v 0.107257 -0.050925 -0.079677
v 0.105138 -0.064096 -0.082840
v 0.115263 -0.064099 -0.074057
v 0.108178 -0.048594 -0.084884
v 0.116863 -0.048597 -0.077350
v 0.116069 -0.062304 -0.070975
v 0.104252 -0.050682 -0.083799
v 0.103097 -0.054075 -0.084693
v 0.117390 -0.054080 -0.072294
v 0.101974 -0.062300 -0.083202
v 0.116343 -0.050686 -0.073311
v 0.110949 -0.051060 -0.083933
v 0.115529 -0.051061 -0.079959
v 0.119877 -0.051207 -0.084213
v 0.114546 -0.051206 -0.088837
v 0.098534 -0.050604 -0.069622
v 0.103115 -0.050606 -0.065648
v 0.103883 -0.050801 -0.075788
v 0.108464 -0.050802 -0.071815
v 0.109505 -0.056729 -0.086567
v 0.118339 -0.056731 -0.078904
v 0.120245 -0.048560 -0.083978
v 0.114263 -0.048558 -0.089168
v 0.103447 -0.066643 -0.061741
v 0.094614 -0.066640 -0.069404
v 0.097948 -0.048221 -0.073242
v 0.106781 -0.048224 -0.065579
v 0.121578 -0.054333 -0.082638
v 0.112745 -0.054330 -0.090300
v 0.094617 -0.055481 -0.069404
v 0.103450 -0.055484 -0.061741
v 0.099050 -0.070710 -0.074519
v 0.107883 -0.070713 -0.066856
v 0.103785 -0.048225 -0.079970
v 0.112618 -0.048228 -0.072307
v 0.108788 -0.056728 -0.087189
v 0.119056 -0.056732 -0.078282
v 0.120727 -0.048770 -0.083553
v 0.113774 -0.048768 -0.089585
v 0.104164 -0.066643 -0.061119
v 0.093897 -0.066640 -0.070026
v 0.097231 -0.048221 -0.073864
v 0.107499 -0.048224 -0.064957
v 0.122295 -0.054333 -0.082015
v 0.112028 -0.054330 -0.090922
v 0.093900 -0.055481 -0.070026
v 0.104167 -0.055484 -0.061119
v 0.098333 -0.070710 -0.075141
v 0.108600 -0.070713 -0.066234
v 0.103065 -0.048435 -0.080588
v 0.113332 -0.048438 -0.071681
v 0.104458 -0.056643 -0.086264
v 0.109382 -0.050827 -0.087278
v 0.118751 -0.056647 -0.073864
v 0.119062 -0.050829 -0.078880
v 0.093986 -0.064575 -0.072412
v 0.094724 -0.050373 -0.075041
v 0.106514 -0.064578 -0.061544
v 0.109017 -0.050377 -0.062641
v 0.093449 -0.054715 -0.071789
v 0.121315 -0.054224 -0.076818
v 0.107021 -0.054219 -0.089218
v 0.099510 -0.053944 -0.080559
v 0.113804 -0.053948 -0.068160
v 0.099565 -0.050550 -0.080621
v 0.097670 -0.067834 -0.076659
v 0.113858 -0.050554 -0.068221
v 0.110198 -0.067838 -0.065791
v 0.100264 -0.040204 0.079778
v 0.100264 -0.040204 0.065968
v 0.114075 -0.040204 0.079778
v 0.114075 -0.040204 0.065968
v 0.114075 -0.046274 0.079778
v 0.114075 -0.046274 0.065968
v 0.100264 -0.046274 0.065968
v 0.100264 -0.046274 0.079778
v 0.107169 -0.040204 0.063108
v 0.107169 -0.040204 0.082638
v 0.107170 -0.046274 0.082638
v 0.107170 -0.046274 0.063108
v 0.097404 -0.040204 0.072873
v 0.116935 -0.040204 0.072873
v 0.116935 -0.046274 0.072873
v 0.097404 -0.046274 0.072873
v 0.103694 -0.040204 0.076348
v 0.103694 -0.040204 0.069398
v 0.110645 -0.040204 0.076348
v 0.110645 -0.040204 0.069398
v 0.107169 -0.040204 0.067958
v 0.107169 -0.040204 0.077788
v 0.102255 -0.040204 0.072873
v 0.112084 -0.040204 0.072873
v 0.113046 -0.047706 0.078749
v 0.113046 -0.047706 0.066996
v 0.101293 -0.047706 0.066996
v 0.101293 -0.047706 0.078749
v 0.107169 -0.047706 0.081184
v 0.107169 -0.047706 0.064562
v 0.115480 -0.047706 0.072873
v 0.098859 -0.047706 0.072873
v -0.113331 -0.040204 -0.066062
v -0.113331 -0.040204 -0.079873
v -0.099521 -0.040204 -0.066062
v -0.099521 -0.040204 -0.079873
v -0.099521 -0.046274 -0.066062
v -0.099521 -0.046274 -0.079873
v -0.113331 -0.046274 -0.079873
v -0.113331 -0.046274 -0.066062
v -0.106426 -0.040204 -0.082733
v -0.106426 -0.040204 -0.063202
v -0.106426 -0.046274 -0.063202
v -0.106426 -0.046274 -0.082733
v -0.116191 -0.040204 -0.072967
v -0.096660 -0.040204 -0.072967
v -0.096660 -0.046274 -0.072967
v -0.116191 -0.046274 -0.072967
v -0.109901 -0.040204 -0.069492
v -0.109901 -0.040204 -0.076443
v -0.102951 -0.040204 -0.069492
v -0.102951 -0.040204 -0.076443
v -0.106426 -0.040204 -0.077882
v -0.106426 -0.040204 -0.068053
v -0.111340 -0.040204 -0.072967
v -0.101511 -0.040204 -0.072967
v -0.100549 -0.047706 -0.067091
v -0.100549 -0.047706 -0.078844
v -0.112302 -0.047706 -0.078844
v -0.112302 -0.047706 -0.067091
v -0.106426 -0.047706 -0.064657
v -0.106426 -0.047706 -0.081278
v -0.098115 -0.047706 -0.072967
v -0.114737 -0.047706 -0.072967
v 0.100264 -0.040204 -0.066062
v 0.100264 -0.040204 -0.079873
v 0.114075 -0.040204 -0.066062
v 0.114075 -0.040204 -0.079873
v 0.114075 -0.046274 -0.066062
v 0.114075 -0.046274 -0.079873
v 0.100264 -0.046274 -0.079873
v 0.100264 -0.046274 -0.066062
v 0.107169 -0.040204 -0.082733
v 0.107169 -0.040204 -0.063202
v 0.107170 -0.046274 -0.063202
v 0.107170 -0.046274 -0.082733
v 0.097404 -0.040204 -0.072967
v 0.116935 -0.040204 -0.072967
v 0.116935 -0.046274 -0.072967
v 0.097404 -0.046274 -0.072967
v 0.103694 -0.040204 -0.069492
v 0.103694 -0.040204 -0.076443
v 0.110645 -0.040204 -0.069492
v 0.110645 -0.040204 -0.076443
v 0.107169 -0.040204 -0.077882
v 0.107169 -0.040204 -0.068053
v 0.102255 -0.040204 -0.072967
v 0.112084 -0.040204 -0.072967
v 0.113046 -0.047706 -0.067091
v 0.113046 -0.047706 -0.078844
v 0.101293 -0.047706 -0.078844
v 0.101293 -0.047706 -0.067091
v 0.107169 -0.047706 -0.064657
v 0.107169 -0.047706 -0.081278
v 0.115480 -0.047706 -0.072967
v 0.098859 -0.047706 -0.072967
vt 0.976578 0.246126
vt 0.978982 0.245500
vt 0.978982 0.360036
vt 0.976578 0.360661
vt 0.992998 0.131590
vt 0.990594 0.130965
vt 0.990594 0.016429
vt 0.992998 0.017055
vt 0.966387 0.132932
vt 0.960581 0.132673
vt 0.960581 0.018137
vt 0.966387 0.018396
vt 0.984788 0.130706
vt 0.978982 0.130965
vt 0.978982 0.016429
vt 0.984788 0.016170
vt 0.972192 0.132673
vt 0.972192 0.018137
vt 0.958177 0.132047
vt 0.958177 0.017512
vt 0.972192 0.247208
vt 0.974597 0.246583
vt 0.974597 0.361118
vt 0.972192 0.361744
vt 0.974597 0.017512
vt 0.974597 0.132047
vt 0.960581 0.361744
vt 0.958177 0.361118
vt 0.958177 0.246583
vt 0.960581 0.247208
vt 0.966387 0.362003
vt 0.966387 0.247467
vt 0.990594 0.360036
vt 0.984788 0.359777
vt 0.984788 0.245241
vt 0.990594 0.245500
vt 0.992998 0.360661
vt 0.992998 0.246126
vt 0.976578 0.017055
vt 0.976578 0.131590
vt 0.157449 0.997084
vt 0.157449 0.994990
vt 0.306381 0.994990
vt 0.306381 0.997084
vt 0.158003 0.972767
vt 0.158003 0.976374
vt 0.009071 0.976374
vt 0.009071 0.972767
vt 0.158003 0.959004
vt 0.158003 0.956910
vt 0.306935 0.956910
vt 0.306935 0.959004
vt 0.158003 0.965572
vt 0.306935 0.965572
vt 0.306935 0.972767
vt 0.157449 0.981227
vt 0.157449 0.988422
vt 0.008518 0.988422
vt 0.008518 0.981227
vt 0.008518 0.994990
vt 0.157449 0.977620
vt 0.008518 0.977620
vt 0.306381 0.977620
vt 0.306381 0.981227
vt 0.009071 0.965572
vt 0.009071 0.959004
vt 0.306381 0.988422
vt 0.009071 0.956910
vt 0.306935 0.976374
vt 0.008518 0.997084
vt 0.976578 0.246126
vt 0.978982 0.245500
vt 0.978982 0.360036
vt 0.976578 0.360661
vt 0.992998 0.131590
vt 0.990594 0.130965
vt 0.990594 0.016429
vt 0.992998 0.017055
vt 0.966387 0.132932
vt 0.960581 0.132673
vt 0.960581 0.018137
vt 0.966387 0.018396
vt 0.984788 0.130706
vt 0.978982 0.130965
vt 0.978982 0.016429
vt 0.984788 0.016170
vt 0.972192 0.132673
vt 0.972192 0.018137
vt 0.958177 0.132047
vt 0.958177 0.017512
vt 0.972192 0.247208
vt 0.974597 0.246583
vt 0.974597 0.361118
vt 0.972192 0.361744
vt 0.974597 0.017512
vt 0.974597 0.132047
vt 0.960581 0.361744
vt 0.958177 0.361118
vt 0.958177 0.246583
vt 0.960581 0.247208
vt 0.966387 0.362003
vt 0.966387 0.247467
vt 0.990594 0.360036
vt 0.984788 0.359777
vt 0.984788 0.245241
vt 0.990594 0.245500
vt 0.992998 0.360661
vt 0.992998 0.246126
vt 0.976578 0.017055
vt 0.976578 0.131590
vt 0.157449 0.997084
vt 0.157449 0.994990
vt 0.306381 0.994990
vt 0.306381 0.997084
vt 0.158003 0.972767
vt 0.158003 0.976374
vt 0.009071 0.976374
vt 0.009071 0.972767
vt 0.158003 0.959004
vt 0.158003 0.956910
vt 0.306935 0.956910
vt 0.306935 0.959004
vt 0.158003 0.965572
vt 0.306935 0.965572
vt 0.306935 0.972767
vt 0.157449 0.981227
vt 0.157449 0.988422
vt 0.008518 0.988422
vt 0.008518 0.981227
vt 0.008518 0.994990
vt 0.157449 0.977620
vt 0.008518 0.977620
vt 0.306381 0.977620
vt 0.306381 0.981227
vt 0.009071 0.965572
vt 0.009071 0.959004
vt 0.306381 0.988422
vt 0.009071 0.956910
vt 0.306935 0.976374
vt 0.008518 0.997084
vt 0.976578 0.246126
vt 0.976578 0.360661
vt 0.978982 0.360036
vt 0.978982 0.245500
vt 0.992998 0.131590
vt 0.992998 0.017055
vt 0.990594 0.016429
vt 0.990594 0.130965
vt 0.966387 0.132932
vt 0.966387 0.018396
vt 0.960581 0.018137
vt 0.960581 0.132673
vt 0.984788 0.130706
vt 0.984788 0.016170
vt 0.978982 0.016429
vt 0.978982 0.130965
vt 0.972192 0.132673
vt 0.972192 0.018137
vt 0.958177 0.017512
vt 0.958177 0.132047
vt 0.972192 0.247208
vt 0.972192 0.361744
vt 0.974597 0.361118
vt 0.974597 0.246583
vt 0.974597 0.132047
vt 0.974597 0.017512
vt 0.960581 0.361744
vt 0.960581 0.247208
vt 0.958177 0.246583
vt 0.958177 0.361118
vt 0.966387 0.247467
vt 0.966387 0.362003
vt 0.990594 0.360036
vt 0.990594 0.245500
vt 0.984788 0.245241
vt 0.984788 0.359777
vt 0.992998 0.360661
vt 0.992998 0.246126
vt 0.976578 0.017055
vt 0.976578 0.131590
vt 0.157449 0.997084
vt 0.306381 0.997084
vt 0.306381 0.994990
vt 0.157449 0.994990
vt 0.158003 0.972767
vt 0.009071 0.972767
vt 0.009071 0.976374
vt 0.158003 0.976374
vt 0.158003 0.959004
vt 0.158003 0.956910
vt 0.158003 0.965572
vt 0.157449 0.981227
vt 0.157449 0.988422
vt 0.157449 0.977620
vt 0.306381 0.977620
vt 0.306381 0.981227
vt 0.009071 0.965572
vt 0.009071 0.959004
vt 0.306381 0.988422
vt 0.009071 0.956910
vt 0.976578 0.246126
vt 0.976578 0.360661
vt 0.978982 0.360036
vt 0.978982 0.245500
vt 0.992998 0.131590
vt 0.992998 0.017055
vt 0.990594 0.016429
vt 0.990594 0.130965
vt 0.966387 0.132932
vt 0.966387 0.018396
vt 0.960581 0.018137
vt 0.960581 0.132673
vt 0.984788 0.130706
vt 0.984788 0.016170
vt 0.978982 0.016429
vt 0.978982 0.130965
vt 0.972192 0.132673
vt 0.972192 0.018137
vt 0.958177 0.017512
vt 0.958177 0.132047
vt 0.972192 0.247208
vt 0.972192 0.361744
vt 0.974597 0.361118
vt 0.974597 0.246583
vt 0.974597 0.132047
vt 0.974597 0.017512
vt 0.960581 0.361744
vt 0.960581 0.247208
vt 0.958177 0.246583
vt 0.958177 0.361118
vt 0.966387 0.247467
vt 0.966387 0.362003
vt 0.990594 0.360036
vt 0.990594 0.245500
vt 0.984788 0.245241
vt 0.984788 0.359777
vt 0.992998 0.360661
vt 0.992998 0.246126
vt 0.976578 0.017055
vt 0.976578 0.131590
vt 0.157449 0.997084
vt 0.306381 0.997084
vt 0.306381 0.994990
vt 0.157449 0.994990
vt 0.158003 0.972767
vt 0.009071 0.972767
vt 0.009071 0.976374
vt 0.158003 0.976374
vt 0.158003 0.959004
vt 0.158003 0.956910
vt 0.158003 0.965572
vt 0.157449 0.981227
vt 0.157449 0.988422
vt 0.157449 0.977620
vt 0.306381 0.977620
vt 0.306381 0.981227
vt 0.009071 0.965572
vt 0.009071 0.959004
vt 0.306381 0.988422
vt 0.009071 0.956910
vt 0.439589 0.008339
vt 0.439254 0.112921
vt 0.307655 0.112832
vt 0.307628 0.008041
vt 0.573320 0.220543
vt 0.573305 0.328004
vt 0.439285 0.328100
vt 0.439177 0.220520
vt 0.573323 0.008643
vt 0.573331 0.113057
vt 0.439667 0.432677
vt 0.307797 0.433049
vt 0.307737 0.328298
vt 0.141928 0.550911
vt 0.141928 0.443306
vt 0.276270 0.443306
vt 0.276270 0.550911
vt 0.573293 0.432313
vt 0.982583 0.375790
vt 0.988262 0.375779
vt 0.988412 0.492857
vt 0.982766 0.492855
vt 0.007587 0.550911
vt 0.007587 0.443306
vt 0.982606 0.724186
vt 0.988249 0.724185
vt 0.988257 0.841207
vt 0.982580 0.841203
vt 0.297941 0.328304
vt 0.303167 0.328301
vt 0.303228 0.436037
vt 0.298002 0.436040
vt 0.007587 0.766123
vt 0.007587 0.658517
vt 0.141928 0.658517
vt 0.141928 0.766123
vt 0.982663 0.608542
vt 0.988274 0.608546
vt 0.307685 0.220572
vt 0.276270 0.658517
vt 0.276270 0.766123
vt 0.297857 0.112835
vt 0.303084 0.112833
vt 0.303116 0.220574
vt 0.297889 0.220576
vt 0.186636 0.885025
vt 0.186636 0.878104
vt 0.364743 0.878104
vt 0.364743 0.885025
vt 0.141929 0.873729
vt 0.276270 0.873729
vt 0.007587 0.873729
vt 0.186639 0.903296
vt 0.186639 0.896375
vt 0.364743 0.896375
vt 0.364743 0.903296
vt 0.297827 0.005057
vt 0.303056 0.005056
vt 0.008534 0.903296
vt 0.008534 0.896375
vt 0.973846 0.608536
vt 0.973739 0.724183
vt 0.289612 0.005060
vt 0.289643 0.112837
vt 0.289677 0.220579
vt 0.289729 0.328308
vt 0.973661 0.375808
vt 0.973896 0.492858
vt 0.008534 0.895899
vt 0.008534 0.885025
vt 0.186636 0.895900
vt 0.008534 0.914170
vt 0.186639 0.914170
vt 0.289790 0.436045
vt 0.364743 0.914170
vt 0.973661 0.841197
vt 0.364743 0.895900
vt 0.573300 0.434645
vt 0.439674 0.434994
vt 0.573306 0.436978
vt 0.439680 0.437330
vt 0.992507 0.724174
vt 0.992489 0.835575
vt 0.990550 0.840258
vt 0.990529 0.724183
vt 0.305505 0.005733
vt 0.439593 0.006021
vt 0.304615 0.003391
vt 0.439598 0.003683
vt 0.305513 0.435161
vt 0.305452 0.328300
vt 0.305677 0.435356
vt 0.304788 0.437698
vt 0.573327 0.006309
vt 0.573331 0.003975
vt 0.992672 0.492858
vt 0.992554 0.608540
vt 0.990539 0.608548
vt 0.990691 0.492858
vt 0.305400 0.220573
vt 0.305369 0.112833
vt 0.992501 0.381401
vt 0.990557 0.376726
vt 0.305342 0.005930
vt 0.008534 0.878105
vt 0.155511 0.008339
vt 0.155176 0.112921
vt 0.023577 0.112832
vt 0.023551 0.008041
vt 0.289242 0.220543
vt 0.289227 0.328004
vt 0.155207 0.328100
vt 0.155099 0.220520
vt 0.289245 0.008643
vt 0.289254 0.113057
vt 0.155589 0.432677
vt 0.023719 0.433049
vt 0.023659 0.328299
vt 0.415954 0.549846
vt 0.415954 0.442240
vt 0.550295 0.442240
vt 0.550295 0.549846
vt 0.289215 0.432313
vt 0.963174 0.375790
vt 0.968853 0.375779
vt 0.969003 0.492857
vt 0.963357 0.492856
vt 0.281612 0.549846
vt 0.281612 0.442240
vt 0.963197 0.724187
vt 0.968840 0.724185
vt 0.968848 0.841207
vt 0.963171 0.841203
vt 0.013863 0.328304
vt 0.019089 0.328301
vt 0.019150 0.436037
vt 0.013924 0.436040
vt 0.281613 0.765058
vt 0.281612 0.657452
vt 0.415954 0.657452
vt 0.415954 0.765058
vt 0.963254 0.608543
vt 0.968865 0.608547
vt 0.023607 0.220572
vt 0.550295 0.657452
vt 0.550295 0.765058
vt 0.013779 0.112835
vt 0.019006 0.112833
vt 0.019038 0.220574
vt 0.013811 0.220576
vt 0.185810 0.943252
vt 0.185810 0.936331
vt 0.363916 0.936331
vt 0.363916 0.943251
vt 0.415954 0.872664
vt 0.550295 0.872664
vt 0.281613 0.872664
vt 0.186639 0.921566
vt 0.186639 0.914645
vt 0.364743 0.914645
vt 0.364743 0.921566
vt 0.013749 0.005057
vt 0.018978 0.005056
vt 0.008534 0.921566
vt 0.008534 0.914645
vt 0.954437 0.608537
vt 0.954330 0.724184
vt 0.005534 0.005060
vt 0.005565 0.112837
vt 0.005599 0.220579
vt 0.005651 0.328308
vt 0.954252 0.375808
vt 0.954487 0.492858
vt 0.007707 0.954126
vt 0.007707 0.943252
vt 0.185810 0.954126
vt 0.008534 0.932440
vt 0.186639 0.932441
vt 0.005712 0.436044
vt 0.364743 0.932441
vt 0.954252 0.841197
vt 0.363916 0.954126
vt 0.289222 0.434646
vt 0.155596 0.434994
vt 0.289228 0.436978
vt 0.155602 0.437330
vt 0.973098 0.724175
vt 0.973080 0.835575
vt 0.971141 0.840258
vt 0.971120 0.724184
vt 0.021428 0.005733
vt 0.155516 0.006021
vt 0.020537 0.003391
vt 0.155520 0.003684
vt 0.021435 0.435161
vt 0.021374 0.328300
vt 0.021599 0.435356
vt 0.020710 0.437698
vt 0.289249 0.006309
vt 0.289254 0.003975
vt 0.973263 0.492858
vt 0.973145 0.608540
vt 0.971130 0.608548
vt 0.971282 0.492858
vt 0.021323 0.220573
vt 0.021292 0.112833
vt 0.973092 0.381401
vt 0.971149 0.376726
vt 0.021264 0.005930
vt 0.007707 0.936331
vt 0.710113 0.541077
vt 0.710113 0.644586
vt 0.699829 0.644587
vt 0.699829 0.541077
vt 0.665440 0.540843
vt 0.665440 0.644353
vt 0.655156 0.644352
vt 0.655156 0.540843
vt 0.751249 0.541077
vt 0.751249 0.644587
vt 0.740965 0.644587
vt 0.740965 0.541077
vt 0.730681 0.541077
vt 0.730681 0.644587
vt 0.720397 0.644587
vt 0.720397 0.541077
vt 0.730681 0.023533
vt 0.720397 0.023533
vt 0.716656 0.017787
vt 0.730681 0.017787
vt 0.730681 0.654870
vt 0.720397 0.654870
vt 0.716656 0.007607
vt 0.730681 0.007607
vt 0.665440 0.023299
vt 0.655157 0.023299
vt 0.651416 0.017553
vt 0.665440 0.017553
vt 0.702632 0.023533
vt 0.692348 0.023533
vt 0.688607 0.017787
vt 0.702632 0.017787
vt 0.758730 0.023533
vt 0.748446 0.023533
vt 0.744705 0.017787
vt 0.758730 0.017787
vt 0.651416 0.007373
vt 0.665440 0.007373
vt 0.744705 0.007607
vt 0.758730 0.007607
vt 0.688607 0.007607
vt 0.702632 0.007607
vt 0.730681 0.127042
vt 0.720397 0.127042
vt 0.730681 0.230550
vt 0.720397 0.230550
vt 0.730681 0.334059
vt 0.720397 0.334059
vt 0.730681 0.437567
vt 0.720397 0.437567
vt 0.751248 0.023533
vt 0.751248 0.127042
vt 0.740965 0.127042
vt 0.740965 0.023533
vt 0.751248 0.230550
vt 0.740965 0.230550
vt 0.751248 0.334059
vt 0.740965 0.334059
vt 0.751249 0.437567
vt 0.740965 0.437567
vt 0.665440 0.126808
vt 0.655157 0.126808
vt 0.665440 0.230317
vt 0.655157 0.230317
vt 0.665440 0.333826
vt 0.655157 0.333826
vt 0.665440 0.437334
vt 0.655157 0.437334
vt 0.710113 0.023533
vt 0.710113 0.127042
vt 0.699829 0.127042
vt 0.699829 0.023533
vt 0.710113 0.230550
vt 0.699829 0.230550
vt 0.710113 0.334059
vt 0.699829 0.334059
vt 0.710113 0.437567
vt 0.699829 0.437567
vt 0.675724 0.437334
vt 0.675724 0.540843
vt 0.675724 0.333826
vt 0.675724 0.230317
vt 0.675724 0.126808
vt 0.675724 0.023299
vt 0.679465 0.017553
vt 0.679465 0.007373
vt 0.740965 0.654870
vt 0.675724 0.644352
vt 0.740965 0.665154
vt 0.730681 0.665154
vt 0.761532 0.437567
vt 0.761532 0.541077
vt 0.761532 0.334059
vt 0.761532 0.230550
vt 0.761532 0.127042
vt 0.761532 0.023533
vt 0.772754 0.017787
vt 0.772754 0.007607
vt 0.769014 0.023533
vt 0.712915 0.023533
vt 0.720397 0.665154
vt 0.761532 0.644587
vt 0.775425 0.129716
vt 0.765141 0.129716
vt 0.765141 0.026207
vt 0.775425 0.026207
vt 0.933141 0.541289
vt 0.943425 0.541289
vt 0.943425 0.644798
vt 0.933141 0.644798
vt 0.816560 0.129716
vt 0.806276 0.129716
vt 0.806276 0.026208
vt 0.816560 0.026208
vt 0.795992 0.129716
vt 0.785709 0.129716
vt 0.785709 0.026207
vt 0.795992 0.026207
vt 0.795992 0.647261
vt 0.795992 0.653007
vt 0.781968 0.653007
vt 0.785708 0.647261
vt 0.795992 0.015924
vt 0.785709 0.015924
vt 0.795992 0.663188
vt 0.781968 0.663187
vt 0.933141 0.023744
vt 0.933141 0.017998
vt 0.947166 0.017998
vt 0.943425 0.023744
vt 0.767943 0.647261
vt 0.767943 0.653007
vt 0.753918 0.653007
vt 0.757659 0.647261
vt 0.824042 0.647261
vt 0.824042 0.653007
vt 0.810017 0.653007
vt 0.813758 0.647261
vt 0.933141 0.007818
vt 0.947166 0.007818
vt 0.824042 0.663188
vt 0.810017 0.663188
vt 0.767943 0.663188
vt 0.753918 0.663187
vt 0.785708 0.543752
vt 0.795992 0.543752
vt 0.785708 0.440243
vt 0.795992 0.440243
vt 0.785708 0.336734
vt 0.795992 0.336734
vt 0.785709 0.233225
vt 0.795992 0.233225
vt 0.816560 0.647261
vt 0.806276 0.647261
vt 0.806276 0.543752
vt 0.816560 0.543752
vt 0.806276 0.440243
vt 0.816560 0.440243
vt 0.806276 0.336734
vt 0.816560 0.336734
vt 0.806276 0.233225
vt 0.816560 0.233225
vt 0.943425 0.127253
vt 0.933141 0.127253
vt 0.943425 0.230762
vt 0.933141 0.230762
vt 0.943425 0.334271
vt 0.933141 0.334271
vt 0.943425 0.437780
vt 0.933141 0.437780
vt 0.775425 0.647261
vt 0.765141 0.647261
vt 0.765141 0.543752
vt 0.775425 0.543752
vt 0.765141 0.440243
vt 0.775425 0.440243
vt 0.765141 0.336734
vt 0.775425 0.336734
vt 0.765141 0.233225
vt 0.775425 0.233225
vt 0.922857 0.437780
vt 0.922857 0.541289
vt 0.922857 0.334271
vt 0.922857 0.230762
vt 0.922857 0.127253
vt 0.922857 0.023744
vt 0.919116 0.017998
vt 0.919116 0.007818
vt 0.806276 0.015924
vt 0.922857 0.644798
vt 0.806276 0.005640
vt 0.795993 0.005640
vt 0.826844 0.233225
vt 0.826844 0.129716
vt 0.826844 0.336734
vt 0.826844 0.440243
vt 0.826844 0.543752
vt 0.826844 0.647261
vt 0.838066 0.653007
vt 0.838066 0.663187
vt 0.834325 0.647261
vt 0.778227 0.647261
vt 0.785709 0.005640
vt 0.826844 0.026208
vt 0.883799 0.540916
vt 0.894083 0.540916
vt 0.894083 0.644424
vt 0.883799 0.644424
vt 0.687695 0.128336
vt 0.677411 0.128336
vt 0.677411 0.024827
vt 0.687695 0.024827
vt 0.842664 0.540916
vt 0.852948 0.540916
vt 0.852948 0.644424
vt 0.842664 0.644424
vt 0.863232 0.540916
vt 0.873516 0.540916
vt 0.873516 0.644424
vt 0.863232 0.644424
vt 0.863232 0.023370
vt 0.863232 0.017624
vt 0.877256 0.017624
vt 0.873516 0.023370
vt 0.863232 0.654708
vt 0.873516 0.654708
vt 0.863232 0.007444
vt 0.877256 0.007444
vt 0.687695 0.645880
vt 0.687695 0.651626
vt 0.673671 0.651626
vt 0.677411 0.645880
vt 0.891281 0.023370
vt 0.891281 0.017624
vt 0.905306 0.017624
vt 0.901565 0.023370
vt 0.835182 0.023370
vt 0.835182 0.017624
vt 0.849207 0.017624
vt 0.845466 0.023370
vt 0.687695 0.661807
vt 0.673671 0.661807
vt 0.835182 0.007444
vt 0.849207 0.007444
vt 0.891281 0.007444
vt 0.905306 0.007444
vt 0.873516 0.126880
vt 0.863232 0.126880
vt 0.873516 0.230389
vt 0.863232 0.230389
vt 0.873516 0.333898
vt 0.863232 0.333898
vt 0.873516 0.437407
vt 0.863232 0.437407
vt 0.842664 0.023370
vt 0.852948 0.023370
vt 0.852948 0.126880
vt 0.842664 0.126880
vt 0.852948 0.230389
vt 0.842664 0.230389
vt 0.852948 0.333898
vt 0.842664 0.333898
vt 0.852948 0.437407
vt 0.842664 0.437407
vt 0.677411 0.542371
vt 0.687695 0.542371
vt 0.677411 0.438863
vt 0.687695 0.438863
vt 0.677411 0.335354
vt 0.687695 0.335354
vt 0.677411 0.231845
vt 0.687695 0.231845
vt 0.883799 0.023370
vt 0.894083 0.023370
vt 0.894083 0.126880
vt 0.883799 0.126880
vt 0.894083 0.230389
vt 0.883799 0.230389
vt 0.894083 0.333898
vt 0.883799 0.333898
vt 0.894083 0.437407
vt 0.883799 0.437407
vt 0.697979 0.231845
vt 0.697979 0.128336
vt 0.697979 0.335354
vt 0.697979 0.438863
vt 0.697979 0.542371
vt 0.697979 0.645880
vt 0.701720 0.651626
vt 0.701720 0.661807
vt 0.852948 0.654708
vt 0.697979 0.024827
vt 0.852948 0.664991
vt 0.863232 0.664992
vt 0.832380 0.437407
vt 0.832380 0.540916
vt 0.832380 0.333898
vt 0.832380 0.230389
vt 0.832380 0.126880
vt 0.832380 0.023370
vt 0.821158 0.017624
vt 0.821158 0.007444
vt 0.824898 0.023370
vt 0.880997 0.023370
vt 0.873515 0.664992
vt 0.832381 0.644424
vt 0.643501 0.128289
vt 0.643501 0.024779
vt 0.653785 0.024779
vt 0.653785 0.128289
vt 0.907780 0.128853
vt 0.907780 0.025344
vt 0.918064 0.025344
vt 0.918064 0.128854
vt 0.602365 0.128289
vt 0.602365 0.024779
vt 0.612649 0.024779
vt 0.612649 0.128289
vt 0.622933 0.128289
vt 0.622933 0.024779
vt 0.633217 0.024779
vt 0.633217 0.128289
vt 0.622933 0.645833
vt 0.633217 0.645833
vt 0.636958 0.651578
vt 0.622933 0.651578
vt 0.622933 0.014495
vt 0.633217 0.014495
vt 0.636958 0.661759
vt 0.622933 0.661759
vt 0.907779 0.646398
vt 0.918063 0.646398
vt 0.921804 0.652144
vt 0.907779 0.652144
vt 0.650983 0.645833
vt 0.661266 0.645833
vt 0.665007 0.651578
vt 0.650983 0.651578
vt 0.594884 0.645833
vt 0.605168 0.645833
vt 0.608909 0.651578
vt 0.594884 0.651578
vt 0.921804 0.662324
vt 0.907779 0.662324
vt 0.608909 0.661759
vt 0.594884 0.661759
vt 0.665007 0.661759
vt 0.650983 0.661759
vt 0.622933 0.542324
vt 0.633217 0.542324
vt 0.622933 0.438815
vt 0.633217 0.438815
vt 0.622933 0.335307
vt 0.633217 0.335307
vt 0.622933 0.231798
vt 0.633217 0.231798
vt 0.602366 0.645833
vt 0.602365 0.542324
vt 0.612649 0.542324
vt 0.612649 0.645833
vt 0.602365 0.438815
vt 0.612649 0.438815
vt 0.602365 0.335307
vt 0.612649 0.335307
vt 0.602365 0.231798
vt 0.612649 0.231798
vt 0.907780 0.542889
vt 0.918063 0.542889
vt 0.907780 0.439380
vt 0.918063 0.439380
vt 0.907780 0.335871
vt 0.918063 0.335871
vt 0.907780 0.232363
vt 0.918064 0.232363
vt 0.643501 0.645833
vt 0.643501 0.542324
vt 0.653785 0.542324
vt 0.653785 0.645833
vt 0.643501 0.438815
vt 0.653785 0.438815
vt 0.643501 0.335307
vt 0.653785 0.335307
vt 0.643501 0.231798
vt 0.653785 0.231798
vt 0.897496 0.232363
vt 0.897496 0.128853
vt 0.897496 0.335871
vt 0.897496 0.439380
vt 0.897496 0.542889
vt 0.897496 0.646398
vt 0.893755 0.652144
vt 0.893755 0.662324
vt 0.612649 0.014495
vt 0.897496 0.025344
vt 0.612649 0.004211
vt 0.622933 0.004211
vt 0.592082 0.231798
vt 0.592082 0.128289
vt 0.592082 0.335307
vt 0.592082 0.438815
vt 0.592082 0.542324
vt 0.592082 0.645833
vt 0.580860 0.651578
vt 0.580860 0.661759
vt 0.584600 0.645833
vt 0.640699 0.645833
vt 0.633217 0.004211
vt 0.592082 0.024779
vt 0.703471 0.684795
vt 0.686297 0.684816
vt 0.686228 0.675283
vt 0.703379 0.675453
vt 0.754563 0.675384
vt 0.754512 0.667505
vt 0.771547 0.667156
vt 0.771605 0.675328
vt 0.873725 0.667042
vt 0.890761 0.667297
vt 0.890754 0.675177
vt 0.873711 0.675216
vt 0.890846 0.684635
vt 0.873819 0.684547
vt 0.907904 0.684601
vt 0.907794 0.675260
vt 0.822708 0.684511
vt 0.822703 0.692379
vt 0.805670 0.692587
vt 0.805650 0.684414
vt 0.737487 0.667377
vt 0.737502 0.675558
vt 0.754526 0.684842
vt 0.737521 0.684899
vt 0.839751 0.684485
vt 0.822626 0.675054
vt 0.839647 0.675155
vt 0.686409 0.667339
vt 0.703428 0.667277
vt 0.805605 0.666917
vt 0.822640 0.667183
vt 0.805626 0.675075
vt 0.904691 0.919954
vt 0.905972 0.925798
vt 0.889960 0.927962
vt 0.889228 0.924889
vt 0.942934 0.685141
vt 0.925054 0.684736
vt 0.924966 0.675204
vt 0.943001 0.674921
vt 0.907789 0.667076
vt 0.669381 0.666499
vt 0.668347 0.674841
vt 0.668260 0.685062
vt 0.856775 0.684582
vt 0.856687 0.675124
vt 0.839664 0.666983
vt 0.924839 0.667224
vt 0.788591 0.684598
vt 0.788626 0.675140
vt 0.856700 0.667247
vt 0.788571 0.667269
vt 0.771549 0.684659
vt 0.942020 0.666502
vt 0.720462 0.667570
vt 0.720439 0.675449
vt 0.720514 0.684909
vt 0.614573 0.679041
vt 0.615883 0.693300
vt 0.601151 0.697212
vt 0.595721 0.683518
vt 0.561777 0.780666
vt 0.574555 0.773334
vt 0.583645 0.785572
vt 0.573738 0.795909
vt 0.607780 0.813564
vt 0.610520 0.799510
vt 0.625742 0.799892
vt 0.627139 0.814551
vt 0.667736 0.698438
vt 0.657117 0.707694
vt 0.645441 0.699125
vt 0.652214 0.686504
vt 0.578925 0.693179
vt 0.587741 0.704461
vt 0.577464 0.715721
vt 0.565489 0.707139
vt 0.589475 0.807212
vt 0.596257 0.794134
vt 0.645981 0.809932
vt 0.640515 0.796692
vt 0.652994 0.789343
vt 0.662627 0.799621
vt 0.631066 0.694454
vt 0.633932 0.680010
vt 0.570103 0.729071
vt 0.556587 0.724349
vt 0.567548 0.744100
vt 0.568576 0.759310
vt 0.554653 0.762647
vt 0.552835 0.743357
vt 0.856769 0.692441
vt 0.839743 0.692643
vt 0.737537 0.693045
vt 0.720501 0.692770
vt 0.873804 0.692700
vt 0.924882 0.692664
vt 0.907861 0.692759
vt 0.788637 0.692466
vt 0.703471 0.692963
vt 0.941919 0.693469
vt 0.771598 0.692817
vt 0.686414 0.692782
vt 0.754571 0.692701
vt 0.669221 0.693469
vt 0.890826 0.692494
vt 0.619408 0.764107
vt 0.625753 0.761432
vt 0.633408 0.772339
vt 0.622654 0.776632
vt 0.900600 0.949394
vt 0.896616 0.954319
vt 0.884831 0.943224
vt 0.886931 0.940520
vt 0.853599 0.920332
vt 0.847451 0.916702
vt 0.853077 0.904130
vt 0.859832 0.906002
vt 0.817945 0.948555
vt 0.816130 0.941901
vt 0.828519 0.936315
vt 0.831946 0.942376
vt 0.756737 0.919104
vt 0.765806 0.929378
vt 0.761216 0.934607
vt 0.751570 0.923306
vt 0.855476 0.890651
vt 0.862439 0.890724
vt 0.849914 0.864353
vt 0.841976 0.853421
vt 0.847125 0.848837
vt 0.855909 0.861212
vt 0.776793 0.937440
vt 0.773641 0.943640
vt 0.835383 0.839064
vt 0.831477 0.844818
vt 0.819112 0.839094
vt 0.821473 0.832548
vt 0.839162 0.927702
vt 0.844063 0.932712
vt 0.805737 0.836117
vt 0.806919 0.829563
vt 0.789399 0.942477
vt 0.787872 0.949200
vt 0.854384 0.877104
vt 0.861086 0.875480
vt 0.802806 0.944148
vt 0.802951 0.950914
vt 0.584315 0.720631
vt 0.578496 0.732003
vt 0.593215 0.711466
vt 0.581866 0.769138
vt 0.589797 0.779154
vt 0.575967 0.744525
vt 0.823008 0.966646
vt 0.818975 0.952797
vt 0.833891 0.946224
vt 0.841576 0.958910
vt 0.846929 0.935830
vt 0.857735 0.946550
vt 0.857207 0.922462
vt 0.870544 0.930336
vt 0.881568 0.891168
vt 0.866748 0.890568
vt 0.865298 0.874332
vt 0.879372 0.871174
vt 0.629459 0.702716
vt 0.616701 0.702150
vt 0.600139 0.786652
vt 0.859832 0.859156
vt 0.872418 0.852560
vt 0.764670 0.960547
vt 0.771870 0.947550
vt 0.787026 0.953479
vt 0.783580 0.967498
vt 0.624975 0.791510
vt 0.637393 0.788522
vt 0.604259 0.705047
vt 0.803046 0.955343
vt 0.803350 0.969549
vt 0.845853 0.823042
vt 0.837952 0.835624
vt 0.822968 0.828663
vt 0.827407 0.814148
vt 0.577222 0.757238
vt 0.648543 0.782572
vt 0.807160 0.825648
vt 0.806636 0.810804
vt 0.863945 0.907004
vt 0.878552 0.911287
vt 0.652006 0.713982
vt 0.641513 0.706939
vt 0.735007 0.932122
vt 0.748258 0.925409
vt 0.758535 0.937794
vt 0.747971 0.948693
vt 0.612225 0.790788
vt 0.850463 0.846029
vt 0.861073 0.836241
vt 0.894383 0.905388
vt 0.898731 0.909418
vt 0.886100 0.919150
vt 0.883777 0.916589
vt 0.891983 0.958551
vt 0.882351 0.945488
vt 0.886837 0.961776
vt 0.879623 0.947213
vt 0.832087 0.865431
vt 0.840940 0.876510
vt 0.830534 0.881989
vt 0.824503 0.874416
vt 0.845075 0.890066
vt 0.833350 0.891279
vt 0.826022 0.891966
vt 0.824049 0.885389
vt 0.819764 0.880025
vt 0.902255 0.914440
vt 0.887939 0.921937
vt 0.881235 0.963904
vt 0.876693 0.948398
vt 0.834399 0.919866
vt 0.822617 0.927760
vt 0.818035 0.916932
vt 0.826080 0.911556
vt 0.808748 0.930721
vt 0.808576 0.918965
vt 0.808469 0.911623
vt 0.815184 0.910196
vt 0.820882 0.906368
vt 0.906312 0.931779
vt 0.905462 0.937790
vt 0.889607 0.934312
vt 0.890071 0.931119
vt 0.875378 0.965117
vt 0.873590 0.948982
vt 0.780602 0.869054
vt 0.791925 0.860517
vt 0.797103 0.871072
vt 0.789370 0.876886
vt 0.805609 0.856789
vt 0.806434 0.868517
vt 0.806949 0.875841
vt 0.800324 0.877640
vt 0.794846 0.881778
vt 0.771227 0.895282
vt 0.773392 0.881266
vt 0.784462 0.885224
vt 0.782973 0.894783
vt 0.791351 0.887686
vt 0.790309 0.894471
vt 0.634263 0.743338
vt 0.632209 0.737047
vt 0.643320 0.731351
vt 0.647157 0.742370
vt 0.630833 0.756587
vt 0.641795 0.764431
vt 0.794798 0.928167
vt 0.799062 0.917210
vt 0.782792 0.920620
vt 0.790864 0.912073
vt 0.795906 0.906735
vt 0.801715 0.910393
vt 0.599398 0.751315
vt 0.602083 0.757362
vt 0.591612 0.764164
vt 0.586668 0.753594
vt 0.628025 0.732104
vt 0.635705 0.722450
vt 0.819679 0.858564
vt 0.816031 0.869741
vt 0.813761 0.876695
vt 0.615664 0.728567
vt 0.609079 0.730581
vt 0.602571 0.718944
vt 0.613713 0.715776
vt 0.606750 0.761852
vt 0.600097 0.772240
vt 0.845251 0.894218
vt 0.842281 0.908076
vt 0.831447 0.903498
vt 0.833466 0.894004
vt 0.824698 0.900661
vt 0.826106 0.893940
vt 0.601461 0.737783
vt 0.599177 0.744428
vt 0.586066 0.742023
vt 0.589737 0.731044
vt 0.603532 0.734886
vt 0.593368 0.725966
vt 0.774572 0.909063
vt 0.785267 0.904181
vt 0.791922 0.901144
vt 0.779442 0.989961
vt 0.772992 0.987667
vt 0.778561 0.973955
vt 0.783761 0.975800
vt 0.766769 0.984814
vt 0.773547 0.971651
vt 0.622259 0.729149
vt 0.625316 0.717036
vt 0.855421 0.971176
vt 0.850344 0.975767
vt 0.840911 0.964363
vt 0.845001 0.960659
vt 0.844881 0.979894
vt 0.836505 0.967686
vt 0.869351 0.965137
vt 0.870370 0.949006
vt 0.820023 0.991051
vt 0.813309 0.992388
vt 0.811059 0.977761
vt 0.816470 0.976678
vt 0.806504 0.993130
vt 0.805573 0.978354
vt 0.903478 0.943747
vt 0.888547 0.937500
vt 0.760832 0.981405
vt 0.768759 0.968907
vt 0.755218 0.977486
vt 0.764237 0.965746
vt 0.839065 0.983505
vt 0.831820 0.970601
vt 0.832954 0.986591
vt 0.826892 0.973084
vt 0.863327 0.963959
vt 0.857872 0.961627
vt 0.863788 0.947380
vt 0.867074 0.948460
vt 0.792830 0.992763
vt 0.786074 0.991657
vt 0.789106 0.977171
vt 0.794552 0.978058
vt 0.799659 0.993248
vt 0.800056 0.978454
vt 0.633779 0.750211
vt 0.646569 0.753935
vt 0.610984 0.776565
vt 0.612788 0.764202
vt 0.826587 0.989106
vt 0.821761 0.975115
vt 0.845382 0.934202
vt 0.855328 0.921353
vt 0.832812 0.944203
vt 0.863045 0.874907
vt 0.857715 0.860265
vt 0.864457 0.890599
vt 0.787513 0.951208
vt 0.802995 0.952953
vt 0.772858 0.945495
vt 0.822218 0.830722
vt 0.807156 0.827719
vt 0.836629 0.837482
vt 0.861773 0.906437
vt 0.759976 0.936142
vt 0.750069 0.924405
vt 0.848710 0.847553
vt 0.818390 0.950547
vt 0.837774 0.926206
vt 0.845711 0.915675
vt 0.827574 0.934477
vt 0.635189 0.775059
vt 0.623312 0.779797
vt 0.644444 0.766326
vt 0.852364 0.877643
vt 0.848041 0.865334
vt 0.853412 0.890709
vt 0.646120 0.729792
vt 0.650362 0.741974
vt 0.637702 0.719939
vt 0.789815 0.940429
vt 0.802760 0.942033
vt 0.777652 0.935566
vt 0.588986 0.766001
vt 0.583521 0.754316
vt 0.598367 0.774942
vt 0.818361 0.840968
vt 0.805467 0.838105
vt 0.830249 0.846474
vt 0.601081 0.716054
vt 0.613383 0.712559
vt 0.590940 0.723780
vt 0.851098 0.903636
vt 0.649717 0.754745
vt 0.767086 0.927816
vt 0.758348 0.917909
vt 0.582851 0.741545
vt 0.586885 0.729450
vt 0.840383 0.854775
vt 0.626207 0.713954
vt 0.815626 0.939872
vt 0.610413 0.779721
vt 0.903171 0.951061
vt 0.898931 0.956512
vt 0.893916 0.961216
vt 0.909463 0.925319
vt 0.909706 0.931913
vt 0.908687 0.938470
vt 0.882216 0.967289
vt 0.875732 0.968487
vt 0.869109 0.968397
vt 0.895895 0.902834
vt 0.901085 0.907362
vt 0.905129 0.912891
vt 0.906427 0.944966
vt 0.862410 0.966949
vt 0.856158 0.964049
vt 0.907909 0.918909
vt 0.888338 0.964819
vt 0.703471 0.684795
vt 0.703379 0.675453
vt 0.686228 0.675283
vt 0.686297 0.684816
vt 0.754563 0.675384
vt 0.771605 0.675328
vt 0.771547 0.667156
vt 0.754512 0.667505
vt 0.873725 0.667042
vt 0.873711 0.675216
vt 0.890754 0.675177
vt 0.890761 0.667297
vt 0.873819 0.684547
vt 0.890846 0.684635
vt 0.907904 0.684601
vt 0.907794 0.675260
vt 0.822708 0.684511
vt 0.805650 0.684414
vt 0.805670 0.692587
vt 0.822703 0.692379
vt 0.737487 0.667377
vt 0.737502 0.675558
vt 0.737521 0.684899
vt 0.754526 0.684842
vt 0.839751 0.684485
vt 0.839647 0.675155
vt 0.822626 0.675054
vt 0.703428 0.667277
vt 0.686409 0.667339
vt 0.805605 0.666917
vt 0.805626 0.675075
vt 0.822640 0.667183
vt 0.904691 0.919954
vt 0.889228 0.924889
vt 0.889960 0.927962
vt 0.905972 0.925798
vt 0.942934 0.685141
vt 0.943001 0.674921
vt 0.924966 0.675204
vt 0.925054 0.684736
vt 0.907789 0.667076
vt 0.669381 0.666499
vt 0.668347 0.674841
vt 0.668260 0.685062
vt 0.856687 0.675124
vt 0.856775 0.684582
vt 0.839664 0.666983
vt 0.924839 0.667224
vt 0.788626 0.675140
vt 0.788591 0.684598
vt 0.856700 0.667247
vt 0.788571 0.667269
vt 0.771549 0.684659
vt 0.942020 0.666502
vt 0.720439 0.675449
vt 0.720462 0.667570
vt 0.720514 0.684909
vt 0.614573 0.679041
vt 0.595721 0.683518
vt 0.601151 0.697212
vt 0.615883 0.693300
vt 0.561777 0.780666
vt 0.573738 0.795909
vt 0.583645 0.785572
vt 0.574555 0.773334
vt 0.607780 0.813564
vt 0.627139 0.814551
vt 0.625742 0.799892
vt 0.610520 0.799510
vt 0.667736 0.698438
vt 0.652214 0.686504
vt 0.645441 0.699125
vt 0.657117 0.707694
vt 0.578925 0.693179
vt 0.565489 0.707139
vt 0.577464 0.715721
vt 0.587741 0.704461
vt 0.589475 0.807212
vt 0.596257 0.794134
vt 0.645981 0.809932
vt 0.662627 0.799621
vt 0.652994 0.789343
vt 0.640515 0.796692
vt 0.631066 0.694454
vt 0.633932 0.680010
vt 0.556587 0.724349
vt 0.570103 0.729071
vt 0.567548 0.744100
vt 0.552835 0.743357
vt 0.554653 0.762647
vt 0.568576 0.759310
vt 0.839743 0.692643
vt 0.856769 0.692441
vt 0.737537 0.693045
vt 0.720501 0.692770
vt 0.873804 0.692700
vt 0.907861 0.692759
vt 0.924882 0.692664
vt 0.788637 0.692466
vt 0.703471 0.692963
vt 0.941919 0.693469
vt 0.771598 0.692817
vt 0.686414 0.692782
vt 0.754571 0.692701
vt 0.669221 0.693469
vt 0.890826 0.692494
vt 0.619408 0.764107
vt 0.622654 0.776632
vt 0.633408 0.772339
vt 0.625753 0.761432
vt 0.900600 0.949394
vt 0.886931 0.940520
vt 0.884831 0.943224
vt 0.896616 0.954319
vt 0.853599 0.920332
vt 0.859832 0.906002
vt 0.853077 0.904130
vt 0.847451 0.916702
vt 0.817945 0.948555
vt 0.831946 0.942376
vt 0.828519 0.936315
vt 0.816130 0.941901
vt 0.756737 0.919104
vt 0.751570 0.923306
vt 0.761216 0.934607
vt 0.765806 0.929378
vt 0.862439 0.890724
vt 0.855476 0.890651
vt 0.849914 0.864353
vt 0.855909 0.861212
vt 0.847125 0.848837
vt 0.841976 0.853421
vt 0.773641 0.943640
vt 0.776793 0.937440
vt 0.835383 0.839064
vt 0.821473 0.832548
vt 0.819112 0.839094
vt 0.831477 0.844818
vt 0.844063 0.932712
vt 0.839162 0.927702
vt 0.806919 0.829563
vt 0.805737 0.836117
vt 0.787872 0.949200
vt 0.789399 0.942477
vt 0.861086 0.875480
vt 0.854384 0.877104
vt 0.802951 0.950914
vt 0.802806 0.944148
vt 0.584315 0.720631
vt 0.578496 0.732003
vt 0.593215 0.711466
vt 0.589797 0.779154
vt 0.581866 0.769138
vt 0.575967 0.744525
vt 0.823008 0.966646
vt 0.841576 0.958910
vt 0.833891 0.946224
vt 0.818975 0.952797
vt 0.857735 0.946550
vt 0.846929 0.935830
vt 0.870544 0.930336
vt 0.857207 0.922462
vt 0.881568 0.891168
vt 0.879372 0.871174
vt 0.865298 0.874332
vt 0.866748 0.890568
vt 0.616701 0.702150
vt 0.629459 0.702716
vt 0.600139 0.786652
vt 0.872418 0.852560
vt 0.859832 0.859156
vt 0.764670 0.960547
vt 0.783580 0.967498
vt 0.787026 0.953479
vt 0.771870 0.947550
vt 0.637393 0.788522
vt 0.624975 0.791510
vt 0.604259 0.705047
vt 0.803350 0.969549
vt 0.803046 0.955343
vt 0.845853 0.823042
vt 0.827407 0.814148
vt 0.822968 0.828663
vt 0.837952 0.835624
vt 0.577222 0.757238
vt 0.648543 0.782572
vt 0.806636 0.810804
vt 0.807160 0.825648
vt 0.878552 0.911287
vt 0.863945 0.907004
vt 0.652006 0.713982
vt 0.641513 0.706939
vt 0.735007 0.932122
vt 0.747971 0.948693
vt 0.758535 0.937794
vt 0.748258 0.925409
vt 0.612225 0.790788
vt 0.861073 0.836241
vt 0.850463 0.846029
vt 0.894383 0.905388
vt 0.883777 0.916589
vt 0.886100 0.919150
vt 0.898731 0.909418
vt 0.882351 0.945488
vt 0.891983 0.958551
vt 0.879623 0.947213
vt 0.886837 0.961776
vt 0.832087 0.865431
vt 0.824503 0.874416
vt 0.830534 0.881989
vt 0.840940 0.876510
vt 0.833350 0.891279
vt 0.845075 0.890066
vt 0.824049 0.885389
vt 0.826022 0.891966
vt 0.819764 0.880025
vt 0.902255 0.914440
vt 0.887939 0.921937
vt 0.876693 0.948398
vt 0.881235 0.963904
vt 0.834399 0.919866
vt 0.826080 0.911556
vt 0.818035 0.916932
vt 0.822617 0.927760
vt 0.808576 0.918965
vt 0.808748 0.930721
vt 0.815184 0.910196
vt 0.808469 0.911623
vt 0.820882 0.906368
vt 0.906312 0.931779
vt 0.890071 0.931119
vt 0.889607 0.934312
vt 0.905462 0.937790
vt 0.873590 0.948982
vt 0.875378 0.965117
vt 0.780602 0.869054
vt 0.789370 0.876886
vt 0.797103 0.871072
vt 0.791925 0.860517
vt 0.806434 0.868517
vt 0.805609 0.856789
vt 0.800324 0.877640
vt 0.806949 0.875841
vt 0.794846 0.881778
vt 0.771227 0.895282
vt 0.782973 0.894783
vt 0.784462 0.885224
vt 0.773392 0.881266
vt 0.791351 0.887686
vt 0.790309 0.894471
vt 0.634263 0.743338
vt 0.647157 0.742370
vt 0.643320 0.731351
vt 0.632209 0.737047
vt 0.641795 0.764431
vt 0.630833 0.756587
vt 0.799062 0.917210
vt 0.794798 0.928167
vt 0.790864 0.912073
vt 0.782792 0.920620
vt 0.801715 0.910393
vt 0.795906 0.906735
vt 0.599398 0.751315
vt 0.586668 0.753594
vt 0.591612 0.764164
vt 0.602083 0.757362
vt 0.635705 0.722450
vt 0.628025 0.732104
vt 0.816031 0.869741
vt 0.819679 0.858564
vt 0.813761 0.876695
vt 0.615664 0.728567
vt 0.613713 0.715776
vt 0.602571 0.718944
vt 0.609079 0.730581
vt 0.600097 0.772240
vt 0.606750 0.761852
vt 0.845251 0.894218
vt 0.833466 0.894004
vt 0.831447 0.903498
vt 0.842281 0.908076
vt 0.824698 0.900661
vt 0.826106 0.893940
vt 0.601461 0.737783
vt 0.589737 0.731044
vt 0.586066 0.742023
vt 0.599177 0.744428
vt 0.593368 0.725966
vt 0.603532 0.734886
vt 0.785267 0.904181
vt 0.774572 0.909063
vt 0.791922 0.901144
vt 0.779442 0.989961
vt 0.783761 0.975800
vt 0.778561 0.973955
vt 0.772992 0.987667
vt 0.773547 0.971651
vt 0.766769 0.984814
vt 0.625316 0.717036
vt 0.622259 0.729149
vt 0.855421 0.971176
vt 0.845001 0.960659
vt 0.840911 0.964363
vt 0.850344 0.975767
vt 0.836505 0.967686
vt 0.844881 0.979894
vt 0.870370 0.949006
vt 0.869351 0.965137
vt 0.820023 0.991051
vt 0.816470 0.976678
vt 0.811059 0.977761
vt 0.813309 0.992388
vt 0.805573 0.978354
vt 0.806504 0.993130
vt 0.903478 0.943747
vt 0.888547 0.937500
vt 0.768759 0.968907
vt 0.760832 0.981405
vt 0.764237 0.965746
vt 0.755218 0.977486
vt 0.831820 0.970601
vt 0.839065 0.983505
vt 0.826892 0.973084
vt 0.832954 0.986591
vt 0.863327 0.963959
vt 0.867074 0.948460
vt 0.863788 0.947380
vt 0.857872 0.961627
vt 0.792830 0.992763
vt 0.794552 0.978058
vt 0.789106 0.977171
vt 0.786074 0.991657
vt 0.800056 0.978454
vt 0.799659 0.993248
vt 0.646569 0.753935
vt 0.633779 0.750211
vt 0.610984 0.776565
vt 0.612788 0.764202
vt 0.821761 0.975115
vt 0.826587 0.989106
vt 0.855328 0.921353
vt 0.845382 0.934202
vt 0.832812 0.944203
vt 0.857715 0.860265
vt 0.863045 0.874907
vt 0.864457 0.890599
vt 0.802995 0.952953
vt 0.787513 0.951208
vt 0.772858 0.945495
vt 0.807156 0.827719
vt 0.822218 0.830722
vt 0.836629 0.837482
vt 0.861773 0.906437
vt 0.759976 0.936142
vt 0.750069 0.924405
vt 0.848710 0.847553
vt 0.818390 0.950547
vt 0.845711 0.915675
vt 0.837774 0.926206
vt 0.827574 0.934477
vt 0.635189 0.775059
vt 0.623312 0.779797
vt 0.644444 0.766326
vt 0.848041 0.865334
vt 0.852364 0.877643
vt 0.853412 0.890709
vt 0.646120 0.729792
vt 0.650362 0.741974
vt 0.637702 0.719939
vt 0.802760 0.942033
vt 0.789815 0.940429
vt 0.777652 0.935566
vt 0.588986 0.766001
vt 0.583521 0.754316
vt 0.598367 0.774942
vt 0.805467 0.838105
vt 0.818361 0.840968
vt 0.830249 0.846474
vt 0.601081 0.716054
vt 0.613383 0.712559
vt 0.590940 0.723780
vt 0.851098 0.903636
vt 0.649717 0.754745
vt 0.767086 0.927816
vt 0.758348 0.917909
vt 0.582851 0.741545
vt 0.586885 0.729450
vt 0.840383 0.854775
vt 0.626207 0.713954
vt 0.815626 0.939872
vt 0.610413 0.779721
vt 0.903171 0.951061
vt 0.898931 0.956512
vt 0.893916 0.961216
vt 0.909463 0.925319
vt 0.909706 0.931913
vt 0.908687 0.938470
vt 0.882216 0.967289
vt 0.875732 0.968487
vt 0.869109 0.968397
vt 0.895895 0.902834
vt 0.901085 0.907362
vt 0.905129 0.912891
vt 0.906427 0.944966
vt 0.862410 0.966949
vt 0.856158 0.964049
vt 0.907909 0.918909
vt 0.888338 0.964819
vt 0.703471 0.684795
vt 0.703379 0.675453
vt 0.686228 0.675283
vt 0.686297 0.684816
vt 0.754563 0.675384
vt 0.771605 0.675328
vt 0.771547 0.667156
vt 0.754512 0.667505
vt 0.873725 0.667042
vt 0.873711 0.675216
vt 0.890754 0.675177
vt 0.890761 0.667297
vt 0.873819 0.684547
vt 0.890846 0.684635
vt 0.907904 0.684601
vt 0.907794 0.675260
vt 0.822708 0.684511
vt 0.805650 0.684414
vt 0.805670 0.692587
vt 0.822703 0.692379
vt 0.737487 0.667377
vt 0.737502 0.675558
vt 0.737521 0.684899
vt 0.754526 0.684842
vt 0.839751 0.684485
vt 0.839647 0.675155
vt 0.822626 0.675054
vt 0.703428 0.667277
vt 0.686409 0.667339
vt 0.805605 0.666917
vt 0.805626 0.675075
vt 0.822640 0.667183
vt 0.904691 0.919954
vt 0.889228 0.924889
vt 0.889960 0.927962
vt 0.905972 0.925798
vt 0.942934 0.685141
vt 0.943001 0.674921
vt 0.924966 0.675204
vt 0.925054 0.684736
vt 0.907789 0.667076
vt 0.669381 0.666499
vt 0.668347 0.674841
vt 0.668260 0.685062
vt 0.856687 0.675124
vt 0.856775 0.684582
vt 0.839664 0.666983
vt 0.924839 0.667224
vt 0.788626 0.675140
vt 0.788591 0.684598
vt 0.856700 0.667247
vt 0.788571 0.667269
vt 0.771549 0.684659
vt 0.942020 0.666502
vt 0.720439 0.675449
vt 0.720462 0.667570
vt 0.720514 0.684909
vt 0.614573 0.679041
vt 0.595721 0.683518
vt 0.601151 0.697212
vt 0.615883 0.693300
vt 0.561777 0.780666
vt 0.573738 0.795909
vt 0.583645 0.785572
vt 0.574555 0.773334
vt 0.607780 0.813564
vt 0.627139 0.814551
vt 0.625742 0.799892
vt 0.610520 0.799510
vt 0.667736 0.698438
vt 0.652214 0.686504
vt 0.645441 0.699125
vt 0.657117 0.707694
vt 0.578925 0.693179
vt 0.565489 0.707139
vt 0.577464 0.715721
vt 0.587741 0.704461
vt 0.589475 0.807212
vt 0.596257 0.794134
vt 0.645981 0.809932
vt 0.662627 0.799621
vt 0.652994 0.789343
vt 0.640515 0.796692
vt 0.631066 0.694454
vt 0.633932 0.680010
vt 0.556587 0.724349
vt 0.570103 0.729071
vt 0.567548 0.744100
vt 0.552835 0.743357
vt 0.554653 0.762647
vt 0.568576 0.759310
vt 0.839743 0.692643
vt 0.856769 0.692441
vt 0.737537 0.693045
vt 0.720501 0.692770
vt 0.873804 0.692700
vt 0.907861 0.692759
vt 0.924882 0.692664
vt 0.788637 0.692466
vt 0.703471 0.692963
vt 0.941919 0.693469
vt 0.771598 0.692817
vt 0.686414 0.692782
vt 0.754571 0.692701
vt 0.669221 0.693469
vt 0.890826 0.692494
vt 0.619408 0.764107
vt 0.622654 0.776632
vt 0.633408 0.772339
vt 0.625753 0.761432
vt 0.900600 0.949394
vt 0.886931 0.940520
vt 0.884831 0.943224
vt 0.896616 0.954319
vt 0.853599 0.920332
vt 0.859832 0.906002
vt 0.853077 0.904130
vt 0.847451 0.916702
vt 0.817945 0.948555
vt 0.831946 0.942376
vt 0.828519 0.936315
vt 0.816130 0.941901
vt 0.756737 0.919104
vt 0.751570 0.923306
vt 0.761216 0.934607
vt 0.765806 0.929378
vt 0.862439 0.890724
vt 0.855476 0.890651
vt 0.849914 0.864353
vt 0.855909 0.861212
vt 0.847125 0.848837
vt 0.841976 0.853421
vt 0.773641 0.943640
vt 0.776793 0.937440
vt 0.835383 0.839064
vt 0.821473 0.832548
vt 0.819112 0.839094
vt 0.831477 0.844818
vt 0.844063 0.932712
vt 0.839162 0.927702
vt 0.806919 0.829563
vt 0.805737 0.836117
vt 0.787872 0.949200
vt 0.789399 0.942477
vt 0.861086 0.875480
vt 0.854384 0.877104
vt 0.802951 0.950914
vt 0.802806 0.944148
vt 0.584315 0.720631
vt 0.578496 0.732003
vt 0.593215 0.711466
vt 0.589797 0.779154
vt 0.581866 0.769138
vt 0.575967 0.744525
vt 0.823008 0.966646
vt 0.841576 0.958910
vt 0.833891 0.946224
vt 0.818975 0.952797
vt 0.857735 0.946550
vt 0.846929 0.935830
vt 0.870544 0.930336
vt 0.857207 0.922462
vt 0.881568 0.891168
vt 0.879372 0.871174
vt 0.865298 0.874332
vt 0.866748 0.890568
vt 0.616701 0.702150
vt 0.629459 0.702716
vt 0.600139 0.786652
vt 0.872418 0.852560
vt 0.859832 0.859156
vt 0.764670 0.960547
vt 0.783580 0.967498
vt 0.787026 0.953479
vt 0.771870 0.947550
vt 0.637393 0.788522
vt 0.624975 0.791510
vt 0.604259 0.705047
vt 0.803350 0.969549
vt 0.803046 0.955343
vt 0.845853 0.823042
vt 0.827407 0.814148
vt 0.822968 0.828663
vt 0.837952 0.835624
vt 0.577222 0.757238
vt 0.648543 0.782572
vt 0.806636 0.810804
vt 0.807160 0.825648
vt 0.878552 0.911287
vt 0.863945 0.907004
vt 0.652006 0.713982
vt 0.641513 0.706939
vt 0.735007 0.932122
vt 0.747971 0.948693
vt 0.758535 0.937794
vt 0.748258 0.925409
vt 0.612225 0.790788
vt 0.861073 0.836241
vt 0.850463 0.846029
vt 0.894383 0.905388
vt 0.883777 0.916589
vt 0.886100 0.919150
vt 0.898731 0.909418
vt 0.882351 0.945488
vt 0.891983 0.958551
vt 0.879623 0.947213
vt 0.886837 0.961776
vt 0.832087 0.865431
vt 0.824503 0.874416
vt 0.830534 0.881989
vt 0.840940 0.876510
vt 0.833350 0.891279
vt 0.845075 0.890066
vt 0.824049 0.885389
vt 0.826022 0.891966
vt 0.819764 0.880025
vt 0.902255 0.914440
vt 0.887939 0.921937
vt 0.876693 0.948398
vt 0.881235 0.963904
vt 0.834399 0.919866
vt 0.826080 0.911556
vt 0.818035 0.916932
vt 0.822617 0.927760
vt 0.808576 0.918965
vt 0.808748 0.930721
vt 0.815184 0.910196
vt 0.808469 0.911623
vt 0.820882 0.906368
vt 0.906312 0.931779
vt 0.890071 0.931119
vt 0.889607 0.934312
vt 0.905462 0.937790
vt 0.873590 0.948982
vt 0.875378 0.965117
vt 0.780602 0.869054
vt 0.789370 0.876886
vt 0.797103 0.871072
vt 0.791925 0.860517
vt 0.806434 0.868517
vt 0.805609 0.856789
vt 0.800324 0.877640
vt 0.806949 0.875841
vt 0.794846 0.881778
vt 0.771227 0.895282
vt 0.782973 0.894783
vt 0.784462 0.885224
vt 0.773392 0.881266
vt 0.791351 0.887686
vt 0.790309 0.894471
vt 0.634263 0.743338
vt 0.647157 0.742370
vt 0.643320 0.731351
vt 0.632209 0.737047
vt 0.641795 0.764431
vt 0.630833 0.756587
vt 0.799062 0.917210
vt 0.794798 0.928167
vt 0.790864 0.912073
vt 0.782792 0.920620
vt 0.801715 0.910393
vt 0.795906 0.906735
vt 0.599398 0.751315
vt 0.586668 0.753594
vt 0.591612 0.764164
vt 0.602083 0.757362
vt 0.635705 0.722450
vt 0.628025 0.732104
vt 0.816031 0.869741
vt 0.819679 0.858564
vt 0.813761 0.876695
vt 0.615664 0.728567
vt 0.613713 0.715776
vt 0.602571 0.718944
vt 0.609079 0.730581
vt 0.600097 0.772240
vt 0.606750 0.761852
vt 0.845251 0.894218
vt 0.833466 0.894004
vt 0.831447 0.903498
vt 0.842281 0.908076
vt 0.824698 0.900661
vt 0.826106 0.893940
vt 0.601461 0.737783
vt 0.589737 0.731044
vt 0.586066 0.742023
vt 0.599177 0.744428
vt 0.593368 0.725966
vt 0.603532 0.734886
vt 0.785267 0.904181
vt 0.774572 0.909063
vt 0.791922 0.901144
vt 0.779442 0.989961
vt 0.783761 0.975800
vt 0.778561 0.973955
vt 0.772992 0.987667
vt 0.773547 0.971651
vt 0.766769 0.984814
vt 0.625316 0.717036
vt 0.622259 0.729149
vt 0.855421 0.971176
vt 0.845001 0.960659
vt 0.840911 0.964363
vt 0.850344 0.975767
vt 0.836505 0.967686
vt 0.844881 0.979894
vt 0.870370 0.949006
vt 0.869351 0.965137
vt 0.820023 0.991051
vt 0.816470 0.976678
vt 0.811059 0.977761
vt 0.813309 0.992388
vt 0.805573 0.978354
vt 0.806504 0.993130
vt 0.903478 0.943747
vt 0.888547 0.937500
vt 0.768759 0.968907
vt 0.760832 0.981405
vt 0.764237 0.965746
vt 0.755218 0.977486
vt 0.831820 0.970601
vt 0.839065 0.983505
vt 0.826892 0.973084
vt 0.832954 0.986591
vt 0.863327 0.963959
vt 0.867074 0.948460
vt 0.863788 0.947380
vt 0.857872 0.961627
vt 0.792830 0.992763
vt 0.794552 0.978058
vt 0.789106 0.977171
vt 0.786074 0.991657
vt 0.800056 0.978454
vt 0.799659 0.993248
vt 0.646569 0.753935
vt 0.633779 0.750211
vt 0.610984 0.776565
vt 0.612788 0.764202
vt 0.821761 0.975115
vt 0.826587 0.989106
vt 0.855328 0.921353
vt 0.845382 0.934202
vt 0.832812 0.944203
vt 0.857715 0.860265
vt 0.863045 0.874907
vt 0.864457 0.890599
vt 0.802995 0.952953
vt 0.787513 0.951208
vt 0.772858 0.945495
vt 0.807156 0.827719
vt 0.822218 0.830722
vt 0.836629 0.837482
vt 0.861773 0.906437
vt 0.759976 0.936142
vt 0.750069 0.924405
vt 0.848710 0.847553
vt 0.818390 0.950547
vt 0.845711 0.915675
vt 0.837774 0.926206
vt 0.827574 0.934477
vt 0.635189 0.775059
vt 0.623312 0.779797
vt 0.644444 0.766326
vt 0.848041 0.865334
vt 0.852364 0.877643
vt 0.853412 0.890709
vt 0.646120 0.729792
vt 0.650362 0.741974
vt 0.637702 0.719939
vt 0.802760 0.942033
vt 0.789815 0.940429
vt 0.777652 0.935566
vt 0.588986 0.766001
vt 0.583521 0.754316
vt 0.598367 0.774942
vt 0.805467 0.838105
vt 0.818361 0.840968
vt 0.830249 0.846474
vt 0.601081 0.716054
vt 0.613383 0.712559
vt 0.590940 0.723780
vt 0.851098 0.903636
vt 0.649717 0.754745
vt 0.767086 0.927816
vt 0.758348 0.917909
vt 0.582851 0.741545
vt 0.586885 0.729450
vt 0.840383 0.854775
vt 0.626207 0.713954
vt 0.815626 0.939872
vt 0.610413 0.779721
vt 0.903171 0.951061
vt 0.898931 0.956512
vt 0.893916 0.961216
vt 0.909463 0.925319
vt 0.909706 0.931913
vt 0.908687 0.938470
vt 0.882216 0.967289
vt 0.875732 0.968487
vt 0.869109 0.968397
vt 0.895895 0.902834
vt 0.901085 0.907362
vt 0.905129 0.912891
vt 0.906427 0.944966
vt 0.862410 0.966949
vt 0.856158 0.964049
vt 0.907909 0.918909
vt 0.888338 0.964819
vt 0.703471 0.684795
vt 0.686297 0.684816
vt 0.686228 0.675283
vt 0.703379 0.675453
vt 0.754563 0.675384
vt 0.754512 0.667505
vt 0.771547 0.667156
vt 0.771605 0.675328
vt 0.873725 0.667042
vt 0.890761 0.667297
vt 0.890754 0.675177
vt 0.873711 0.675216
vt 0.890846 0.684635
vt 0.873819 0.684547
vt 0.907904 0.684601
vt 0.907794 0.675260
vt 0.822708 0.684511
vt 0.822703 0.692379
vt 0.805670 0.692587
vt 0.805650 0.684414
vt 0.737487 0.667377
vt 0.737502 0.675558
vt 0.754526 0.684842
vt 0.737521 0.684899
vt 0.839751 0.684485
vt 0.822626 0.675054
vt 0.839647 0.675155
vt 0.686409 0.667339
vt 0.703428 0.667277
vt 0.805605 0.666917
vt 0.822640 0.667183
vt 0.805626 0.675075
vt 0.904691 0.919954
vt 0.905972 0.925798
vt 0.889960 0.927962
vt 0.889228 0.924889
vt 0.942934 0.685141
vt 0.925054 0.684736
vt 0.924966 0.675204
vt 0.943001 0.674921
vt 0.907789 0.667076
vt 0.669381 0.666499
vt 0.668347 0.674841
vt 0.668260 0.685062
vt 0.856775 0.684582
vt 0.856687 0.675124
vt 0.839664 0.666983
vt 0.924839 0.667224
vt 0.788591 0.684598
vt 0.788626 0.675140
vt 0.856700 0.667247
vt 0.788571 0.667269
vt 0.771549 0.684659
vt 0.942020 0.666502
vt 0.720462 0.667570
vt 0.720439 0.675449
vt 0.720514 0.684909
vt 0.614573 0.679041
vt 0.615883 0.693300
vt 0.601151 0.697212
vt 0.595721 0.683518
vt 0.561777 0.780666
vt 0.574555 0.773334
vt 0.583645 0.785572
vt 0.573738 0.795909
vt 0.607780 0.813564
vt 0.610520 0.799510
vt 0.625742 0.799892
vt 0.627139 0.814551
vt 0.667736 0.698438
vt 0.657117 0.707694
vt 0.645441 0.699125
vt 0.652214 0.686504
vt 0.578925 0.693179
vt 0.587741 0.704461
vt 0.577464 0.715721
vt 0.565489 0.707139
vt 0.589475 0.807212
vt 0.596257 0.794134
vt 0.645981 0.809932
vt 0.640515 0.796692
vt 0.652994 0.789343
vt 0.662627 0.799621
vt 0.631066 0.694454
vt 0.633932 0.680010
vt 0.570103 0.729071
vt 0.556587 0.724349
vt 0.567548 0.744100
vt 0.568576 0.759310
vt 0.554653 0.762647
vt 0.552835 0.743357
vt 0.856769 0.692441
vt 0.839743 0.692643
vt 0.737537 0.693045
vt 0.720501 0.692770
vt 0.873804 0.692700
vt 0.924882 0.692664
vt 0.907861 0.692759
vt 0.788637 0.692466
vt 0.703471 0.692963
vt 0.941919 0.693469
vt 0.771598 0.692817
vt 0.686414 0.692782
vt 0.754571 0.692701
vt 0.669221 0.693469
vt 0.890826 0.692494
vt 0.619408 0.764107
vt 0.625753 0.761432
vt 0.633408 0.772339
vt 0.622654 0.776632
vt 0.900600 0.949394
vt 0.896616 0.954319
vt 0.884831 0.943224
vt 0.886931 0.940520
vt 0.853599 0.920332
vt 0.847451 0.916702
vt 0.853077 0.904130
vt 0.859832 0.906002
vt 0.817945 0.948555
vt 0.816130 0.941901
vt 0.828519 0.936315
vt 0.831946 0.942376
vt 0.756737 0.919104
vt 0.765806 0.929378
vt 0.761216 0.934607
vt 0.751570 0.923306
vt 0.855476 0.890651
vt 0.862439 0.890724
vt 0.849914 0.864353
vt 0.841976 0.853421
vt 0.847125 0.848837
vt 0.855909 0.861212
vt 0.776793 0.937440
vt 0.773641 0.943640
vt 0.835383 0.839064
vt 0.831477 0.844818
vt 0.819112 0.839094
vt 0.821473 0.832548
vt 0.839162 0.927702
vt 0.844063 0.932712
vt 0.805737 0.836117
vt 0.806919 0.829563
vt 0.789399 0.942477
vt 0.787872 0.949200
vt 0.854384 0.877104
vt 0.861086 0.875480
vt 0.802806 0.944148
vt 0.802951 0.950914
vt 0.584315 0.720631
vt 0.578496 0.732003
vt 0.593215 0.711466
vt 0.581866 0.769138
vt 0.589797 0.779154
vt 0.575967 0.744525
vt 0.823008 0.966646
vt 0.818975 0.952797
vt 0.833891 0.946224
vt 0.841576 0.958910
vt 0.846929 0.935830
vt 0.857735 0.946550
vt 0.857207 0.922462
vt 0.870544 0.930336
vt 0.881568 0.891168
vt 0.866748 0.890568
vt 0.865298 0.874332
vt 0.879372 0.871174
vt 0.629459 0.702716
vt 0.616701 0.702150
vt 0.600139 0.786652
vt 0.859832 0.859156
vt 0.872418 0.852560
vt 0.764670 0.960547
vt 0.771870 0.947550
vt 0.787026 0.953479
vt 0.783580 0.967498
vt 0.624975 0.791510
vt 0.637393 0.788522
vt 0.604259 0.705047
vt 0.803046 0.955343
vt 0.803350 0.969549
vt 0.845853 0.823042
vt 0.837952 0.835624
vt 0.822968 0.828663
vt 0.827407 0.814148
vt 0.577222 0.757238
vt 0.648543 0.782572
vt 0.807160 0.825648
vt 0.806636 0.810804
vt 0.863945 0.907004
vt 0.878552 0.911287
vt 0.652006 0.713982
vt 0.641513 0.706939
vt 0.735007 0.932122
vt 0.748258 0.925409
vt 0.758535 0.937794
vt 0.747971 0.948693
vt 0.612225 0.790788
vt 0.850463 0.846029
vt 0.861073 0.836241
vt 0.894383 0.905388
vt 0.898731 0.909418
vt 0.886100 0.919150
vt 0.883777 0.916589
vt 0.891983 0.958551
vt 0.882351 0.945488
vt 0.886837 0.961776
vt 0.879623 0.947213
vt 0.832087 0.865431
vt 0.840940 0.876510
vt 0.830534 0.881989
vt 0.824503 0.874416
vt 0.845075 0.890066
vt 0.833350 0.891279
vt 0.826022 0.891966
vt 0.824049 0.885389
vt 0.819764 0.880025
vt 0.902255 0.914440
vt 0.887939 0.921937
vt 0.881235 0.963904
vt 0.876693 0.948398
vt 0.834399 0.919866
vt 0.822617 0.927760
vt 0.818035 0.916932
vt 0.826080 0.911556
vt 0.808748 0.930721
vt 0.808576 0.918965
vt 0.808469 0.911623
vt 0.815184 0.910196
vt 0.820882 0.906368
vt 0.906312 0.931779
vt 0.905462 0.937790
vt 0.889607 0.934312
vt 0.890071 0.931119
vt 0.875378 0.965117
vt 0.873590 0.948982
vt 0.780602 0.869054
vt 0.791925 0.860517
vt 0.797103 0.871072
vt 0.789370 0.876886
vt 0.805609 0.856789
vt 0.806434 0.868517
vt 0.806949 0.875841
vt 0.800324 0.877640
vt 0.794846 0.881778
vt 0.771227 0.895282
vt 0.773392 0.881266
vt 0.784462 0.885224
vt 0.782973 0.894783
vt 0.791351 0.887686
vt 0.790309 0.894471
vt 0.634263 0.743338
vt 0.632209 0.737047
vt 0.643320 0.731351
vt 0.647157 0.742370
vt 0.630833 0.756587
vt 0.641795 0.764431
vt 0.794798 0.928167
vt 0.799062 0.917210
vt 0.782792 0.920620
vt 0.790864 0.912073
vt 0.795906 0.906735
vt 0.801715 0.910393
vt 0.599398 0.751315
vt 0.602083 0.757362
vt 0.591612 0.764164
vt 0.586668 0.753594
vt 0.628025 0.732104
vt 0.635705 0.722450
vt 0.819679 0.858564
vt 0.816031 0.869741
vt 0.813761 0.876695
vt 0.615664 0.728567
vt 0.609079 0.730581
vt 0.602571 0.718944
vt 0.613713 0.715776
vt 0.606750 0.761852
vt 0.600097 0.772240
vt 0.845251 0.894218
vt 0.842281 0.908076
vt 0.831447 0.903498
vt 0.833466 0.894004
vt 0.824698 0.900661
vt 0.826106 0.893940
vt 0.601461 0.737783
vt 0.599177 0.744428
vt 0.586066 0.742023
vt 0.589737 0.731044
vt 0.603532 0.734886
vt 0.593368 0.725966
vt 0.774572 0.909063
vt 0.785267 0.904181
vt 0.791922 0.901144
vt 0.779442 0.989961
vt 0.772992 0.987667
vt 0.778561 0.973955
vt 0.783761 0.975800
vt 0.766769 0.984814
vt 0.773547 0.971651
vt 0.622259 0.729149
vt 0.625316 0.717036
vt 0.855421 0.971176
vt 0.850344 0.975767
vt 0.840911 0.964363
vt 0.845001 0.960659
vt 0.844881 0.979894
vt 0.836505 0.967686
vt 0.869351 0.965137
vt 0.870370 0.949006
vt 0.820023 0.991051
vt 0.813309 0.992388
vt 0.811059 0.977761
vt 0.816470 0.976678
vt 0.806504 0.993130
vt 0.805573 0.978354
vt 0.903478 0.943747
vt 0.888547 0.937500
vt 0.760832 0.981405
vt 0.768759 0.968907
vt 0.755218 0.977486
vt 0.764237 0.965746
vt 0.839065 0.983505
vt 0.831820 0.970601
vt 0.832954 0.986591
vt 0.826892 0.973084
vt 0.863327 0.963959
vt 0.857872 0.961627
vt 0.863788 0.947380
vt 0.867074 0.948460
vt 0.792830 0.992763
vt 0.786074 0.991657
vt 0.789106 0.977171
vt 0.794552 0.978058
vt 0.799659 0.993248
vt 0.800056 0.978454
vt 0.633779 0.750211
vt 0.646569 0.753935
vt 0.610984 0.776565
vt 0.612788 0.764202
vt 0.826587 0.989106
vt 0.821761 0.975115
vt 0.845382 0.934202
vt 0.855328 0.921353
vt 0.832812 0.944203
vt 0.863045 0.874907
vt 0.857715 0.860265
vt 0.864457 0.890599
vt 0.787513 0.951208
vt 0.802995 0.952953
vt 0.772858 0.945495
vt 0.822218 0.830722
vt 0.807156 0.827719
vt 0.836629 0.837482
vt 0.861773 0.906437
vt 0.759976 0.936142
vt 0.750069 0.924405
vt 0.848710 0.847553
vt 0.818390 0.950547
vt 0.837774 0.926206
vt 0.845711 0.915675
vt 0.827574 0.934477
vt 0.635189 0.775059
vt 0.623312 0.779797
vt 0.644444 0.766326
vt 0.852364 0.877643
vt 0.848041 0.865334
vt 0.853412 0.890709
vt 0.646120 0.729792
vt 0.650362 0.741974
vt 0.637702 0.719939
vt 0.789815 0.940429
vt 0.802760 0.942033
vt 0.777652 0.935566
vt 0.588986 0.766001
vt 0.583521 0.754316
vt 0.598367 0.774942
vt 0.818361 0.840968
vt 0.805467 0.838105
vt 0.830249 0.846474
vt 0.601081 0.716054
vt 0.613383 0.712559
vt 0.590940 0.723780
vt 0.851098 0.903636
vt 0.649717 0.754745
vt 0.767086 0.927816
vt 0.758348 0.917909
vt 0.582851 0.741545
vt 0.586885 0.729450
vt 0.840383 0.854775
vt 0.626207 0.713954
vt 0.815626 0.939872
vt 0.610413 0.779721
vt 0.903171 0.951061
vt 0.898931 0.956512
vt 0.893916 0.961216
vt 0.909463 0.925319
vt 0.909706 0.931913
vt 0.908687 0.938470
vt 0.882216 0.967289
vt 0.875732 0.968487
vt 0.869109 0.968397
vt 0.895895 0.902834
vt 0.901085 0.907362
vt 0.905129 0.912891
vt 0.906427 0.944966
vt 0.862410 0.966949
vt 0.856158 0.964049
vt 0.907909 0.918909
vt 0.888338 0.964819
vt 0.884216 0.759277
vt 0.855422 0.790974
vt 0.815283 0.764577
vt 0.836531 0.725441
vt 0.962410 0.934889
vt 0.927229 0.938735
vt 0.924089 0.897820
vt 0.957675 0.891573
vt 0.945152 0.846353
vt 0.911031 0.860514
vt 0.888185 0.824388
vt 0.920954 0.801128
vt 0.783188 0.706878
vt 0.773578 0.746223
vt 0.731294 0.738663
vt 0.732307 0.701100
vt 0.685835 0.742074
vt 0.684254 0.703046
vt 0.782110 0.795958
vt 0.787214 0.843445
vt 0.757472 0.834711
vt 0.754904 0.810812
vt 0.757244 0.880633
vt 0.742389 0.853427
vt 0.667465 0.808280
vt 0.697435 0.771092
vt 0.712289 0.798298
vt 0.697206 0.817013
vt 0.744922 0.765988
vt 0.736188 0.795729
vt 0.672569 0.855767
vt 0.699774 0.840913
vt 0.709757 0.885737
vt 0.718490 0.855996
vt 0.878103 0.832567
vt 0.846191 0.802223
vt 0.769779 0.758468
vt 0.730752 0.750554
vt 0.808762 0.776469
vt 0.690761 0.754958
vt 0.913320 0.900124
vt 0.900381 0.865772
vt 0.915830 0.936341
vt 0.593212 0.864322
vt 0.602071 0.855130
vt 0.595019 0.868988
vt 0.577319 0.892705
vt 0.574734 0.891462
vt 0.592802 0.843186
vt 0.595571 0.845537
vt 0.647628 0.958251
vt 0.637801 0.967971
vt 0.640963 0.925097
vt 0.651493 0.922462
vt 0.533785 0.950971
vt 0.529367 0.937614
vt 0.538845 0.937429
vt 0.539661 0.946550
vt 0.535189 0.926006
vt 0.576369 0.920454
vt 0.580206 0.942347
vt 0.573199 0.979275
vt 0.574467 0.966150
vt 0.701079 0.946874
vt 0.659776 0.951146
vt 0.660677 0.942783
vt 0.701824 0.937624
vt 0.705370 0.926651
vt 0.664831 0.921071
vt 0.666528 0.908940
vt 0.696708 0.920552
vt 0.602895 0.967862
vt 0.605317 0.986900
vt 0.596696 0.976309
vt 0.593140 0.958014
vt 0.528334 0.923927
vt 0.535060 0.914836
vt 0.544400 0.919692
vt 0.657591 0.922164
vt 0.651498 0.919715
vt 0.657740 0.919313
vt 0.650629 0.899835
vt 0.655299 0.899297
vt 0.671321 0.904006
vt 0.658200 0.898732
vt 0.664370 0.894480
vt 0.600296 0.921581
vt 0.589769 0.919292
vt 0.590959 0.899350
vt 0.601008 0.897857
vt 0.642177 0.870027
vt 0.647088 0.869372
vt 0.599901 0.869725
vt 0.607057 0.855333
vt 0.640617 0.898189
vt 0.635204 0.855459
vt 0.603738 0.897903
vt 0.609080 0.855525
vt 0.393257 0.927943
vt 0.440150 0.914573
vt 0.438516 0.924808
vt 0.410057 0.927694
vt 0.640974 0.921837
vt 0.603124 0.921615
vt 0.574807 0.908227
vt 0.570011 0.903186
vt 0.577332 0.893696
vt 0.583396 0.898108
vt 0.673249 0.901465
vt 0.666456 0.892898
vt 0.705590 0.916317
vt 0.711747 0.924640
vt 0.525644 0.923250
vt 0.532407 0.912977
vt 0.643903 0.976449
vt 0.635210 0.986929
vt 0.605449 0.967925
vt 0.607105 0.987529
vt 0.536759 0.915437
vt 0.668687 0.979545
vt 0.659613 0.993278
vt 0.657852 0.977528
vt 0.666149 0.966522
vt 0.671060 0.981113
vt 0.661986 0.994846
vt 0.582695 0.977265
vt 0.580788 0.993060
vt 0.571803 0.979193
vt 0.711213 0.937462
vt 0.707051 0.951312
vt 0.531598 0.952500
vt 0.526647 0.938172
vt 0.600262 0.924854
vt 0.603163 0.924908
vt 0.635254 0.968009
vt 0.638067 0.925107
vt 0.611911 0.835317
vt 0.614592 0.838532
vt 0.615608 0.838328
vt 0.633167 0.855629
vt 0.626839 0.838192
vt 0.627871 0.838417
vt 0.375215 0.946631
vt 0.373866 0.933608
vt 0.395356 0.948198
vt 0.664380 0.893445
vt 0.646981 0.845760
vt 0.649826 0.843445
vt 0.666993 0.892249
vt 0.713999 0.937906
vt 0.709408 0.952858
vt 0.410722 0.945552
vt 0.438681 0.946509
vt 0.440866 0.955542
vt 0.704389 0.916333
vt 0.535740 0.912681
vt 0.568132 0.900706
vt 0.633422 0.987540
vt 0.589733 0.922049
vt 0.585106 0.941947
vt 0.583616 0.921657
vt 0.707705 0.914800
vt 0.714170 0.923821
vt 0.506007 0.913504
vt 0.517815 0.919160
vt 0.517524 0.928476
vt 0.502585 0.928940
vt 0.575052 0.891903
vt 0.448064 0.957881
vt 0.453095 0.943365
vt 0.638152 0.921835
vt 0.637894 0.898188
vt 0.632221 0.989756
vt 0.608359 0.989689
vt 0.705334 0.913846
vt 0.578391 0.994615
vt 0.569407 0.980745
vt 0.448468 0.911729
vt 0.454095 0.927066
vt 0.649408 0.977221
vt 0.653056 0.959079
vt 0.659027 0.959466
vt 0.630899 0.997734
vt 0.609635 0.997673
vt 0.481790 0.928249
vt 0.481487 0.878901
vt 0.502083 0.944126
vt 0.481324 0.943515
vt 0.630646 0.835060
vt 0.628268 0.832889
vt 0.614170 0.833254
vt 0.640236 0.855325
vt 0.639193 0.991019
vt 0.640483 0.989390
vt 0.591167 0.977032
vt 0.600007 0.989320
vt 0.589642 0.991197
vt 0.586291 0.898732
vt 0.589433 0.875872
vt 0.583507 0.918792
vt 0.587685 0.958787
vt 0.581025 0.950744
vt 0.504542 0.959711
vt 0.478316 0.992141
vt 0.474867 0.943331
vt 0.465550 0.993269
vt 0.453196 0.992976
vt 0.449134 0.984290
vt 0.655811 0.942331
vt 0.649164 0.993455
vt 0.638043 0.993154
vt 0.571671 0.981608
vt 0.667304 0.979717
vt 0.581688 0.959111
vt 0.601285 0.990965
vt 0.516753 0.954800
vt 0.517037 0.945447
vt 0.475307 0.928061
vt 0.468575 0.876958
vt 0.451309 0.884984
vt 0.456010 0.876434
vt 0.602419 0.993116
vt 0.591263 0.993315
vt 0.652851 0.875749
vt 0.650800 0.991357
vt 0.648625 0.865284
vt 0.609855 0.833379
vt 0.632772 0.833141
vt 0.657740 0.919313
vt 0.651498 0.919715
vt 0.650629 0.899835
vt 0.655299 0.899297
vt 0.602895 0.967862
vt 0.593140 0.958014
vt 0.589733 0.922049
vt 0.600262 0.924854
vt 0.526647 0.938172
vt 0.525644 0.923250
vt 0.528334 0.923927
vt 0.529367 0.937614
vt 0.590959 0.899350
vt 0.586291 0.898732
vt 0.595019 0.868988
vt 0.599901 0.869725
vt 0.643903 0.976449
vt 0.647628 0.958251
vt 0.653056 0.959079
vt 0.649408 0.977221
vt 0.474867 0.943331
vt 0.481324 0.943515
vt 0.478316 0.992141
vt 0.465550 0.993269
vt 0.664831 0.921071
vt 0.657591 0.922164
vt 0.666528 0.908940
vt 0.603124 0.921615
vt 0.603163 0.924908
vt 0.600296 0.921581
vt 0.658200 0.898732
vt 0.647088 0.869372
vt 0.652851 0.875749
vt 0.576369 0.920454
vt 0.583616 0.921657
vt 0.585106 0.941947
vt 0.580206 0.942347
vt 0.589642 0.991197
vt 0.600007 0.989320
vt 0.601285 0.990965
vt 0.591263 0.993315
vt 0.577319 0.892705
vt 0.595571 0.845537
vt 0.589433 0.875872
vt 0.583396 0.898108
vt 0.581688 0.959111
vt 0.587685 0.958787
vt 0.591167 0.977032
vt 0.582695 0.977265
vt 0.635254 0.968009
vt 0.632221 0.989756
vt 0.608359 0.989689
vt 0.605449 0.967925
vt 0.438516 0.924808
vt 0.454095 0.927066
vt 0.453095 0.943365
vt 0.438681 0.946509
vt 0.640617 0.898189
vt 0.637894 0.898188
vt 0.633167 0.855629
vt 0.635204 0.855459
vt 0.538845 0.937429
vt 0.581025 0.950744
vt 0.539661 0.946550
vt 0.502083 0.944126
vt 0.481790 0.928249
vt 0.502585 0.928940
vt 0.711213 0.937462
vt 0.711747 0.924640
vt 0.714170 0.923821
vt 0.713999 0.937906
vt 0.481487 0.878901
vt 0.506007 0.913504
vt 0.592802 0.843186
vt 0.609855 0.833379
vt 0.611911 0.835317
vt 0.603738 0.897903
vt 0.609080 0.855525
vt 0.638152 0.921835
vt 0.638067 0.925107
vt 0.544400 0.919692
vt 0.574807 0.908227
vt 0.535189 0.926006
vt 0.639193 0.991019
vt 0.633422 0.987540
vt 0.635210 0.986929
vt 0.640483 0.989390
vt 0.667304 0.979717
vt 0.707051 0.951312
vt 0.709408 0.952858
vt 0.668820 0.982071
vt 0.651493 0.922462
vt 0.659027 0.959466
vt 0.655811 0.942331
vt 0.660677 0.942783
vt 0.516753 0.954800
vt 0.504542 0.959711
vt 0.517037 0.945447
vt 0.602071 0.855130
vt 0.607057 0.855333
vt 0.475307 0.928061
vt 0.468575 0.876958
vt 0.517524 0.928476
vt 0.574467 0.966150
vt 0.571671 0.981608
vt 0.531598 0.952500
vt 0.533785 0.950971
vt 0.573199 0.979275
vt 0.448064 0.957881
vt 0.440866 0.955542
vt 0.637801 0.967971
vt 0.640974 0.921837
vt 0.640963 0.925097
vt 0.607105 0.987529
vt 0.605317 0.986900
vt 0.571803 0.979193
vt 0.580788 0.993060
vt 0.578391 0.994615
vt 0.569407 0.980745
vt 0.696708 0.920552
vt 0.671321 0.904006
vt 0.704389 0.916333
vt 0.630899 0.997734
vt 0.609635 0.997673
vt 0.626839 0.838192
vt 0.627871 0.838417
vt 0.583507 0.918792
vt 0.664380 0.893445
vt 0.646981 0.845760
vt 0.649826 0.843445
vt 0.666993 0.892249
vt 0.630646 0.835060
vt 0.640236 0.855325
vt 0.673249 0.901465
vt 0.705334 0.913846
vt 0.596696 0.976309
vt 0.536759 0.915437
vt 0.570011 0.903186
vt 0.517815 0.919160
vt 0.410057 0.927694
vt 0.410722 0.945552
vt 0.395356 0.948198
vt 0.393257 0.927943
vt 0.375215 0.946631
vt 0.373866 0.933608
vt 0.701079 0.946874
vt 0.701824 0.937624
vt 0.574734 0.891462
vt 0.668687 0.979545
vt 0.659613 0.993278
vt 0.657852 0.977528
vt 0.666149 0.966522
vt 0.602419 0.993116
vt 0.448468 0.911729
vt 0.451309 0.884984
vt 0.456010 0.876434
vt 0.440150 0.914573
vt 0.648625 0.865284
vt 0.705590 0.916317
vt 0.707705 0.914800
vt 0.632772 0.833141
vt 0.705370 0.926651
vt 0.601008 0.897857
vt 0.593212 0.864322
vt 0.649164 0.993455
vt 0.650800 0.991357
vt 0.659776 0.951146
vt 0.535060 0.914836
vt 0.589769 0.919292
vt 0.614592 0.838532
vt 0.671060 0.981113
vt 0.661986 0.994846
vt 0.615608 0.838328
vt 0.664370 0.894480
vt 0.666456 0.892898
vt 0.577332 0.893696
vt 0.532407 0.912977
vt 0.568132 0.900706
vt 0.575052 0.891903
vt 0.638043 0.993154
vt 0.535740 0.912681
vt 0.642177 0.870027
vt 0.614170 0.833254
vt 0.628268 0.832889
vt 0.453196 0.992976
vt 0.449134 0.984290
vt 0.581025 0.950744
vt 0.586230 0.950362
vt 0.587685 0.958787
vt 0.581688 0.959111
vt 0.600262 0.924854
vt 0.600226 0.948014
vt 0.590339 0.941469
vt 0.589733 0.922049
vt 0.533785 0.950971
vt 0.529367 0.937614
vt 0.538845 0.937429
vt 0.539661 0.946550
vt 0.535189 0.926006
vt 0.576369 0.920454
vt 0.580206 0.942347
vt 0.556928 0.956318
vt 0.582695 0.977265
vt 0.574467 0.966150
vt 0.701079 0.946874
vt 0.659776 0.951146
vt 0.660677 0.942783
vt 0.701824 0.937624
vt 0.602895 0.967862
vt 0.605317 0.986900
vt 0.596696 0.976309
vt 0.593140 0.958014
vt 0.528334 0.923927
vt 0.535060 0.914836
vt 0.544400 0.919692
vt 0.705370 0.926651
vt 0.696708 0.920552
vt 0.705590 0.916317
vt 0.711747 0.924640
vt 0.525644 0.923250
vt 0.532407 0.912977
vt 0.647628 0.958251
vt 0.643903 0.976449
vt 0.635210 0.986929
vt 0.637801 0.967971
vt 0.605449 0.967925
vt 0.607105 0.987529
vt 0.536759 0.915437
vt 0.570011 0.903186
vt 0.574807 0.908227
vt 0.668687 0.979545
vt 0.659613 0.993278
vt 0.657852 0.977528
vt 0.666149 0.966522
vt 0.671060 0.981113
vt 0.661986 0.994846
vt 0.580788 0.993060
vt 0.571803 0.979193
vt 0.711213 0.937462
vt 0.707051 0.951312
vt 0.531598 0.952500
vt 0.526647 0.938172
vt 0.651493 0.922462
vt 0.650609 0.941793
vt 0.640675 0.948195
vt 0.640963 0.925097
vt 0.603163 0.924908
vt 0.603093 0.948047
vt 0.637802 0.948195
vt 0.638067 0.925107
vt 0.713999 0.937906
vt 0.709408 0.952858
vt 0.640974 0.921837
vt 0.638152 0.921835
vt 0.453095 0.943365
vt 0.448064 0.957881
vt 0.535740 0.912681
vt 0.568132 0.900706
vt 0.633422 0.987540
vt 0.635254 0.968009
vt 0.707705 0.914800
vt 0.714170 0.923821
vt 0.506007 0.913504
vt 0.517815 0.919160
vt 0.517524 0.928476
vt 0.502585 0.928940
vt 0.632221 0.989756
vt 0.608359 0.989689
vt 0.704389 0.916333
vt 0.671321 0.904006
vt 0.673249 0.901465
vt 0.705334 0.913846
vt 0.603124 0.921615
vt 0.454095 0.927066
vt 0.578391 0.994615
vt 0.569407 0.980745
vt 0.651498 0.919715
vt 0.600296 0.921581
vt 0.649408 0.977221
vt 0.653056 0.959079
vt 0.659027 0.959466
vt 0.630899 0.997734
vt 0.609635 0.997673
vt 0.481324 0.943515
vt 0.487813 0.943714
vt 0.490438 0.977050
vt 0.478316 0.992141
vt 0.488277 0.928443
vt 0.492920 0.895053
vt 0.639193 0.991019
vt 0.640483 0.989390
vt 0.591167 0.977032
vt 0.600007 0.989320
vt 0.589642 0.991197
vt 0.654596 0.950703
vt 0.649250 0.949906
vt 0.655811 0.942331
vt 0.583616 0.921657
vt 0.585106 0.941947
vt 0.683725 0.956749
vt 0.474867 0.943331
vt 0.465550 0.993269
vt 0.453196 0.992976
vt 0.449134 0.984290
vt 0.636559 0.958034
vt 0.604238 0.957915
vt 0.649164 0.993455
vt 0.638043 0.993154
vt 0.639261 0.958019
vt 0.667304 0.979717
vt 0.690435 0.965247
vt 0.692018 0.967421
vt 0.668820 0.982071
vt 0.571671 0.981608
vt 0.548672 0.966833
vt 0.550247 0.964688
vt 0.573199 0.979275
vt 0.601531 0.957871
vt 0.591604 0.949624
vt 0.601285 0.990965
vt 0.516753 0.954800
vt 0.504542 0.959711
vt 0.502083 0.944126
vt 0.517037 0.945447
vt 0.481790 0.928249
vt 0.475307 0.928061
vt 0.468575 0.876958
vt 0.481487 0.878901
vt 0.448468 0.911729
vt 0.451309 0.884984
vt 0.456010 0.876434
vt 0.602419 0.993116
vt 0.591263 0.993315
vt 0.589769 0.919292
vt 0.583507 0.918792
vt 0.650800 0.991357
vt 0.657591 0.922164
vt 0.664831 0.921071
vt 0.600296 0.921581
vt 0.600262 0.924854
vt 0.589733 0.922049
vt 0.589769 0.919292
vt 0.544400 0.919692
vt 0.574807 0.908227
vt 0.576369 0.920454
vt 0.535189 0.926006
vt 0.701824 0.937624
vt 0.660677 0.942783
vt 0.664831 0.921071
vt 0.705370 0.926651
vt 0.529367 0.937614
vt 0.528334 0.923927
vt 0.538845 0.937429
vt 0.655811 0.942331
vt 0.650609 0.941793
vt 0.651493 0.922462
vt 0.657591 0.922164
vt 0.711747 0.924640
vt 0.711213 0.937462
vt 0.526647 0.938172
vt 0.525644 0.923250
vt 0.651498 0.919715
vt 0.640963 0.925097
vt 0.640974 0.921837
vt 0.603124 0.921615
vt 0.603163 0.924908
vt 0.638067 0.925107
vt 0.638152 0.921835
vt 0.714170 0.923821
vt 0.713999 0.937906
vt 0.583507 0.918792
vt 0.583616 0.921657
vt 0.580206 0.942347
vt 0.585106 0.941947
vt 0.586230 0.950362
vt 0.581025 0.950744
vt 0.550247 0.964688
vt 0.533785 0.950971
vt 0.539661 0.946550
vt 0.556928 0.956318
vt 0.683725 0.956749
vt 0.659027 0.959466
vt 0.659776 0.951146
vt 0.701079 0.946874
vt 0.707051 0.951312
vt 0.690435 0.965247
vt 0.548672 0.966833
vt 0.531598 0.952500
vt 0.709408 0.952858
vt 0.692018 0.967421
vt 0.474867 0.943331
vt 0.481324 0.943515
vt 0.478316 0.992141
vt 0.465550 0.993269
vt 0.653056 0.959079
vt 0.647628 0.958251
vt 0.649250 0.949906
vt 0.654596 0.950703
vt 0.637802 0.948195
vt 0.636559 0.958034
vt 0.604238 0.957915
vt 0.603093 0.948047
vt 0.640675 0.948195
vt 0.639261 0.958019
vt 0.601531 0.957871
vt 0.600226 0.948014
vt 0.591604 0.949624
vt 0.590339 0.941469
vt 0.488277 0.928443
vt 0.481790 0.928249
vt 0.481487 0.878901
vt 0.492920 0.895053
vt 0.487813 0.943714
vt 0.643903 0.976449
vt 0.649408 0.977221
vt 0.649164 0.993455
vt 0.639193 0.991019
vt 0.640483 0.989390
vt 0.650800 0.991357
vt 0.596696 0.976309
vt 0.605317 0.986900
vt 0.600007 0.989320
vt 0.591167 0.977032
vt 0.657852 0.977528
vt 0.581688 0.959111
vt 0.587685 0.958787
vt 0.582695 0.977265
vt 0.589642 0.991197
vt 0.601285 0.990965
vt 0.591263 0.993315
vt 0.570011 0.903186
vt 0.568132 0.900706
vt 0.475307 0.928061
vt 0.453095 0.943365
vt 0.454095 0.927066
vt 0.502585 0.928940
vt 0.502083 0.944126
vt 0.517037 0.945447
vt 0.517524 0.928476
vt 0.602419 0.993116
vt 0.607105 0.987529
vt 0.468575 0.876958
vt 0.448468 0.911729
vt 0.451309 0.884984
vt 0.456010 0.876434
vt 0.593140 0.958014
vt 0.504542 0.959711
vt 0.490438 0.977050
vt 0.516753 0.954800
vt 0.573199 0.979275
vt 0.574467 0.966150
vt 0.602895 0.967862
vt 0.637801 0.967971
vt 0.605449 0.967925
vt 0.666149 0.966522
vt 0.667304 0.979717
vt 0.571671 0.981608
vt 0.668820 0.982071
vt 0.635254 0.968009
vt 0.638043 0.993154
vt 0.633422 0.987540
vt 0.453196 0.992976
vt 0.449134 0.984290
vt 0.448064 0.957881
vt 0.635210 0.986929
vt 0.506007 0.913504
vt 0.608359 0.989689
vt 0.632221 0.989756
vt 0.630899 0.997734
vt 0.609635 0.997673
vt 0.671321 0.904006
vt 0.571803 0.979193
vt 0.580788 0.993060
vt 0.578391 0.994615
vt 0.569407 0.980745
vt 0.704389 0.916333
vt 0.673249 0.901465
vt 0.705334 0.913846
vt 0.517815 0.919160
vt 0.705590 0.916317
vt 0.707705 0.914800
vt 0.535740 0.912681
vt 0.536759 0.915437
vt 0.671060 0.981113
vt 0.661986 0.994846
vt 0.659613 0.993278
vt 0.668687 0.979545
vt 0.532407 0.912977
vt 0.535060 0.914836
vt 0.696708 0.920552
vt 0.884216 0.759277
vt 0.855422 0.790974
vt 0.815283 0.764577
vt 0.836531 0.725441
vt 0.962410 0.934889
vt 0.927229 0.938735
vt 0.924089 0.897820
vt 0.957675 0.891573
vt 0.945152 0.846353
vt 0.911031 0.860514
vt 0.888185 0.824388
vt 0.920954 0.801128
vt 0.783188 0.706878
vt 0.773578 0.746223
vt 0.731294 0.738663
vt 0.732307 0.701100
vt 0.685835 0.742074
vt 0.684254 0.703046
vt 0.782110 0.795958
vt 0.787214 0.843445
vt 0.757472 0.834711
vt 0.754904 0.810812
vt 0.757244 0.880633
vt 0.742389 0.853427
vt 0.667465 0.808280
vt 0.697435 0.771092
vt 0.712289 0.798298
vt 0.697206 0.817013
vt 0.744922 0.765988
vt 0.736188 0.795729
vt 0.672569 0.855767
vt 0.699774 0.840913
vt 0.709757 0.885737
vt 0.718490 0.855996
vt 0.878103 0.832567
vt 0.846191 0.802223
vt 0.769779 0.758468
vt 0.730752 0.750554
vt 0.808762 0.776469
vt 0.690761 0.754958
vt 0.913320 0.900124
vt 0.900381 0.865772
vt 0.915830 0.936341
vt 0.884216 0.759277
vt 0.855422 0.790974
vt 0.815283 0.764577
vt 0.836531 0.725441
vt 0.962410 0.934889
vt 0.927229 0.938735
vt 0.924089 0.897820
vt 0.957675 0.891573
vt 0.945152 0.846353
vt 0.911031 0.860514
vt 0.888185 0.824388
vt 0.920954 0.801128
vt 0.783188 0.706878
vt 0.773578 0.746223
vt 0.731294 0.738663
vt 0.732307 0.701100
vt 0.685835 0.742074
vt 0.684254 0.703046
vt 0.782110 0.795958
vt 0.787214 0.843445
vt 0.757472 0.834711
vt 0.754904 0.810812
vt 0.757244 0.880633
vt 0.742389 0.853427
vt 0.667465 0.808280
vt 0.697435 0.771092
vt 0.712289 0.798298
vt 0.697206 0.817013
vt 0.744922 0.765988
vt 0.736188 0.795729
vt 0.672569 0.855767
vt 0.699774 0.840913
vt 0.709757 0.885737
vt 0.718490 0.855996
vt 0.878103 0.832567
vt 0.846191 0.802223
vt 0.769779 0.758468
vt 0.730752 0.750554
vt 0.808762 0.776469
vt 0.690761 0.754958
vt 0.913320 0.900124
vt 0.900381 0.865772
vt 0.915830 0.936341
vt 0.884216 0.759277
vt 0.855422 0.790974
vt 0.815283 0.764577
vt 0.836531 0.725441
vt 0.962410 0.934889
vt 0.927229 0.938735
vt 0.924089 0.897820
vt 0.957675 0.891573
vt 0.945152 0.846353
vt 0.911031 0.860514
vt 0.888185 0.824388
vt 0.920954 0.801128
vt 0.783188 0.706878
vt 0.773578 0.746223
vt 0.731294 0.738663
vt 0.732307 0.701100
vt 0.685835 0.742074
vt 0.684254 0.703046
vt 0.782110 0.795958
vt 0.787214 0.843445
vt 0.757472 0.834711
vt 0.754904 0.810812
vt 0.757244 0.880633
vt 0.742389 0.853427
vt 0.667465 0.808280
vt 0.697435 0.771092
vt 0.712289 0.798298
vt 0.697206 0.817013
vt 0.744922 0.765988
vt 0.736188 0.795729
vt 0.672569 0.855767
vt 0.699774 0.840913
vt 0.709757 0.885737
vt 0.718490 0.855996
vt 0.878103 0.832567
vt 0.846191 0.802223
vt 0.769779 0.758468
vt 0.730752 0.750554
vt 0.808762 0.776469
vt 0.690761 0.754958
vt 0.913320 0.900124
vt 0.900381 0.865772
vt 0.915830 0.936341
vt 0.668820 0.982071
vn -1.0000 0.0000 0.0000
vn -0.7071 0.7071 0.0000
vn 1.0000 0.0000 0.0000
vn 0.7071 0.7071 0.0000
vn 0.0000 -1.0000 0.0000
vn 0.7071 -0.7071 0.0000
vn 0.0000 1.0000 0.0000
vn -0.7071 -0.7071 0.0000
vn 0.0000 0.0000 1.0000
vn 0.0000 0.7071 0.7071
vn 0.0000 -0.7071 0.7071
vn 0.0000 -0.7071 -0.7071
vn 0.0000 0.0000 -1.0000
vn 0.0000 0.7071 -0.7071
vn 0.1951 0.9808 0.0000
vn 0.0000 0.9808 0.1951
vn 0.1481 0.9778 0.1481
vn 0.1456 0.7319 -0.6657
vn -0.1951 0.9808 0.0000
vn -0.1481 0.9778 0.1481
vn 0.5773 -0.5773 0.5773
vn -0.1456 0.7319 -0.6657
vn -0.7071 0.0000 -0.7071
vn -0.7319 0.1456 -0.6657
vn 0.5773 -0.5773 -0.5773
vn 0.7319 0.1456 -0.6657
vn 0.7071 0.0000 -0.7071
vn 0.0000 0.1951 0.9808
vn -0.6871 0.2361 0.6871
vn -0.7071 0.0000 0.7071
vn -0.9808 0.1951 0.0000
vn -0.5773 -0.5773 0.5773
vn -0.5773 -0.5773 -0.5773
vn 0.9808 0.1951 0.0000
vn 0.6871 0.2361 0.6871
vn 0.7071 0.0000 0.7071
vn -0.5490 0.5490 -0.6302
vn 0.5490 0.5490 -0.6302
vn 0.4975 0.7106 0.4975
vn -0.4975 0.7106 0.4975
vn -0.5773 0.5773 -0.5773
vn 0.5773 0.5773 -0.5773
vn 0.5773 0.5773 0.5773
vn -0.5773 0.5773 0.5773
vn 0.0000 0.3471 0.9378
vn -0.6016 0.5256 0.6016
vn -0.6580 0.3662 0.6580
vn 0.0000 0.3471 -0.9378
vn 0.6016 0.5256 -0.6016
vn 0.6580 0.3662 -0.6580
vn -0.9378 0.3471 0.0000
vn -0.6016 0.5256 -0.6016
vn -0.6580 0.3662 -0.6580
vn 0.9378 0.3471 0.0000
vn 0.6016 0.5256 0.6016
vn 0.6580 0.3662 0.6580
vn -0.7233 0.6903 -0.0165
vn -0.4234 0.9019 0.0854
vn -0.2839 0.9018 -0.3256
vn -0.5838 0.6902 -0.4275
vn -0.7842 -0.3735 -0.4955
vn -0.2759 -0.2324 -0.9326
vn -0.1520 -0.4299 -0.8900
vn -0.5838 -0.6902 -0.4275
vn 0.8310 0.0000 -0.5562
vn 0.7867 0.2324 -0.5719
vn 0.9238 0.3735 0.0843
vn 0.9941 0.0000 0.1082
vn 0.7844 0.3736 0.4949
vn 0.8549 0.0000 0.5188
vn 0.5839 0.6903 0.4272
vn 0.7234 0.6902 0.0162
vn 0.2839 -0.9019 0.3254
vn -0.0097 -0.5996 0.8003
vn -0.2445 -0.6491 0.7203
vn -0.0697 -0.9762 0.2054
vn -0.3207 0.0000 -0.9472
vn -0.8545 0.0000 -0.5194
vn -0.9236 -0.3736 -0.0849
vn -0.9940 0.0000 -0.1088
vn 0.5839 -0.6904 0.4271
vn 0.4236 -0.9018 -0.0856
vn 0.7234 -0.6902 0.0162
vn 0.0353 0.5611 -0.8270
vn -0.1520 0.4300 -0.8899
vn 0.2552 -0.6080 -0.7518
vn 0.4754 -0.5609 -0.6777
vn 0.0699 -0.9761 -0.2058
vn -0.7417 0.2131 0.6360
vn -0.7812 0.0006 0.6242
vn -0.9973 0.0009 0.0729
vn -0.9268 0.3634 0.0941
vn -0.0698 0.9761 0.2056
vn 0.2839 0.9019 0.3255
vn 0.4235 0.9018 -0.0855
vn 0.0698 0.9761 -0.2056
vn 0.6623 0.4300 -0.6135
vn 0.2552 0.6081 -0.7517
vn 0.7844 -0.3736 0.4949
vn 0.9238 -0.3735 0.0843
vn 0.6623 -0.4299 -0.6135
vn 0.4754 0.5611 -0.6776
vn -0.4234 -0.9019 0.0853
vn -0.2839 -0.9018 -0.3258
vn 0.7866 -0.2324 -0.5719
vn 0.0353 -0.5609 -0.8271
vn -0.7233 -0.6904 -0.0166
vn -0.2759 0.2324 -0.9326
vn -0.7842 0.3735 -0.4954
vn -0.9237 0.3736 -0.0849
vn 0.6918 -0.1781 -0.6998
vn 0.7238 0.0000 -0.6900
vn -0.0256 0.3278 -0.9444
vn -0.1228 0.1781 -0.9763
vn -0.1228 -0.1781 -0.9763
vn -0.0256 -0.3278 -0.9444
vn 0.2848 -0.4636 -0.8390
vn 0.4532 -0.4301 -0.7808
vn 0.6918 0.1782 -0.6998
vn 0.5952 0.3278 -0.7336
vn -0.1542 0.0000 -0.9880
vn 0.1158 -0.4301 -0.8953
vn 0.5952 -0.3278 -0.7336
vn 0.4532 0.4301 -0.7808
vn 0.2848 0.4636 -0.8390
vn 0.1158 0.4301 -0.8953
vn 0.3254 -0.2494 0.9121
vn 0.1911 -0.4602 0.8669
vn -0.8611 0.0000 0.5083
vn -0.8134 0.2493 0.5255
vn 0.3737 0.0000 0.9275
vn -0.0097 0.5994 0.8003
vn 0.1911 0.4602 0.8670
vn -0.4794 -0.5996 0.6408
vn -0.6794 0.4602 0.5715
vn -0.2445 0.6489 0.7205
vn -0.6794 -0.4602 0.5714
vn -0.4795 0.5994 0.6409
vn -0.8134 -0.2494 0.5255
vn 0.3254 0.2493 0.9121
vn -0.3690 0.0465 0.9283
vn -0.3473 0.0581 0.9359
vn -0.4099 0.2554 0.8756
vn -0.4954 0.1969 0.8460
vn -0.2680 -0.5515 0.7899
vn -0.0753 -0.5135 0.8548
vn 0.2061 -0.8604 0.4660
vn -0.1199 -0.9276 0.3536
vn -0.0928 0.9574 0.2734
vn -0.0989 0.9515 0.2912
vn 0.2437 0.8758 0.4166
vn 0.2459 0.8831 0.3996
vn -0.9305 0.3614 0.0594
vn -0.9324 0.3561 0.0614
vn -0.7404 0.6637 0.1057
vn -0.7337 0.6725 0.0972
vn -0.0988 -0.9515 0.2912
vn -0.4469 -0.8758 0.1822
vn -0.4383 -0.8831 0.1673
vn -0.0928 -0.9574 0.2734
vn 0.5232 0.6638 0.5343
vn 0.5229 0.6725 0.5237
vn 0.7640 0.0000 0.6452
vn 0.7023 -0.3561 0.6164
vn 0.7020 -0.3614 0.6136
vn 0.7631 0.0000 0.6462
vn -0.7404 -0.6638 0.1054
vn -0.7337 -0.6725 0.0971
vn 0.5229 -0.6725 0.5237
vn 0.5230 -0.6637 0.5347
vn 0.2436 -0.8757 0.4168
vn 0.2459 -0.8831 0.3996
vn -0.4470 0.8757 0.1823
vn -0.4383 0.8831 0.1673
vn -0.9324 -0.3561 0.0611
vn -0.9305 -0.3614 0.0594
vn 0.7025 0.3561 0.6161
vn 0.7021 0.3614 0.6135
vn -0.9989 0.0000 0.0468
vn -0.9988 0.0000 0.0481
vn 0.6944 0.4874 -0.5294
vn 0.4826 0.6362 -0.6019
vn 0.8355 0.2635 -0.4821
vn -0.2286 0.4874 -0.8427
vn -0.3694 0.2635 -0.8911
vn 0.2329 0.6892 -0.6861
vn -0.3134 -0.0034 0.9496
vn -0.3177 -0.0038 0.9481
vn -0.3214 0.0001 0.9469
vn -0.3214 0.0008 0.9469
vn -0.3251 -0.0038 0.9456
vn -0.3294 -0.0034 0.9442
vn 0.6944 -0.4874 -0.5294
vn 0.8355 -0.2635 -0.4821
vn -0.4198 0.0000 -0.9076
vn -0.3322 0.0000 0.9432
vn -0.3177 0.0038 0.9481
vn -0.3134 0.0034 0.9496
vn -0.2286 -0.4874 -0.8427
vn -0.0165 -0.6362 -0.7713
vn 0.8856 0.0000 -0.4645
vn -0.3106 0.0000 0.9505
vn -0.3251 0.0038 0.9456
vn -0.3214 -0.0001 0.9469
vn -0.0165 0.6362 -0.7713
vn 0.2329 -0.6892 -0.6861
vn -0.3214 -0.0008 0.9469
vn 0.4826 -0.6362 -0.6019
vn -0.3694 -0.2635 -0.8911
vn -0.3294 0.0034 0.9442
vn -0.2683 0.5515 0.7898
vn -0.4606 0.5135 0.7239
vn -0.4472 0.8604 0.2442
vn -0.1201 0.9276 0.3536
vn 0.0880 -0.3936 0.9150
vn 0.4846 -0.6659 0.5671
vn 0.2012 -0.2131 0.9561
vn 0.6780 -0.3634 0.6388
vn 0.3631 -0.1122 -0.9250
vn 0.4006 -0.0862 -0.9121
vn 0.3190 -0.1219 -0.9398
vn 0.2602 0.5869 -0.7667
vn 0.0466 0.5437 -0.8380
vn -0.1327 0.4150 -0.9001
vn -0.6269 0.3936 0.6724
vn -0.7297 0.6659 0.1549
vn 0.2398 -0.0006 0.9708
vn 0.7468 -0.0009 0.6650
vn 0.2127 -0.0465 -0.9760
vn 0.2374 -0.0862 -0.9676
vn 0.2036 0.0000 -0.9790
vn 0.8160 0.0000 -0.5780
vn 0.7747 0.2252 -0.5908
vn 0.6532 0.4150 -0.6333
vn -0.7418 -0.2122 0.6362
vn -0.6267 -0.3933 0.6727
vn -0.7298 -0.6658 0.1551
vn -0.9273 -0.3623 0.0941
vn 0.2011 0.2122 0.9563
vn 0.6783 0.3623 0.6392
vn 0.4253 0.0465 -0.9038
vn 0.4006 0.0862 -0.9121
vn 0.4345 0.0000 -0.9007
vn -0.2955 0.0000 -0.9553
vn -0.2549 -0.2252 -0.9404
vn -0.1327 -0.4150 -0.9001
vn 0.3631 0.1122 -0.9250
vn 0.3190 0.1219 -0.9398
vn 0.0466 -0.5437 -0.8380
vn 0.2602 -0.5869 -0.7667
vn -0.2722 0.0466 0.9611
vn -0.2573 0.0269 0.9659
vn -0.0625 0.1083 0.9921
vn -0.1219 0.1969 0.9728
vn -0.3207 0.0634 0.9450
vn -0.3089 0.2762 0.9101
vn 0.2127 0.0465 -0.9760
vn 0.2374 0.0862 -0.9676
vn 0.6532 -0.4150 -0.6333
vn 0.7747 -0.2252 -0.5908
vn -0.3691 -0.0466 0.9282
vn -0.3839 -0.0269 0.9230
vn -0.5543 -0.1083 0.8252
vn -0.4955 -0.1969 0.8460
vn -0.2515 0.0001 0.9678
vn -0.0408 0.0000 0.9991
vn 0.4253 -0.0465 -0.9038
vn -0.2549 0.2252 -0.9404
vn -0.2723 -0.0465 0.9611
vn -0.2942 -0.0581 0.9540
vn -0.2078 -0.2554 0.9442
vn -0.1220 -0.1969 0.9728
vn -0.3896 -0.0001 0.9210
vn -0.5759 0.0000 0.8175
vn 0.2750 -0.1122 -0.9548
vn 0.4731 0.5437 -0.6932
vn -0.3209 -0.0634 0.9450
vn -0.3475 -0.0581 0.9359
vn -0.4100 -0.2554 0.8756
vn -0.3090 -0.2762 0.9101
vn 0.2750 0.1122 -0.9548
vn 0.4731 -0.5437 -0.6932
vn -0.7775 0.3724 -0.5067
vn -0.8476 0.0000 -0.5306
vn -0.5777 0.6881 -0.4389
vn -0.2574 -0.0267 0.9659
vn -0.0626 -0.1083 0.9921
vn 0.4266 0.8991 -0.0979
vn 0.0739 0.9732 -0.2177
vn 0.7255 0.6881 0.0034
vn 0.0877 0.3933 0.9152
vn 0.4846 0.6658 0.5673
vn 0.4265 -0.8991 -0.0979
vn 0.7255 -0.6881 0.0034
vn 0.0739 -0.9732 -0.2177
vn -0.4603 -0.5135 0.7241
vn -0.4469 -0.8605 0.2444
vn -0.2788 0.8991 -0.3374
vn 0.9253 0.3724 0.0714
vn 0.9955 0.0000 0.0950
vn -0.0756 0.5135 0.8547
vn 0.2058 0.8605 0.4660
vn -0.7775 -0.3724 -0.5067
vn -0.5777 -0.6881 -0.4389
vn -0.2788 -0.8991 -0.3374
vn -0.2940 0.0581 0.9540
vn -0.2078 0.2554 0.9442
vn -0.5543 0.1083 0.8252
vn -0.3837 0.0267 0.9230
vn 0.9253 -0.3724 0.0714
vn -0.4790 0.5780 0.6606
vn -0.2489 0.6327 0.7333
vn -0.6625 0.4265 0.6158
vn 0.2546 0.2236 0.9408
vn 0.2868 0.0000 0.9580
vn 0.1507 0.4265 0.8918
vn -0.7747 -0.2236 0.5914
vn -0.8107 0.0000 0.5854
vn -0.6625 -0.4265 0.6158
vn -0.0222 -0.5780 0.8157
vn -0.2489 -0.6327 0.7333
vn 0.1507 -0.4265 0.8918
vn -0.0222 0.5780 0.8157
vn -0.4790 -0.5780 0.6606
vn 0.2546 -0.2236 0.9408
vn -0.7747 0.2236 0.5914
vn -0.4801 0.6447 0.5947
vn -0.2290 0.7017 0.6746
vn -0.6894 0.4879 0.5354
vn 0.3503 0.2609 0.8996
vn 0.3952 -0.0000 0.9186
vn 0.2213 0.4880 0.8443
vn -0.8255 -0.2609 0.5004
vn -0.8727 0.0000 0.4882
vn -0.6895 -0.4880 0.5351
vn 0.0188 -0.6447 0.7641
vn -0.2290 -0.7017 0.6746
vn 0.2210 -0.4879 0.8444
vn 0.0190 0.6449 0.7640
vn -0.4801 -0.6449 0.5946
vn 0.3499 -0.2609 0.8997
vn -0.8253 0.2609 0.5007
vn 0.6902 0.6903 0.2168
vn 0.6902 0.6902 -0.2171
vn 0.3735 0.9018 -0.2171
vn 0.3735 0.9019 0.2170
vn 0.9018 -0.3735 -0.2171
vn 0.6902 -0.6902 -0.2172
vn 0.4300 -0.4299 -0.7938
vn 0.5611 -0.2324 -0.7945
vn -0.6081 0.0000 -0.7938
vn -0.9761 0.0000 -0.2171
vn -0.9018 0.3735 -0.2171
vn -0.5611 0.2324 -0.7945
vn -0.9763 0.0000 0.2165
vn -0.9019 0.3736 0.2165
vn -0.6902 0.6903 0.2168
vn -0.6902 0.6902 -0.2171
vn -0.3735 -0.9019 0.2169
vn 0.0000 -0.9762 0.2170
vn 0.0000 -0.6491 0.7607
vn -0.2480 -0.5996 0.7609
vn 0.6081 0.0000 -0.7938
vn 0.9761 0.0000 -0.2171
vn 0.9763 0.0000 0.2165
vn 0.9019 -0.3736 0.2165
vn -0.6902 -0.6904 0.2167
vn -0.6902 -0.6902 -0.2172
vn -0.3735 -0.9018 -0.2172
vn 0.4300 0.4300 -0.7938
vn 0.2324 0.5611 -0.7945
vn 0.0000 -0.6080 -0.7939
vn 0.0000 -0.9761 -0.2173
vn -0.2324 -0.5609 -0.7945
vn 0.4979 0.2131 0.8406
vn 0.8474 0.3634 0.3870
vn 0.9210 0.0009 0.3896
vn 0.5392 0.0006 0.8422
vn 0.0000 0.9761 0.2171
vn 0.0000 0.9761 -0.2171
vn -0.3735 0.9018 -0.2171
vn -0.3735 0.9019 0.2170
vn -0.4300 0.4300 -0.7938
vn 0.0000 0.6081 -0.7938
vn -0.9018 -0.3735 -0.2171
vn -0.9019 -0.3736 0.2165
vn -0.4300 -0.4299 -0.7938
vn -0.2324 0.5611 -0.7945
vn 0.3735 -0.9018 -0.2172
vn 0.3735 -0.9019 0.2169
vn -0.5611 -0.2324 -0.7945
vn 0.2324 -0.5609 -0.7945
vn 0.6902 -0.6904 0.2167
vn 0.9018 0.3735 -0.2171
vn 0.5611 0.2324 -0.7945
vn 0.9019 0.3736 0.2165
vn -0.4636 0.0000 -0.8860
vn -0.4301 -0.1781 -0.8850
vn 0.4301 0.1782 -0.8850
vn 0.3278 0.3278 -0.8860
vn 0.3278 -0.3278 -0.8860
vn 0.4301 -0.1781 -0.8850
vn -0.1781 -0.4301 -0.8850
vn 0.0000 -0.4636 -0.8860
vn -0.3278 0.3278 -0.8860
vn -0.4301 0.1781 -0.8850
vn 0.4636 0.0000 -0.8860
vn 0.1781 -0.4301 -0.8850
vn -0.3278 -0.3278 -0.8860
vn -0.1781 0.4301 -0.8850
vn 0.0000 0.4636 -0.8860
vn 0.1781 0.4301 -0.8850
vn -0.4597 -0.4602 0.7595
vn -0.6013 -0.2494 0.7591
vn 0.6520 0.0000 0.7582
vn 0.6013 0.2493 0.7591
vn -0.6520 0.0000 0.7582
vn -0.4596 0.4602 0.7595
vn -0.2480 0.5994 0.7610
vn 0.2480 -0.5996 0.7609
vn 0.4596 0.4602 0.7595
vn 0.0000 0.6489 0.7608
vn 0.4597 -0.4602 0.7595
vn 0.2480 0.5994 0.7610
vn 0.6013 -0.2494 0.7591
vn -0.6013 0.2493 0.7591
vn 0.0510 0.0465 0.9976
vn 0.1972 0.1969 0.9604
vn 0.1067 0.2554 0.9609
vn 0.0281 0.0581 0.9979
vn -0.0002 -0.5515 0.8341
vn -0.0001 -0.9276 0.3734
vn -0.3449 -0.8604 0.3750
vn -0.2035 -0.5135 0.8336
vn 0.0000 0.9574 0.2888
vn -0.3612 0.8831 0.2994
vn -0.3646 0.8758 0.3162
vn 0.0000 0.9515 0.3076
vn 0.8620 0.3614 0.3553
vn 0.6635 0.6725 0.3279
vn 0.6671 0.6637 0.3381
vn 0.8632 0.3561 0.3579
vn 0.0000 -0.9515 0.3076
vn 0.0000 -0.9574 0.2888
vn 0.3612 -0.8831 0.2994
vn 0.3647 -0.8758 0.3162
vn -0.6635 0.6725 0.3278
vn -0.6672 0.6638 0.3378
vn -0.9308 0.0000 0.3654
vn -0.9304 0.0000 0.3666
vn -0.8620 -0.3614 0.3553
vn -0.8632 -0.3561 0.3579
vn 0.6635 -0.6725 0.3278
vn 0.6672 -0.6638 0.3378
vn -0.6635 -0.6725 0.3279
vn -0.3612 -0.8831 0.2994
vn -0.3647 -0.8757 0.3164
vn -0.6671 -0.6637 0.3381
vn 0.3612 0.8831 0.2994
vn 0.3647 0.8757 0.3164
vn 0.8620 -0.3614 0.3553
vn 0.8633 -0.3561 0.3576
vn -0.8620 0.3614 0.3553
vn -0.8633 0.3561 0.3576
vn 0.9304 0.0000 0.3666
vn 0.9308 0.0000 0.3654
vn -0.4874 0.4874 -0.7245
vn -0.2635 0.6362 -0.7251
vn -0.6362 0.2635 -0.7251
vn 0.6362 0.2635 -0.7251
vn 0.4874 0.4874 -0.7245
vn 0.0000 0.6892 -0.7245
vn -0.0039 -0.0038 1.0000
vn -0.0084 -0.0034 0.9999
vn 0.0000 0.0001 1.0000
vn 0.0000 0.0008 1.0000
vn 0.0084 -0.0034 0.9999
vn 0.0039 -0.0038 1.0000
vn -0.6362 -0.2635 -0.7251
vn -0.4874 -0.4874 -0.7245
vn 0.6892 0.0000 -0.7245
vn 0.0114 0.0000 0.9999
vn -0.0084 0.0034 0.9999
vn -0.0039 0.0038 1.0000
vn 0.2635 -0.6362 -0.7251
vn 0.4874 -0.4874 -0.7245
vn -0.6892 0.0000 -0.7245
vn -0.0114 0.0000 0.9999
vn 0.0000 -0.0001 1.0000
vn 0.0039 0.0038 1.0000
vn 0.2635 0.6362 -0.7251
vn 0.0000 -0.6892 -0.7245
vn 0.0000 -0.0008 1.0000
vn -0.2635 -0.6362 -0.7251
vn 0.6362 -0.2635 -0.7251
vn 0.0084 0.0034 0.9999
vn 0.0002 0.5515 0.8341
vn 0.0001 0.9276 0.3734
vn 0.3449 0.8604 0.3750
vn 0.2035 0.5135 0.8336
vn -0.6412 -0.6659 0.3812
vn -0.3775 -0.3936 0.8382
vn -0.8474 -0.3634 0.3870
vn -0.4979 -0.2131 0.8406
vn -0.0862 -0.0862 -0.9925
vn -0.0465 -0.1122 -0.9926
vn 0.0000 -0.1219 -0.9925
vn 0.2252 0.5437 -0.8085
vn 0.0000 0.5869 -0.8096
vn 0.4150 0.4150 -0.8096
vn 0.3775 0.3936 0.8382
vn 0.6412 0.6659 0.3812
vn -0.9210 -0.0009 0.3896
vn -0.5392 -0.0006 0.8422
vn 0.0862 -0.0862 -0.9925
vn 0.1122 -0.0465 -0.9926
vn 0.1219 0.0000 -0.9925
vn -0.5437 0.2252 -0.8085
vn -0.5869 0.0000 -0.8096
vn -0.4150 0.4150 -0.8096
vn 0.4979 -0.2122 0.8409
vn 0.8478 -0.3623 0.3872
vn 0.6412 -0.6658 0.3815
vn 0.3772 -0.3933 0.8384
vn -0.8478 0.3623 0.3872
vn -0.4979 0.2122 0.8409
vn -0.0862 0.0862 -0.9925
vn -0.1122 0.0465 -0.9926
vn -0.1219 0.0000 -0.9925
vn 0.5437 -0.2252 -0.8085
vn 0.5869 0.0000 -0.8096
vn 0.4150 -0.4150 -0.8096
vn 0.0000 0.1219 -0.9925
vn -0.0465 0.1122 -0.9926
vn 0.2252 -0.5437 -0.8085
vn 0.0000 -0.5869 -0.8096
vn -0.0511 0.0466 0.9976
vn -0.1972 0.1969 0.9604
vn -0.2597 0.1083 0.9596
vn -0.0668 0.0269 0.9974
vn -0.0000 0.2762 0.9611
vn -0.0001 0.0634 0.9980
vn 0.1122 0.0465 -0.9926
vn 0.0862 0.0862 -0.9925
vn -0.5437 -0.2252 -0.8085
vn -0.4150 -0.4150 -0.8096
vn 0.0511 -0.0466 0.9976
vn 0.1972 -0.1969 0.9604
vn 0.2597 -0.1083 0.9596
vn 0.0668 -0.0269 0.9974
vn -0.2825 0.0000 0.9592
vn -0.0729 0.0001 0.9973
vn -0.1122 -0.0465 -0.9926
vn 0.5437 0.2252 -0.8085
vn -0.0510 -0.0465 0.9976
vn -0.1972 -0.1969 0.9604
vn -0.1067 -0.2554 0.9609
vn -0.0281 -0.0581 0.9979
vn 0.2825 0.0000 0.9592
vn 0.0729 -0.0001 0.9973
vn 0.0465 -0.1122 -0.9926
vn -0.2252 0.5437 -0.8085
vn 0.0001 -0.0634 0.9980
vn 0.0000 -0.2762 0.9611
vn 0.1067 -0.2554 0.9609
vn 0.0283 -0.0581 0.9979
vn 0.0465 0.1122 -0.9926
vn -0.2252 -0.5437 -0.8085
vn 0.9732 0.0000 -0.2300
vn 0.8991 0.3724 -0.2298
vn 0.6881 0.6881 -0.2300
vn -0.2596 -0.1083 0.9596
vn -0.0667 -0.0267 0.9974
vn 0.0000 0.9732 -0.2300
vn -0.3724 0.8991 -0.2298
vn -0.6881 0.6881 -0.2300
vn -0.6412 0.6658 0.3815
vn -0.3772 0.3933 0.8384
vn -0.6881 -0.6881 -0.2300
vn -0.3724 -0.8991 -0.2298
vn 0.0000 -0.9732 -0.2300
vn 0.2031 -0.5135 0.8337
vn 0.3446 -0.8605 0.3751
vn 0.3724 0.8991 -0.2298
vn -0.8991 0.3724 -0.2298
vn -0.9732 0.0000 -0.2300
vn -0.2031 0.5135 0.8337
vn -0.3446 0.8605 0.3751
vn 0.6881 -0.6881 -0.2300
vn 0.8991 -0.3724 -0.2298
vn 0.3724 -0.8991 -0.2298
vn -0.1067 0.2554 0.9609
vn -0.0283 0.0581 0.9979
vn 0.2596 0.1083 0.9596
vn 0.0667 0.0267 0.9974
vn -0.8991 -0.3724 -0.2298
vn 0.0000 0.6327 0.7744
vn 0.2412 0.5780 0.7795
vn 0.4294 0.4265 0.7961
vn -0.5795 0.0000 0.8149
vn -0.5435 0.2236 0.8090
vn -0.4294 0.4265 0.7961
vn 0.5795 0.0000 0.8149
vn 0.5435 -0.2236 0.8090
vn 0.4294 -0.4265 0.7961
vn 0.0000 -0.6327 0.7744
vn -0.2412 -0.5780 0.7795
vn -0.4294 -0.4265 0.7960
vn -0.2412 0.5780 0.7795
vn 0.2412 -0.5780 0.7795
vn -0.5435 -0.2236 0.8090
vn 0.5435 0.2236 0.8090
vn 0.0000 0.7017 0.7125
vn 0.2635 0.6447 0.7175
vn 0.4807 0.4879 0.7286
vn -0.6695 -0.0000 0.7428
vn -0.6208 0.2609 0.7392
vn -0.4809 0.4880 0.7283
vn 0.6695 0.0000 0.7428
vn 0.6208 -0.2609 0.7392
vn 0.4809 -0.4880 0.7283
vn 0.0000 -0.7017 0.7125
vn -0.2635 -0.6447 0.7175
vn -0.4807 -0.4879 0.7286
vn -0.2636 0.6449 0.7174
vn 0.2635 -0.6449 0.7174
vn -0.6206 -0.2609 0.7395
vn 0.6206 0.2609 0.7395
vn -0.5428 0.6903 -0.4783
vn -0.7190 0.6902 -0.0816
vn -0.4295 0.9018 0.0468
vn -0.2533 0.9019 -0.3499
vn -0.9124 -0.3735 -0.1675
vn -0.7190 -0.6902 -0.0816
vn -0.7151 -0.4299 0.5510
vn -0.8352 -0.2324 0.4984
vn 0.2336 0.0000 0.9723
vn 0.8040 0.0000 0.5946
vn 0.7361 0.3735 0.5644
vn 0.1904 0.2324 0.9538
vn 0.9801 0.0000 0.1983
vn 0.9122 0.3736 0.1681
vn 0.7188 0.6903 0.0819
vn 0.5427 0.6902 0.4785
vn 0.4294 -0.9019 -0.0466
vn 0.0880 -0.9762 -0.1983
vn 0.3087 -0.6491 -0.6952
vn 0.5355 -0.5996 -0.5947
vn -0.8780 0.0000 0.4787
vn -0.9803 0.0000 -0.1977
vn -0.8044 0.0000 -0.5940
vn -0.7364 -0.3736 -0.5639
vn 0.7188 -0.6904 0.0820
vn 0.5427 -0.6902 0.4786
vn 0.2532 -0.9018 0.3501
vn -0.7152 0.4300 0.5510
vn -0.5348 0.5611 0.6318
vn -0.3222 -0.6080 0.7256
vn -0.0882 -0.9761 0.1986
vn -0.1100 -0.5609 0.8205
vn -0.1139 0.2131 -0.9703
vn -0.6175 0.3634 -0.6976
vn -0.6836 0.0009 -0.7298
vn -0.1510 0.0006 -0.9885
vn 0.0881 0.9761 -0.1985
vn -0.0881 0.9761 0.1984
vn 0.2533 0.9018 0.3500
vn 0.4294 0.9019 -0.0468
vn 0.0709 0.4300 0.9000
vn -0.3221 0.6081 0.7255
vn 0.7361 -0.3735 0.5644
vn 0.9122 -0.3736 0.1681
vn 0.0708 -0.4299 0.9001
vn -0.1100 0.5611 0.8204
vn -0.4296 -0.9018 0.0469
vn -0.2533 -0.9019 -0.3498
vn 0.1904 -0.2324 0.9538
vn -0.5348 -0.5609 0.6319
vn -0.5429 -0.6904 -0.4782
vn -0.9123 0.3735 -0.1675
vn -0.8352 0.2324 0.4984
vn -0.7364 0.3736 -0.5639
vn 0.0641 0.0000 0.9979
vn 0.0339 -0.1781 0.9834
vn -0.7523 0.1782 0.6343
vn -0.6592 0.3278 0.6767
vn -0.6592 -0.3278 0.6767
vn -0.7523 -0.1781 0.6343
vn -0.1963 -0.4301 0.8812
vn -0.3596 -0.4636 0.8098
vn -0.0599 0.3278 0.9428
vn 0.0339 0.1781 0.9834
vn -0.7833 0.0000 0.6216
vn -0.5220 -0.4301 0.7365
vn -0.0599 -0.3278 0.9428
vn -0.1963 0.4301 0.8811
vn -0.3595 0.4636 0.8098
vn -0.5220 0.4301 0.7365
vn 0.7283 -0.4602 -0.5076
vn 0.8576 -0.2494 -0.4497
vn -0.2882 0.0000 -0.9575
vn -0.2415 0.2493 -0.9378
vn 0.9036 0.0000 -0.4283
vn 0.7283 0.4602 -0.5076
vn 0.5355 0.5994 -0.5949
vn 0.0821 -0.5996 -0.7961
vn -0.1119 0.4602 -0.8807
vn 0.3088 0.6489 -0.6954
vn -0.1119 -0.4602 -0.8807
vn 0.0821 0.5994 -0.7962
vn -0.2415 -0.2494 -0.9378
vn 0.8576 0.2493 -0.4498
vn 0.3582 0.0465 -0.9325
vn 0.2095 0.1969 -0.9578
vn 0.2924 0.2554 -0.9215
vn 0.3793 0.0581 -0.9234
vn 0.3387 -0.5515 -0.7623
vn 0.1516 -0.9276 -0.3412
vn 0.4674 -0.8604 -0.2027
vn 0.5242 -0.5135 -0.6793
vn 0.1172 0.9574 -0.2639
vn 0.4517 0.8831 -0.1270
vn 0.4616 0.8758 -0.1410
vn 0.1248 0.9515 -0.2811
vn -0.6436 0.3614 -0.6746
vn -0.4733 0.6725 -0.5689
vn -0.4725 0.6637 -0.5798
vn -0.6437 0.3561 -0.6774
vn 0.1248 -0.9515 -0.2811
vn 0.1172 -0.9574 -0.2639
vn -0.2087 -0.8831 -0.4202
vn -0.2050 -0.8758 -0.4370
vn 0.7394 0.6725 -0.0303
vn 0.7469 0.6638 -0.0380
vn 0.9990 0.0000 0.0438
vn 0.9991 0.0000 0.0425
vn 0.9321 -0.3614 0.0250
vn 0.9342 -0.3561 0.0232
vn -0.4734 -0.6725 -0.5689
vn -0.4727 -0.6638 -0.5795
vn 0.7395 -0.6725 -0.0304
vn 0.4517 -0.8831 -0.1270
vn 0.4617 -0.8757 -0.1411
vn 0.7470 -0.6637 -0.0383
vn -0.2087 0.8831 -0.4202
vn -0.2049 0.8757 -0.4371
vn -0.6437 -0.3614 -0.6746
vn -0.6439 -0.3561 -0.6772
vn 0.9321 0.3614 0.0251
vn 0.9341 0.3561 0.0235
vn -0.7015 0.0000 -0.7126
vn -0.7025 0.0000 -0.7117
vn 0.1514 0.4874 0.8600
vn -0.0534 0.6362 0.7696
vn 0.2872 0.2635 0.9209
vn -0.8757 0.2635 0.4045
vn -0.7394 0.4874 0.4644
vn -0.2940 0.6892 0.6622
vn 0.4094 -0.0038 -0.9124
vn 0.4135 -0.0034 -0.9105
vn 0.4058 0.0001 -0.9139
vn 0.4058 0.0008 -0.9139
vn 0.3981 -0.0034 -0.9173
vn 0.4022 -0.0038 -0.9155
vn 0.2872 -0.2635 0.9209
vn 0.1514 -0.4874 0.8600
vn -0.9239 0.0000 0.3825
vn 0.3953 0.0000 -0.9185
vn 0.4135 0.0034 -0.9105
vn 0.4094 0.0038 -0.9124
vn -0.5351 -0.6362 0.5557
vn -0.7394 -0.4874 0.4644
vn 0.3359 0.0000 0.9419
vn 0.4162 0.0000 -0.9092
vn 0.4058 -0.0001 -0.9139
vn 0.4022 0.0038 -0.9155
vn -0.5351 0.6362 0.5557
vn -0.2940 -0.6892 0.6622
vn 0.4058 -0.0008 -0.9139
vn -0.0534 -0.6362 0.7696
vn -0.8757 -0.2635 0.4045
vn 0.3981 0.0034 -0.9173
vn 0.3383 0.5515 -0.7624
vn 0.1514 0.9276 -0.3413
vn -0.1631 0.8604 -0.4827
vn 0.1523 0.5135 -0.8444
vn 0.7407 -0.6659 -0.0882
vn 0.6851 -0.3936 -0.6129
vn 0.9315 -0.3634 -0.0098
vn 0.7962 -0.2131 -0.5662
vn -0.3240 -0.0862 0.9421
vn -0.3603 -0.1122 0.9260
vn -0.4028 -0.1219 0.9071
vn -0.5339 0.5437 0.6475
vn -0.3286 0.5869 0.7400
vn -0.7079 0.4150 0.5715
vn -0.0048 0.3936 -0.9192
vn -0.4313 0.6659 -0.6087
vn 0.9998 -0.0009 0.0176
vn 0.8345 -0.0006 -0.5509
vn -0.4816 -0.0862 0.8721
vn -0.5054 -0.0465 0.8616
vn -0.5142 0.0000 0.8577
vn 0.1688 0.2252 0.9596
vn 0.2079 0.0000 0.9781
vn 0.0507 0.4150 0.9084
vn -0.1138 -0.2122 -0.9705
vn -0.6177 -0.3623 -0.6980
vn -0.4312 -0.6658 -0.6089
vn -0.0045 -0.3933 -0.9194
vn 0.9320 0.3623 -0.0099
vn 0.7963 0.2122 -0.5665
vn -0.3240 0.0862 0.9421
vn -0.3002 0.0465 0.9527
vn -0.2914 0.0000 0.9566
vn -0.8250 -0.2252 0.5183
vn -0.8650 0.0000 0.5018
vn -0.7079 -0.4150 0.5715
vn -0.4028 0.1219 0.9071
vn -0.3603 0.1122 0.9260
vn -0.5339 -0.5437 0.6475
vn -0.3286 -0.5869 0.7400
vn 0.4516 0.0466 -0.8910
vn 0.5700 0.1969 -0.7977
vn 0.6268 0.1083 -0.7716
vn 0.4658 0.0269 -0.8845
vn 0.3901 0.2762 -0.8784
vn 0.4051 0.0634 -0.9120
vn -0.5054 0.0465 0.8616
vn -0.4816 0.0862 0.8721
vn 0.1688 -0.2252 0.9596
vn 0.0507 -0.4150 0.9084
vn 0.3581 -0.0466 -0.9325
vn 0.2094 -0.1969 -0.9578
vn 0.1521 -0.1083 -0.9824
vn 0.3437 -0.0269 -0.9387
vn 0.6475 0.0000 -0.7620
vn 0.4714 0.0001 -0.8819
vn -0.3002 -0.0465 0.9527
vn -0.8250 0.2252 0.5183
vn 0.4515 -0.0465 -0.8910
vn 0.5700 -0.1969 -0.7977
vn 0.4874 -0.2554 -0.8349
vn 0.4306 -0.0581 -0.9006
vn 0.1310 0.0000 -0.9914
vn 0.3381 -0.0001 -0.9411
vn -0.4453 -0.1122 0.8883
vn -0.1223 0.5437 0.8303
vn 0.4049 -0.0634 -0.9121
vn 0.3900 -0.2762 -0.8784
vn 0.2924 -0.2554 -0.9215
vn 0.3791 -0.0581 -0.9235
vn -0.4453 0.1122 0.8883
vn -0.1223 -0.5437 0.8303
vn -0.9828 0.0000 -0.1847
vn -0.9150 0.3724 -0.1548
vn -0.7223 0.6881 -0.0691
vn 0.6267 -0.1083 -0.7717
vn 0.4657 -0.0267 -0.8845
vn -0.0933 0.9732 0.2102
vn 0.2471 0.8991 0.3612
vn 0.5356 0.6881 0.4894
vn 0.7409 0.6658 -0.0884
vn 0.6850 0.3933 -0.6132
vn 0.5356 -0.6881 0.4894
vn 0.2471 -0.8991 0.3612
vn -0.0933 -0.9732 0.2102
vn 0.1527 -0.5135 -0.8444
vn -0.1628 -0.8605 -0.4827
vn -0.4337 0.8991 0.0589
vn 0.7285 0.3724 0.5749
vn 0.7961 0.0000 0.6051
vn 0.5239 0.5135 -0.6795
vn 0.4672 0.8605 -0.2029
vn -0.7223 -0.6881 -0.0691
vn -0.9150 -0.3724 -0.1548
vn -0.4337 -0.8991 0.0589
vn 0.4875 0.2554 -0.8349
vn 0.4308 0.0581 -0.9006
vn 0.1521 0.1083 -0.9824
vn 0.3438 0.0267 -0.9387
vn 0.7285 -0.3724 0.5749
vn 0.3142 0.6327 -0.7078
vn 0.0959 0.5780 -0.8104
vn -0.0694 0.4265 -0.9018
vn 0.8604 0.0000 -0.5096
vn 0.8251 0.2236 -0.5189
vn 0.7155 0.4265 -0.5533
vn -0.1990 0.0000 -0.9800
vn -0.1684 -0.2236 -0.9600
vn -0.0694 -0.4265 -0.9018
vn 0.3142 -0.6327 -0.7078
vn 0.5368 -0.5780 -0.6146
vn 0.7155 -0.4265 -0.5533
vn 0.5368 0.5780 -0.6146
vn 0.0959 -0.5780 -0.8104
vn 0.8251 -0.2236 -0.5189
vn -0.1684 0.2236 -0.9600
vn 0.2891 0.7017 -0.6511
vn 0.0504 0.6447 -0.7627
vn -0.1437 0.4879 -0.8610
vn 0.9133 -0.0000 -0.4072
vn 0.8674 0.2609 -0.4237
vn 0.7351 0.4880 -0.4705
vn -0.3104 0.0000 -0.9506
vn -0.2674 -0.2609 -0.9275
vn -0.1440 -0.4880 -0.8608
vn 0.2891 -0.7017 -0.6512
vn 0.5320 -0.6447 -0.5489
vn 0.7350 -0.4878 -0.4708
vn 0.5320 0.6449 -0.5487
vn 0.0502 -0.6449 -0.7626
vn 0.8672 -0.2609 -0.4240
vn -0.2671 0.2609 -0.9277
vn -0.3174 0.6903 0.6501
vn -0.0994 0.9019 0.4204
vn -0.4145 0.9018 0.1218
vn -0.6324 0.6902 0.3516
vn -0.7779 -0.3735 0.5052
vn -0.9626 -0.2324 -0.1393
vn -0.8720 -0.4299 -0.2340
vn -0.6324 -0.6902 0.3515
vn -0.1578 0.0000 -0.9875
vn -0.1906 0.2324 -0.9537
vn 0.4628 0.3735 -0.8039
vn 0.5139 0.0000 -0.8578
vn 0.7776 0.3736 -0.5057
vn 0.8287 0.0000 -0.5596
vn 0.6322 0.6903 -0.3518
vn 0.3172 0.6902 -0.6503
vn 0.4143 -0.9019 -0.1219
vn 0.7229 -0.5996 0.3434
vn 0.5521 -0.6491 0.5233
vn 0.1574 -0.9762 0.1492
vn -0.9945 0.0000 -0.1047
vn -0.8291 0.0000 0.5591
vn -0.4633 -0.3736 0.8036
vn -0.5145 0.0000 0.8575
vn 0.6321 -0.6904 -0.3518
vn 0.0993 -0.9018 -0.4206
vn 0.3172 -0.6902 -0.6504
vn -0.7365 0.5611 -0.3778
vn -0.8719 0.4300 -0.2340
vn -0.5763 -0.6080 -0.5462
vn -0.4168 -0.5609 -0.7152
vn -0.1577 -0.9761 -0.1495
vn 0.2676 0.2131 0.9396
vn 0.2404 0.0006 0.9707
vn -0.3507 0.0009 0.9365
vn -0.3020 0.3634 0.8813
vn 0.1576 0.9761 0.1494
vn 0.4144 0.9019 -0.1218
vn 0.0994 0.9018 -0.4205
vn -0.1576 0.9761 -0.1494
vn -0.2803 0.4300 -0.8582
vn -0.5761 0.6081 -0.5461
vn 0.7776 -0.3736 -0.5057
vn 0.4628 -0.3735 -0.8039
vn -0.2804 -0.4299 -0.8582
vn -0.4167 0.5611 -0.7152
vn -0.0995 -0.9019 0.4203
vn -0.4147 -0.9018 0.1217
vn -0.1906 -0.2324 -0.9537
vn -0.7365 -0.5609 -0.3779
vn -0.3175 -0.6904 0.6500
vn -0.9626 0.2324 -0.1393
vn -0.7779 0.3735 0.5052
vn -0.4633 0.3736 0.8036
vn -0.3464 -0.1781 -0.9210
vn -0.3241 0.0000 -0.9460
vn -0.8686 0.3278 -0.3716
vn -0.9382 0.1781 -0.2966
vn -0.9382 -0.1781 -0.2966
vn -0.8686 -0.3278 -0.3716
vn -0.6431 -0.4636 -0.6095
vn -0.5198 -0.4301 -0.7381
vn -0.3464 0.1781 -0.9210
vn -0.4176 0.3278 -0.8474
vn -0.9620 0.0000 -0.2730
vn -0.7649 -0.4301 -0.4795
vn -0.4176 -0.3278 -0.8474
vn -0.5198 0.4301 -0.7381
vn -0.6431 0.4636 -0.6095
vn -0.7649 0.4301 -0.4795
vn 0.9646 -0.2494 0.0857
vn 0.8675 -0.4602 0.1888
vn 0.1017 0.0000 0.9948
vn 0.1373 0.2493 0.9586
vn 0.9988 0.0000 0.0483
vn 0.7230 0.5994 0.3435
vn 0.8675 0.4602 0.1889
vn 0.3816 -0.5996 0.7035
vn 0.2351 0.4602 0.8561
vn 0.5522 0.6489 0.5234
vn 0.2350 -0.4602 0.8561
vn 0.3817 0.5994 0.7035
vn 0.1373 -0.2494 0.9586
vn 0.9646 0.2493 0.0858
vn 0.6890 0.0465 0.7233
vn 0.7049 0.0581 0.7068
vn 0.6240 0.2554 0.7385
vn 0.5614 0.1969 0.8038
vn 0.6055 -0.5515 0.5737
vn 0.7450 -0.5135 0.4257
vn 0.5094 -0.8604 0.0076
vn 0.2711 -0.9276 0.2568
vn 0.2096 0.9574 0.1986
vn 0.2232 0.9515 0.2116
vn 0.4803 0.8758 -0.0472
vn 0.4658 0.8831 -0.0563
vn -0.3351 0.3614 0.8701
vn -0.3340 0.3561 0.8727
vn -0.2135 0.6637 0.7168
vn -0.2185 0.6725 0.7071
vn 0.2232 -0.9515 0.2116
vn -0.0213 -0.8758 0.4822
vn -0.0312 -0.8831 0.4681
vn 0.2096 -0.9574 0.1986
vn 0.7042 0.6638 -0.2519
vn 0.6944 0.6725 -0.2561
vn 0.9055 0.0000 -0.4243
vn 0.8536 -0.3561 -0.3803
vn 0.8509 -0.3614 -0.3812
vn 0.9061 0.0000 -0.4230
vn -0.2138 -0.6638 0.7167
vn -0.2185 -0.6725 0.7071
vn 0.6944 -0.6725 -0.2560
vn 0.7044 -0.6637 -0.2516
vn 0.4805 -0.8757 -0.0470
vn 0.4658 -0.8831 -0.0562
vn -0.0212 0.8757 0.4823
vn -0.0312 0.8831 0.4682
vn -0.3343 -0.3561 0.8726
vn -0.3351 -0.3614 0.8701
vn 0.8534 0.3561 -0.3805
vn 0.8509 0.3614 -0.3812
vn -0.3751 0.0000 0.9269
vn -0.3739 0.0000 0.9275
vn -0.1906 0.4874 -0.8521
vn -0.3450 0.6362 -0.6901
vn -0.0886 0.2635 -0.9606
vn -0.8611 0.4874 -0.1447
vn -0.9639 0.2635 -0.0370
vn -0.5259 0.6892 -0.4984
vn 0.7316 -0.0034 0.6818
vn 0.7285 -0.0038 0.6850
vn 0.7258 0.0001 0.6879
vn 0.7258 0.0008 0.6879
vn 0.7231 -0.0038 0.6907
vn 0.7200 -0.0034 0.6940
vn -0.1906 -0.4874 -0.8521
vn -0.0886 -0.2635 -0.9606
vn -1.0000 0.0000 0.0018
vn 0.7179 0.0000 0.6962
vn 0.7284 0.0038 0.6850
vn 0.7316 0.0034 0.6818
vn -0.8611 -0.4874 -0.1447
vn -0.7075 -0.6362 -0.3075
vn -0.0517 0.0000 -0.9987
vn 0.7336 0.0000 0.6796
vn 0.7231 0.0038 0.6907
vn 0.7258 -0.0001 0.6879
vn -0.7075 0.6362 -0.3075
vn -0.5259 -0.6892 -0.4984
vn 0.7258 -0.0008 0.6879
vn -0.3450 -0.6362 -0.6901
vn -0.9639 -0.2635 -0.0370
vn 0.7200 0.0034 0.6940
vn 0.6053 0.5515 0.5739
vn 0.4650 0.5135 0.7211
vn 0.0349 0.8604 0.5083
vn 0.2709 0.9276 0.2569
vn 0.8680 -0.3936 0.3026
vn 0.7178 -0.6659 -0.2031
vn 0.9526 -0.2131 0.2169
vn 0.8638 -0.3634 -0.3488
vn -0.6884 -0.1122 -0.7165
vn -0.6611 -0.0862 -0.7453
vn -0.7204 -0.1219 -0.6828
vn -0.5876 0.5869 -0.5569
vn -0.7417 0.5437 -0.3927
vn -0.8731 0.4150 -0.2557
vn 0.3487 0.3936 0.8506
vn -0.1644 0.6659 0.7277
vn 0.9821 -0.0006 0.1880
vn 0.9163 -0.0009 -0.4004
vn -0.7976 -0.0465 -0.6013
vn -0.7797 -0.0862 -0.6202
vn -0.8042 0.0000 -0.5943
vn -0.1839 0.0000 -0.9829
vn -0.2128 0.2252 -0.9508
vn -0.3021 0.4150 -0.8581
vn 0.2678 -0.2122 0.9398
vn 0.3490 -0.3933 0.8506
vn -0.1642 -0.6658 0.7278
vn -0.3021 -0.3623 0.8817
vn 0.9528 0.2122 0.2171
vn 0.8643 0.3623 -0.3489
vn -0.6432 0.0465 -0.7643
vn -0.6611 0.0862 -0.7453
vn -0.6365 0.0000 -0.7712
vn -0.9914 0.0000 -0.1309
vn -0.9608 -0.2252 -0.1616
vn -0.8731 -0.4150 -0.2557
vn -0.6884 0.1122 -0.7165
vn -0.7204 0.1219 -0.6828
vn -0.7417 -0.5437 -0.3927
vn -0.5876 -0.5869 -0.5569
vn 0.7592 0.0466 0.6491
vn 0.7699 0.0269 0.6376
vn 0.8751 0.1083 0.4716
vn 0.8327 0.1970 0.5174
vn 0.7244 0.0634 0.6864
vn 0.6976 0.2762 0.6611
vn -0.7976 0.0465 -0.6013
vn -0.7797 0.0862 -0.6202
vn -0.3021 -0.4150 -0.8581
vn -0.2128 -0.2252 -0.9508
vn 0.6888 -0.0466 0.7234
vn 0.6779 -0.0269 0.7346
vn 0.5178 -0.1083 0.8486
vn 0.5613 -0.1969 0.8038
vn 0.7740 0.0001 0.6331
vn 0.8906 0.0000 0.4548
vn -0.6432 -0.0465 -0.7643
vn -0.9608 0.2252 -0.1616
vn 0.7591 -0.0465 0.6492
vn 0.7436 -0.0581 0.6661
vn 0.7708 -0.2554 0.5836
vn 0.8327 -0.1969 0.5175
vn 0.6737 -0.0001 0.7390
vn 0.5018 0.0000 0.8649
vn -0.7524 -0.1122 -0.6490
vn -0.4319 0.5437 -0.7196
vn 0.7242 -0.0634 0.6866
vn 0.7048 -0.0581 0.7070
vn 0.6240 -0.2554 0.7385
vn 0.6975 -0.2762 0.6612
vn -0.7524 0.1122 -0.6490
vn -0.4319 -0.5437 -0.7196
vn -0.7853 0.3724 0.4945
vn -0.8364 0.0000 0.5481
vn -0.6403 0.6881 0.3413
vn 0.7698 -0.0267 0.6377
vn 0.8751 -0.1083 0.4717
vn 0.0894 0.8991 -0.4284
vn -0.1669 0.9732 -0.1582
vn 0.3065 0.6881 -0.6576
vn 0.8680 0.3933 0.3030
vn 0.7180 0.6658 -0.2030
vn 0.0894 -0.8991 -0.4284
vn 0.3065 -0.6881 -0.6576
vn -0.1669 -0.9732 -0.1582
vn 0.4653 -0.5135 0.7209
vn 0.0352 -0.8605 0.5082
vn -0.4230 0.8991 0.1122
vn 0.4517 0.3724 -0.8107
vn 0.5025 0.0000 -0.8645
vn 0.7448 0.5135 0.4261
vn 0.5093 0.8605 0.0079
vn -0.7853 -0.3724 0.4945
vn -0.6403 -0.6881 0.3413
vn -0.4230 -0.8991 0.1122
vn 0.7437 0.0581 0.6659
vn 0.7709 0.2553 0.5835
vn 0.5179 0.1083 0.8485
vn 0.6780 0.0267 0.7345
vn 0.4517 -0.3724 -0.8107
vn 0.3999 0.5780 0.7113
vn 0.5620 0.6327 0.5327
vn 0.2824 0.4265 0.8592
vn 0.9611 0.2236 0.1621
vn 0.9901 0.0000 0.1400
vn 0.8732 0.4265 0.2360
vn 0.2133 -0.2236 0.9510
vn 0.1928 0.0000 0.9812
vn 0.2824 -0.4265 0.8592
vn 0.7317 -0.5780 0.3612
vn 0.5620 -0.6327 0.5327
vn 0.8732 -0.4265 0.2360
vn 0.7317 0.5780 0.3612
vn 0.3999 -0.5780 0.7113
vn 0.9611 -0.2236 0.1621
vn 0.2133 0.2236 0.9510
vn 0.3395 0.6447 0.6848
vn 0.5171 0.7017 0.4901
vn 0.1981 0.4878 0.8501
vn 0.9636 0.2609 0.0579
vn 0.9997 -0.0000 0.0251
vn 0.8595 0.4880 0.1519
vn 0.1094 -0.2609 0.9591
vn 0.0786 0.0000 0.9969
vn 0.1978 -0.4880 0.8501
vn 0.7020 -0.6447 0.3023
vn 0.5171 -0.7017 0.4901
vn 0.8595 -0.4878 0.1523
vn 0.7020 0.6449 0.3022
vn 0.3394 -0.6449 0.6848
vn 0.9636 -0.2609 0.0583
vn 0.1098 0.2609 0.9591
vn 0.7764 0.6302 0.0000
vn 0.9344 -0.3563 0.0000
vn 0.6607 -0.3563 -0.6607
vn 0.5490 0.6302 -0.5490
vn -0.7764 0.6302 0.0000
vn -0.9344 -0.3563 0.0000
vn -0.6607 -0.3563 0.6607
vn -0.5490 0.6302 0.5490
vn 0.0000 0.6302 0.7764
vn 0.0000 -0.3563 0.9344
vn 0.6607 -0.3563 0.6607
vn 0.5490 0.6302 0.5490
vn 0.0000 0.6302 -0.7764
vn 0.0000 -0.3563 -0.9344
vn -0.6607 -0.3563 -0.6607
vn -0.5490 0.6302 -0.5490
vn 0.4960 -0.7127 0.4960
vn 0.7015 -0.7127 0.0000
vn 0.0000 -0.7126 -0.7015
vn -0.4960 -0.7126 -0.4960
vn 0.4960 -0.7126 -0.4960
vn -0.7015 -0.7126 0.0000
vn -0.4960 -0.7126 0.4960
vn 0.0000 -0.7127 0.7015
vn -0.0804 -0.3309 0.9402
vn -0.0721 0.1612 0.9843
vn -0.0716 0.0696 0.9950
vn 0.1459 -0.8997 0.4115
vn 0.4884 -0.7022 -0.5180
vn 0.2789 -0.9592 0.0459
vn 0.2519 -0.5603 0.7890
vn 0.1628 0.4299 -0.8880
vn 0.0950 0.8029 -0.5885
vn 0.1427 0.8971 -0.4182
vn 0.2598 0.3868 -0.8848
vn -0.5474 -0.8014 0.2411
vn -0.1563 -0.8881 0.4323
vn -0.2535 -0.2955 0.9210
vn -0.4378 -0.3829 0.8134
vn -0.1119 -0.2790 0.9537
vn -0.2827 -0.0868 0.9553
vn -0.2797 0.0629 0.9580
vn -0.6673 -0.7281 0.1564
vn -0.5544 -0.2873 0.7811
vn 0.1213 -0.3656 -0.9228
vn 0.3051 0.3363 -0.8910
vn 0.3608 0.0631 -0.9305
vn 0.3412 -0.3280 -0.8809
vn 0.5163 -0.2608 -0.8157
vn 0.3578 -0.0864 -0.9298
vn 0.5029 -0.3484 -0.7910
vn 0.6559 -0.0581 -0.7526
vn -0.2829 0.8029 0.5247
vn -0.7862 0.5649 0.2507
vn -0.4994 0.3642 0.7861
vn -0.4115 0.4299 0.8036
vn 0.3264 -0.7365 0.5925
vn 0.6936 -0.2124 0.6883
vn 0.0622 -0.0581 0.9964
vn 0.3088 -0.0724 -0.9484
vn 0.2968 0.3830 -0.8748
vn 0.3107 -0.2181 -0.9251
vn 0.3803 0.3797 -0.8433
vn 0.4152 -0.0769 -0.9065
vn 0.8470 -0.5180 -0.1194
vn 0.4318 -0.4739 -0.7674
vn 0.3662 -0.8997 -0.2376
vn -0.0921 0.9321 0.3503
vn -0.2970 0.3830 0.8747
vn -0.2117 0.3797 0.9005
vn -0.0882 0.9340 0.3462
vn 0.4751 0.4205 -0.7729
vn 0.5489 0.0696 -0.8330
vn -0.0935 0.4205 0.9024
vn -0.1502 0.7642 0.6272
vn 0.1408 0.9340 -0.3283
vn 0.2626 0.7642 -0.5891
vn -0.1703 0.9837 -0.0578
vn 0.3671 -0.6977 -0.6152
vn -0.1321 -0.7109 -0.6908
vn 0.1401 0.9321 -0.3340
vn 0.0595 0.9970 0.0493
vn -0.0825 -0.3484 0.9337
vn 0.5993 -0.5180 0.6103
vn -0.1245 -0.4739 0.8717
vn 0.3344 -0.3677 0.8677
vn 0.0721 -0.7022 0.7083
vn 0.9693 -0.2124 -0.1238
vn 0.6432 -0.7451 -0.1761
vn 0.6343 -0.6807 -0.3664
vn 0.9131 -0.2326 -0.3348
vn 0.0823 0.3642 -0.9277
vn -0.4711 0.5649 -0.6775
vn -0.0570 0.9910 0.1211
vn -0.6738 0.7276 -0.1286
vn -0.4342 -0.7281 -0.5304
vn -0.5825 -0.2396 -0.7767
vn -0.0027 0.0471 -0.9989
vn 0.0356 -0.2874 -0.9572
vn -0.6401 -0.6406 0.4241
vn -0.8309 -0.5415 0.1282
vn -0.6102 0.0471 0.7908
vn -0.9349 -0.2396 0.2615
vn 0.0961 -0.9470 -0.3066
vn -0.3587 -0.8096 -0.4646
vn -0.1789 -0.7232 -0.6670
vn 0.2294 -0.7660 -0.6004
vn -0.1414 0.8970 0.4187
vn 0.0360 0.9937 0.1059
vn 0.0284 0.9910 -0.1308
vn 0.0930 0.9937 -0.0620
vn 0.6133 0.1313 0.7788
vn 0.2864 0.8514 0.4393
vn 0.4241 0.9021 0.0792
vn 0.3847 0.9021 0.1953
vn 0.4946 0.8515 -0.1742
vn 0.9396 -0.1843 0.2884
vn 0.9210 -0.1843 0.3431
vn 0.2492 -0.9592 0.1333
vn 0.6802 -0.5604 -0.4725
vn -0.2199 -0.6634 0.7152
vn -0.5662 -0.6619 0.4910
vn -0.5253 -0.7109 0.4676
vn -0.0832 -0.6977 0.7116
vn 0.7935 -0.3677 -0.4848
vn -0.6128 0.7276 -0.3081
vn -0.3325 0.3868 0.8601
vn -0.3881 0.4024 0.8291
vn -0.3323 -0.0724 0.9404
vn 0.5206 -0.2326 0.8215
vn 0.2431 -0.6162 0.7491
vn -0.2497 -0.6406 -0.7262
vn -0.5811 -0.5415 -0.6075
vn -0.7172 -0.4479 -0.5338
vn 0.0893 -0.8266 -0.5557
vn 0.0352 -0.7663 0.6414
vn 0.0772 0.9970 -0.0029
vn 0.4185 -0.7663 -0.4874
vn 0.0628 0.5039 -0.8615
vn 0.1968 0.4024 -0.8940
vn -0.8939 -0.4479 -0.0130
vn 0.1509 -0.7691 -0.6211
vn -0.2674 -0.8266 0.4952
vn -0.2583 -0.7690 0.5846
vn 0.9607 0.1313 -0.2445
vn 0.5420 0.1612 -0.8248
vn -0.9469 0.0000 -0.3214
vn -0.6150 0.2366 -0.7521
vn -0.4746 0.5039 0.7217
vn -0.9458 0.2366 0.2223
vn -0.2224 -0.0769 0.9719
vn -0.3167 -0.2181 0.9231
vn -0.2997 0.3363 0.8928
vn -0.1791 -0.7543 0.6316
vn 0.2424 -0.7543 -0.6101
vn 0.5085 -0.3310 -0.7949
vn -0.0034 -0.2181 -0.9759
vn -0.0004 0.3830 -0.9237
vn 0.0887 0.3797 -0.9208
vn 0.1015 -0.0769 -0.9919
vn -0.0991 0.8029 0.5879
vn -0.1310 0.4299 0.8933
vn -0.0381 0.3868 0.9214
vn 0.0008 0.8970 0.4419
vn 0.0240 -0.7660 -0.6423
vn 0.4827 -0.6807 -0.5510
vn 0.4996 -0.7365 0.4559
vn -0.0089 -0.8881 0.4596
vn 0.0893 0.3797 0.9208
vn 0.1020 -0.0769 0.9918
vn 0.2523 0.0696 0.9651
vn 0.2017 0.4205 0.8846
vn -0.2205 0.3642 -0.9048
vn -0.1315 0.4299 -0.8932
vn -0.1013 0.4024 -0.9098
vn -0.2176 0.5039 -0.8359
vn 0.0336 -0.7543 0.6557
vn -0.0566 -0.7691 0.6366
vn -0.3782 -0.6619 0.6471
vn 0.0218 -0.6634 0.7480
vn 0.0397 -0.0864 -0.9955
vn -0.0127 -0.0724 -0.9973
vn 0.2217 -0.3484 -0.9107
vn 0.0721 0.9970 0.0275
vn 0.0681 0.9937 0.0887
vn 0.0254 0.9321 0.3613
vn 0.1620 -0.4739 -0.8655
vn 0.2517 0.0696 -0.9653
vn 0.2258 -0.3310 -0.9162
vn 0.0396 -0.0868 0.9954
vn -0.0121 -0.0724 0.9973
vn -0.1008 0.4024 0.9099
vn 0.0433 0.0629 0.9971
vn -0.8011 -0.2396 0.5484
vn -0.8240 0.2366 0.5147
vn -1.0000 0.0000 0.0003
vn -0.7457 -0.5415 -0.3883
vn 0.2705 -0.8997 0.3426
vn 0.4924 -0.5603 0.6660
vn 0.2263 -0.3309 0.9161
vn 0.1625 -0.4739 0.8654
vn 0.0034 0.3363 0.9417
vn -0.2171 0.5039 0.8360
vn -0.3233 0.0471 0.9451
vn -0.0151 0.9910 -0.1330
vn -0.6794 0.7276 -0.0946
vn -0.6793 0.7276 0.0950
vn -0.0150 0.9910 0.1330
vn 0.1497 -0.6977 -0.7006
vn 0.2394 -0.7663 -0.5961
vn 0.2397 -0.7663 0.5960
vn 0.1501 -0.6977 0.7005
vn 0.0276 0.9340 -0.3562
vn -0.1798 0.9837 0.0000
vn 0.0591 0.7642 -0.6423
vn 0.0562 -0.2955 0.9537
vn -0.1528 -0.3829 0.9110
vn -0.0939 -0.8266 0.5549
vn -0.0569 -0.7691 -0.6366
vn -0.0942 -0.8266 -0.5548
vn -0.0076 -0.9470 -0.3212
vn 0.5524 -0.7451 -0.3737
vn 0.4712 -0.6162 0.6311
vn -0.3840 -0.7232 -0.5740
vn -0.4700 -0.6406 -0.6072
vn 0.2788 -0.9592 -0.0462
vn 0.9824 -0.1843 0.0286
vn 0.8312 0.1313 0.5401
vn 0.0721 0.9970 -0.0275
vn 0.0681 0.9937 -0.0887
vn 0.3794 -0.0581 0.9234
vn 0.2222 -0.3484 0.9106
vn 0.2009 -0.2790 0.9390
vn -0.6640 0.5649 -0.4899
vn -0.8243 0.2366 -0.5143
vn -0.5817 -0.7281 -0.3625
vn -0.4891 -0.8096 -0.3245
vn -0.4697 -0.6406 0.6075
vn -0.0386 0.3868 -0.9213
vn 0.0022 0.3363 -0.9417
vn 0.0423 0.0631 -0.9971
vn -0.7454 -0.5415 0.3887
vn -0.8506 -0.4479 0.2752
vn 0.2484 0.1612 0.9551
vn 0.0595 0.7642 0.6422
vn 0.0333 -0.7543 -0.6557
vn -0.8508 -0.4479 -0.2747
vn -0.2736 -0.2873 0.9179
vn -0.4407 -0.8014 0.4044
vn -0.5815 -0.7281 0.3628
vn 0.5958 -0.3677 0.7140
vn 0.2962 -0.7022 0.6474
vn -0.0994 0.8029 -0.5878
vn 0.0252 0.9321 -0.3613
vn 0.0006 0.8971 -0.4419
vn -0.6637 0.5649 0.4903
vn 0.3789 -0.0581 -0.9236
vn 0.7635 -0.5180 -0.3855
vn 0.8779 -0.2124 -0.4291
vn 0.4271 0.9021 0.0611
vn 0.4123 0.8515 -0.3240
vn -0.0029 -0.2181 0.9759
vn 0.2703 -0.8997 -0.3428
vn 0.4920 -0.5604 -0.6662
vn 0.2788 -0.9592 0.0461
vn 0.8309 0.1313 -0.5406
vn 0.2478 0.1612 -0.9553
vn 0.7572 -0.2326 0.6103
vn -0.2199 0.3642 0.9050
vn 0.8781 -0.2124 0.4286
vn 0.7638 -0.5180 0.3851
vn -0.3472 -0.7109 -0.6116
vn -0.3469 -0.7109 0.6117
vn 0.9824 -0.1843 -0.0291
vn -0.1821 -0.3656 -0.9128
vn 0.0397 -0.3280 -0.9438
vn 0.2958 -0.7022 -0.6475
vn -0.8014 -0.2396 -0.5480
vn -0.3239 0.0471 -0.9449
vn -0.2741 -0.2874 -0.9177
vn 0.5954 -0.3677 -0.7143
vn 0.7569 -0.2326 -0.6107
vn 0.2264 -0.2608 -0.9384
vn 0.0278 0.9340 0.3562
vn 0.0001 0.3830 0.9237
vn 0.4125 0.8515 0.3238
vn 0.4270 0.9021 -0.0614
vn 0.2012 0.4205 -0.8847
vn -0.4148 0.1472 0.8979
vn -0.5435 0.2055 0.8138
vn -0.5136 0.4155 0.7507
vn -0.4166 0.3103 0.8545
vn -0.1630 0.9114 0.3777
vn -0.2740 0.8695 0.4108
vn -0.4526 0.3950 0.7994
vn -0.3714 0.3873 0.8438
vn -0.5462 -0.8146 0.1951
vn -0.1740 -0.8879 0.4258
vn -0.3200 -0.2936 0.9008
vn -0.4957 -0.3937 0.7741
vn -0.1888 -0.2739 0.9430
vn -0.3469 -0.1459 0.9265
vn -0.3646 -0.0254 0.9308
vn -0.6317 -0.2448 0.7355
vn -0.6794 0.0412 0.7326
vn -0.6240 -0.2862 0.7271
vn 0.2363 -0.3941 -0.8881
vn 0.3824 0.1468 -0.9122
vn 0.4404 -0.0258 -0.8974
vn 0.4484 -0.2940 -0.8441
vn -0.3627 0.7924 0.4904
vn -0.8173 0.5488 0.1755
vn -0.5742 0.3590 0.7358
vn -0.5501 0.4024 0.7317
vn 0.2893 -0.7241 0.6260
vn 0.6351 -0.1911 0.7484
vn -0.0240 -0.0488 0.9985
vn 0.5763 -0.2945 -0.7623
vn 0.8059 -0.1903 -0.5606
vn 0.9751 -0.2199 0.0271
vn 0.6570 -0.7244 -0.2088
vn 0.6787 -0.6690 -0.3029
vn 0.9438 -0.2145 -0.2514
vn 0.1685 0.4020 -0.9000
vn 0.1552 0.3586 -0.9205
vn -0.4222 0.5486 -0.7216
vn 0.1171 0.7922 -0.5989
vn -0.0930 0.9902 0.1036
vn -0.6757 0.7111 -0.1941
vn 0.6641 0.2203 0.7143
vn 0.0670 0.0859 0.9940
vn -0.3715 -0.7398 -0.5609
vn -0.5069 -0.2589 -0.8222
vn 0.0817 0.0408 -0.9958
vn 0.1151 -0.2867 -0.9511
vn -0.6598 -0.6600 0.3593
vn -0.8268 -0.5591 0.0605
vn -0.9488 -0.2587 0.1812
vn -0.6648 -0.7396 0.1049
vn 0.1964 -0.8881 -0.4155
vn -0.2249 -0.8148 -0.5343
vn -0.0984 -0.7306 -0.6756
vn 0.2978 -0.7654 -0.5705
vn 0.3324 0.5429 -0.7711
vn 0.2842 0.3946 -0.8738
vn 0.1183 0.8693 -0.4798
vn 0.1687 0.9113 -0.3756
vn 0.0112 0.9955 0.0942
vn -0.0767 0.9927 0.0925
vn 0.0166 0.9927 -0.1194
vn 0.0773 0.9954 -0.0557
vn -0.2199 -0.7651 0.6052
vn -0.5650 -0.7303 0.3838
vn 0.5063 0.8513 -0.1372
vn 0.4848 0.8666 0.1176
vn 0.6332 0.2217 0.7415
vn 0.5707 0.2027 0.7957
vn 0.9723 0.2025 -0.1163
vn -0.5993 0.7111 -0.3677
vn 0.0138 0.9902 -0.1390
vn 0.4516 -0.2142 0.8661
vn 0.2346 -0.6688 0.7055
vn -0.1805 -0.6602 -0.7290
vn -0.5137 -0.5593 -0.6506
vn -0.6577 -0.4683 -0.5900
vn 0.1464 -0.8350 -0.5304
vn 0.8990 0.3291 0.2888
vn 0.4142 0.8667 0.2779
vn 0.9745 0.2215 -0.0335
vn 0.6441 0.7456 -0.1706
vn 0.2407 0.8515 0.4659
vn 0.1270 0.4983 -0.8576
vn 0.2071 0.4151 -0.8859
vn 0.3491 0.3098 -0.8844
vn -0.8794 -0.4682 -0.0867
vn -0.2877 -0.7609 0.5815
vn -0.3237 -0.7796 0.5361
vn -0.7905 -0.5156 0.3306
vn 0.1769 -0.7798 -0.6004
vn -0.2898 -0.5159 -0.8061
vn -0.9149 -0.0240 -0.4029
vn -0.5519 0.2166 -0.8053
vn -0.5469 0.4987 0.6725
vn -0.9666 0.2168 0.1364
vn 0.2334 0.2051 -0.9505
vn 0.1689 0.3927 -0.9040
vn 0.3475 -0.0115 -0.9376
vn -0.3619 -0.1751 0.9156
vn -0.4570 -0.0110 0.8893
vn 0.1160 -0.2452 -0.9625
vn -0.2171 -0.7531 0.6210
vn 0.0099 0.9921 -0.1249
vn -0.0853 0.9922 0.0912
vn 0.1000 0.8426 -0.5292
vn -0.5165 -0.5696 -0.6394
vn -0.8205 -0.5694 0.0508
vn -0.3227 0.8428 0.4307
vn -0.5528 0.3931 0.7348
vn -0.2926 -0.8347 0.4665
vn 0.2346 -0.7612 -0.6045
vn 0.3114 -0.7534 -0.5791
vn 0.1003 0.4839 0.8694
vn -0.1377 -0.0603 0.9886
vn 0.4475 -0.1339 -0.8842
vn 0.4774 -0.0978 -0.8732
vn -0.5162 0.8515 0.0924
vn -0.3127 0.9114 -0.2673
vn -0.6965 0.3873 -0.6040
vn -0.8602 0.4839 -0.1608
vn -0.9469 -0.0488 -0.3178
vn -0.9695 0.0859 -0.2295
vn -0.7827 -0.1459 -0.6050
vn -0.8452 -0.2739 -0.4588
vn 0.6740 -0.2940 0.6776
vn 0.7273 -0.0258 0.6858
vn 0.6933 -0.0979 0.7140
vn 0.5582 -0.2945 0.7757
vn -0.3554 -0.8879 -0.2920
vn -0.6835 -0.7242 0.0916
vn -0.7661 -0.2936 -0.5717
vn 0.7932 -0.0115 0.6088
vn 0.7509 0.3946 0.5296
vn 0.6386 0.5429 0.5453
vn 0.7126 -0.1339 0.6887
vn 0.0055 -0.7244 0.6894
vn 0.3389 -0.8881 0.3103
vn 0.4571 -0.7654 0.4530
vn 0.0890 -0.6690 0.7379
vn -0.0272 0.7456 0.6658
vn 0.3091 0.9113 0.2721
vn -0.0184 0.8513 0.5243
vn -0.3878 0.8667 0.3137
vn -0.0933 0.9955 -0.0171
vn 0.0304 0.9954 0.0903
vn -0.2555 0.8666 0.4285
vn -0.7433 -0.6688 0.0159
vn -0.5132 -0.7651 -0.3888
vn -0.9039 -0.0603 -0.4234
vn -0.7679 -0.1751 -0.6161
vn -0.7816 -0.0254 -0.6232
vn -0.7147 -0.0110 -0.6993
vn -0.6171 0.2055 -0.7596
vn -0.7354 0.1472 -0.6614
vn 0.1936 -0.5694 -0.7989
vn -0.0251 -0.8146 -0.5794
vn -0.5932 -0.3937 -0.7022
vn -0.5162 -0.2448 -0.8207
vn 0.8853 -0.2452 0.3950
vn 0.7418 0.3098 0.5947
vn 0.7587 0.1468 0.6347
vn 0.7788 -0.3941 0.4880
vn 0.5769 -0.8148 -0.0572
vn 0.7634 -0.5696 -0.3047
vn 0.8558 -0.5159 -0.0389
vn 0.6746 -0.7306 0.1054
vn -0.1999 -0.7304 -0.6531
vn -0.0825 -0.5156 -0.8528
vn -0.5292 -0.7531 -0.3908
vn -0.4706 -0.7609 -0.4466
vn 0.7852 0.4151 0.4594
vn 0.8101 0.4020 0.4267
vn 0.8138 0.3927 0.4283
vn 0.8392 0.2051 0.5037
vn 0.1092 0.9927 0.0511
vn 0.1164 0.9921 0.0463
vn -0.0620 0.9922 -0.1085
vn -0.0657 0.9927 -0.1006
vn 0.4235 0.8693 0.2547
vn 0.4761 0.8426 0.2518
vn -0.3162 0.8428 -0.4355
vn -0.3116 0.8695 -0.3831
vn -0.5388 0.3931 -0.7451
vn -0.6301 0.3950 -0.6685
vn 0.5214 -0.7798 0.3463
vn 0.5083 -0.7612 0.4026
vn -0.4167 -0.7796 -0.4675
vn 0.8336 0.3586 0.4201
vn 0.7819 0.4983 0.3745
vn 0.1863 -0.5591 -0.8078
vn 0.6551 -0.0240 -0.7552
vn 0.9323 0.2166 -0.2895
vn 0.9352 -0.2589 -0.2415
vn -0.5335 0.3590 -0.7658
vn 0.0736 0.5488 -0.8327
vn 0.1550 0.2168 -0.9638
vn -0.4810 0.4987 -0.7210
vn 0.9273 0.0408 0.3721
vn -0.6934 0.3103 -0.6503
vn -0.5655 0.4155 -0.7123
vn -0.4993 0.0412 -0.8654
vn 0.1070 -0.2587 -0.9600
vn 0.7732 -0.5593 -0.2987
vn -0.8786 0.2203 0.4236
vn -0.1760 0.2025 0.9633
vn 0.4613 -0.7534 0.4685
vn -0.8954 0.2217 0.3861
vn -0.2557 0.2215 0.9410
vn 0.4635 -0.8350 0.2965
vn -0.3593 -0.8347 -0.4173
vn 0.3424 -0.4682 -0.8146
vn 0.7579 -0.4683 -0.4541
vn 0.3850 0.7111 -0.5883
vn -0.0385 -0.2145 0.9760
vn -0.5367 0.4024 -0.7416
vn -0.1484 -0.6600 -0.7365
vn 0.0960 -0.7396 -0.6661
vn -0.5105 -0.2862 -0.8108
vn -0.3615 0.7924 -0.4913
vn 0.5376 0.7922 0.2887
vn -0.0715 0.9902 -0.1194
vn 0.8747 -0.2867 0.3908
vn 0.6456 -0.7398 -0.1893
vn 0.7498 -0.6602 0.0428
vn 0.1287 0.9902 0.0542
vn 0.5282 0.7111 -0.4640
vn -0.9608 -0.2142 0.1758
vn -0.9287 0.2027 0.3103
vn 0.8141 0.5486 -0.1903
vn -0.5414 0.3291 0.7736
vn -0.3138 -0.2199 0.9236
vn -0.9025 -0.1911 0.3858
vn 0.2977 -0.1903 0.9355
vn 0.4960 -0.7127 -0.4960
usemtl TexSheet8
s 1
f 32/1/1 20/2/2 4/3/2 14/4/1
f 30/5/3 24/6/4 6/7/4 16/8/3
f 28/9/5 21/10/6 5/11/6 11/12/5
f 26/13/7 19/14/2 2/15/2 12/16/7
f 24/6/4 26/13/7 12/16/7 6/7/4
f 18/17/8 28/9/5 11/12/5 1/18/8
f 21/10/6 30/19/3 16/20/3 5/11/6
f 17/21/8 32/22/1 14/23/1 3/24/8
f 1/18/8 13/25/1 31/26/1 18/17/8
f 18/17/8 31/26/1 32/22/1 17/21/8
f 7/27/6 15/28/3 29/29/3 22/30/6
f 22/30/6 29/29/3 30/19/3 21/10/6
f 3/24/8 9/31/5 27/32/5 17/21/8
f 17/21/8 27/32/5 28/9/5 18/17/8
f 8/33/4 10/34/7 25/35/7 23/36/4
f 23/36/4 25/35/7 26/13/7 24/6/4
f 10/34/7 4/3/2 20/2/2 25/35/7
f 25/35/7 20/2/2 19/14/2 26/13/7
f 9/31/5 7/27/6 22/30/6 27/32/5
f 27/32/5 22/30/6 21/10/6 28/9/5
f 15/37/3 8/33/4 23/36/4 29/38/3
f 29/38/3 23/36/4 24/6/4 30/5/3
f 13/39/1 2/15/2 19/14/2 31/40/1
f 31/40/1 19/14/2 20/2/2 32/1/1
f 43/41/9 41/42/10 34/43/10 39/44/9
f 44/45/11 43/46/9 39/47/9 33/48/11
f 42/49/12 48/50/13 143/51/13 139/52/12
f 44/45/11 47/53/5 142/54/5 137/55/11
f 45/56/14 46/57/7 141/58/7 140/59/14
f 46/57/7 41/42/10 138/60/10 141/58/7
f 47/53/5 42/49/12 139/52/12 142/54/5
f 48/61/13 45/56/14 140/59/14 143/62/13
f 40/63/13 36/64/14 45/56/14 48/61/13
f 37/65/5 35/66/12 42/49/12 47/53/5
f 38/67/7 34/43/10 41/42/10 46/57/7
f 36/64/14 38/67/7 46/57/7 45/56/14
f 33/48/11 37/65/5 47/53/5 44/45/11
f 35/66/12 40/68/13 48/50/13 42/49/12
f 137/55/11 144/69/9 43/46/9 44/45/11
f 144/70/9 138/60/10 41/42/10 43/41/9
f 80/71/1 68/72/2 52/73/2 62/74/1
f 78/75/3 72/76/4 54/77/4 64/78/3
f 76/79/5 69/80/6 53/81/6 59/82/5
f 74/83/7 67/84/2 50/85/2 60/86/7
f 72/76/4 74/83/7 60/86/7 54/77/4
f 66/87/8 76/79/5 59/82/5 49/88/8
f 69/80/6 78/89/3 64/90/3 53/81/6
f 65/91/8 80/92/1 62/93/1 51/94/8
f 49/88/8 61/95/1 79/96/1 66/87/8
f 66/87/8 79/96/1 80/92/1 65/91/8
f 55/97/6 63/98/3 77/99/3 70/100/6
f 70/100/6 77/99/3 78/89/3 69/80/6
f 51/94/8 57/101/5 75/102/5 65/91/8
f 65/91/8 75/102/5 76/79/5 66/87/8
f 56/103/4 58/104/7 73/105/7 71/106/4
f 71/106/4 73/105/7 74/83/7 72/76/4
f 58/104/7 52/73/2 68/72/2 73/105/7
f 73/105/7 68/72/2 67/84/2 74/83/7
f 57/101/5 55/97/6 70/100/6 75/102/5
f 75/102/5 70/100/6 69/80/6 76/79/5
f 63/107/3 56/103/4 71/106/4 77/108/3
f 77/108/3 71/106/4 72/76/4 78/75/3
f 61/109/1 50/85/2 67/84/2 79/110/1
f 79/110/1 67/84/2 68/72/2 80/71/1
f 91/111/9 89/112/10 82/113/10 87/114/9
f 92/115/11 91/116/9 87/117/9 81/118/11
f 90/119/12 96/120/13 199/121/13 195/122/12
f 92/115/11 95/123/5 198/124/5 193/125/11
f 93/126/14 94/127/7 197/128/7 196/129/14
f 94/127/7 89/112/10 194/130/10 197/128/7
f 95/123/5 90/119/12 195/122/12 198/124/5
f 96/131/13 93/126/14 196/129/14 199/132/13
f 88/133/13 84/134/14 93/126/14 96/131/13
f 85/135/5 83/136/12 90/119/12 95/123/5
f 86/137/7 82/113/10 89/112/10 94/127/7
f 84/134/14 86/137/7 94/127/7 93/126/14
f 81/118/11 85/135/5 95/123/5 92/115/11
f 83/136/12 88/138/13 96/120/13 90/119/12
f 193/125/11 200/139/9 91/116/9 92/115/11
f 200/140/9 194/130/10 89/112/10 91/111/9
f 128/141/3 110/142/3 100/143/4 116/144/4
f 126/145/1 112/146/1 102/147/2 120/148/2
f 124/149/5 107/150/5 101/151/8 117/152/8
f 122/153/7 108/154/7 98/155/4 115/156/4
f 120/148/2 102/147/2 108/154/7 122/153/7
f 114/157/6 97/158/6 107/150/5 124/149/5
f 117/152/8 101/151/8 112/159/1 126/160/1
f 113/161/6 99/162/6 110/163/3 128/164/3
f 97/158/6 114/157/6 127/165/3 109/166/3
f 114/157/6 113/161/6 128/164/3 127/165/3
f 103/167/8 118/168/8 125/169/1 111/170/1
f 118/168/8 117/152/8 126/160/1 125/169/1
f 99/162/6 113/161/6 123/171/5 105/172/5
f 113/161/6 114/157/6 124/149/5 123/171/5
f 104/173/2 119/174/2 121/175/7 106/176/7
f 119/174/2 120/148/2 122/153/7 121/175/7
f 106/176/7 121/175/7 116/144/4 100/143/4
f 121/175/7 122/153/7 115/156/4 116/144/4
f 105/172/5 123/171/5 118/168/8 103/167/8
f 123/171/5 124/149/5 117/152/8 118/168/8
f 111/177/1 125/178/1 119/174/2 104/173/2
f 125/178/1 126/145/1 120/148/2 119/174/2
f 109/179/3 127/180/3 115/156/4 98/155/4
f 127/180/3 128/141/3 116/144/4 115/156/4
f 147/181/9 135/182/9 130/183/10 145/184/10
f 148/185/11 129/186/11 135/187/9 147/188/9
f 146/189/12 139/52/12 143/51/13 152/190/13
f 148/185/11 137/55/11 142/54/5 151/191/5
f 149/192/14 140/59/14 141/58/7 150/193/7
f 150/193/7 141/58/7 138/60/10 145/184/10
f 151/191/5 142/54/5 139/52/12 146/189/12
f 152/194/13 143/62/13 140/59/14 149/192/14
f 136/195/13 152/194/13 149/192/14 132/196/14
f 133/197/5 151/191/5 146/189/12 131/198/12
f 134/199/7 150/193/7 145/184/10 130/183/10
f 132/196/14 149/192/14 150/193/7 134/199/7
f 129/186/11 148/185/11 151/191/5 133/197/5
f 131/198/12 146/189/12 152/190/13 136/200/13
f 137/55/11 148/185/11 147/188/9 144/69/9
f 144/70/9 147/181/9 145/184/10 138/60/10
f 184/201/3 166/202/3 156/203/4 172/204/4
f 182/205/1 168/206/1 158/207/2 176/208/2
f 180/209/5 163/210/5 157/211/8 173/212/8
f 178/213/7 164/214/7 154/215/4 171/216/4
f 176/208/2 158/207/2 164/214/7 178/213/7
f 170/217/6 153/218/6 163/210/5 180/209/5
f 173/212/8 157/211/8 168/219/1 182/220/1
f 169/221/6 155/222/6 166/223/3 184/224/3
f 153/218/6 170/217/6 183/225/3 165/226/3
f 170/217/6 169/221/6 184/224/3 183/225/3
f 159/227/8 174/228/8 181/229/1 167/230/1
f 174/228/8 173/212/8 182/220/1 181/229/1
f 155/222/6 169/221/6 179/231/5 161/232/5
f 169/221/6 170/217/6 180/209/5 179/231/5
f 160/233/2 175/234/2 177/235/7 162/236/7
f 175/234/2 176/208/2 178/213/7 177/235/7
f 162/236/7 177/235/7 172/204/4 156/203/4
f 177/235/7 178/213/7 171/216/4 172/204/4
f 161/232/5 179/231/5 174/228/8 159/227/8
f 179/231/5 180/209/5 173/212/8 174/228/8
f 167/237/1 181/238/1 175/234/2 160/233/2
f 181/238/1 182/205/1 176/208/2 175/234/2
f 165/239/3 183/240/3 171/216/4 154/215/4
f 183/240/3 184/201/3 172/204/4 171/216/4
f 203/241/9 191/242/9 186/243/10 201/244/10
f 204/245/11 185/246/11 191/247/9 203/248/9
f 202/249/12 195/122/12 199/121/13 208/250/13
f 204/245/11 193/125/11 198/124/5 207/251/5
f 205/252/14 196/129/14 197/128/7 206/253/7
f 206/253/7 197/128/7 194/130/10 201/244/10
f 207/251/5 198/124/5 195/122/12 202/249/12
f 208/254/13 199/132/13 196/129/14 205/252/14
f 192/255/13 208/254/13 205/252/14 188/256/14
f 189/257/5 207/251/5 202/249/12 187/258/12
f 190/259/7 206/253/7 201/244/10 186/243/10
f 188/256/14 205/252/14 206/253/7 190/259/7
f 185/246/11 204/245/11 207/251/5 189/257/5
f 187/258/12 202/249/12 208/250/13 192/260/13
f 193/125/11 204/245/11 203/248/9 200/139/9
f 200/140/9 203/241/9 201/244/10 194/130/10
f 255/261/15 224/262/7 273/263/16 245/264/17
f 257/265/14 267/266/14 222/267/7 217/268/7
f 248/269/18 270/270/14 224/262/7 255/261/15
f 222/267/7 252/271/19 239/272/20 264/273/16
f 226/274/5 214/275/6 211/276/21 223/277/11
f 267/266/14 242/278/22 252/271/19 222/267/7
f 228/279/23 243/280/24 266/281/13 235/282/13
f 225/283/12 212/284/25 214/275/6 226/274/5
f 238/285/13 269/286/13 249/287/26 229/288/27
f 236/289/9 263/290/28 240/291/29 227/292/30
f 219/293/12 215/294/12 218/295/5 220/296/5
f 234/297/13 258/298/13 269/286/13 238/285/13
f 217/268/7 222/267/7 264/273/16 260/299/16
f 220/296/5 218/295/5 216/300/11 221/301/11
f 224/262/7 217/268/7 260/299/16 273/263/16
f 237/302/9 272/303/28 261/304/28 233/305/9
f 232/306/1 251/307/31 243/308/24 228/309/23
f 213/310/8 220/296/5 221/301/11 209/311/32
f 210/312/33 219/293/12 220/296/5 213/310/8
f 270/270/14 257/265/14 217/268/7 224/262/7
f 233/305/9 261/304/28 263/290/28 236/289/9
f 231/313/3 254/314/34 246/315/35 230/316/36
f 230/317/36 246/318/35 272/303/28 237/302/9
f 229/319/27 249/320/26 254/314/34 231/313/3
f 215/294/12 225/283/12 226/274/5 218/295/5
f 218/295/5 226/274/5 223/277/11 216/300/11
f 235/282/13 266/281/13 258/298/13 234/297/13
f 215/321/12 234/297/13 238/285/13 225/322/12
f 211/323/21 230/317/36 237/302/9 223/324/11
f 216/325/11 233/305/9 236/289/9 221/326/11
f 210/327/33 228/279/23 235/282/13 219/328/12
f 219/328/12 235/282/13 234/297/13 215/321/12
f 223/324/11 237/302/9 233/305/9 216/325/11
f 209/329/32 227/330/30 232/306/1 213/331/8
f 212/332/25 229/319/27 231/313/3 214/333/6
f 221/326/11 236/289/9 227/292/30 209/334/32
f 214/333/6 231/313/3 230/316/36 211/335/21
f 225/322/12 238/285/13 229/288/27 212/336/25
f 213/331/8 232/306/1 228/309/23 210/337/33
f 252/271/19 242/278/22 244/338/37 253/339/2
f 253/339/2 244/338/37 243/340/24 251/341/31
f 270/342/14 248/343/18 250/344/38 271/345/13
f 271/345/13 250/344/38 249/287/26 269/286/13
f 255/261/15 245/264/17 247/346/39 256/347/4
f 256/347/4 247/346/39 246/348/35 254/349/34
f 264/273/16 239/272/20 241/350/40 265/351/10
f 265/351/10 241/350/40 240/291/29 263/290/28
f 239/272/20 252/271/19 253/339/2 241/352/40
f 241/352/40 253/339/2 251/341/31 240/353/29
f 248/269/18 255/261/15 256/347/4 250/354/38
f 250/354/38 256/347/4 254/349/34 249/355/26
f 267/356/14 257/357/14 259/358/13 268/359/13
f 268/359/13 259/358/13 258/298/13 266/281/13
f 273/263/16 260/299/16 262/360/10 274/361/10
f 274/361/10 262/360/10 261/304/28 272/303/28
f 260/299/16 264/273/16 265/351/10 262/360/10
f 262/360/10 265/351/10 263/290/28 261/304/28
f 242/362/22 267/356/14 268/359/13 244/363/37
f 244/363/37 268/359/13 266/281/13 243/280/24
f 257/357/14 270/342/14 271/345/13 259/358/13
f 259/358/13 271/345/13 269/286/13 258/298/13
f 245/264/17 273/263/16 274/361/10 247/364/39
f 247/364/39 274/361/10 272/303/28 246/318/35
f 227/330/30 240/365/29 251/307/31 232/306/1
f 321/366/15 290/367/7 339/368/16 311/369/17
f 323/370/14 333/371/14 288/372/7 283/373/7
f 314/374/18 336/375/14 290/367/7 321/366/15
f 288/372/7 318/376/19 305/377/20 330/378/16
f 292/379/5 280/380/6 277/381/21 289/382/11
f 333/371/14 308/383/22 318/376/19 288/372/7
f 294/384/23 309/385/24 332/386/13 301/387/13
f 291/388/12 278/389/25 280/380/6 292/379/5
f 304/390/13 335/391/13 315/392/26 295/393/27
f 302/394/9 329/395/28 306/396/29 293/397/30
f 285/398/12 281/399/12 284/400/5 286/401/5
f 300/402/13 324/403/13 335/391/13 304/390/13
f 283/373/7 288/372/7 330/378/16 326/404/16
f 286/401/5 284/400/5 282/405/11 287/406/11
f 290/367/7 283/373/7 326/404/16 339/368/16
f 303/407/9 338/408/28 327/409/28 299/410/9
f 298/411/1 317/412/31 309/413/24 294/414/23
f 279/415/8 286/401/5 287/406/11 275/416/32
f 276/417/33 285/398/12 286/401/5 279/415/8
f 336/375/14 323/370/14 283/373/7 290/367/7
f 299/410/9 327/409/28 329/395/28 302/394/9
f 297/418/3 320/419/34 312/420/35 296/421/36
f 296/422/36 312/423/35 338/408/28 303/407/9
f 295/424/27 315/425/26 320/419/34 297/418/3
f 281/399/12 291/388/12 292/379/5 284/400/5
f 284/400/5 292/379/5 289/382/11 282/405/11
f 301/387/13 332/386/13 324/403/13 300/402/13
f 281/426/12 300/402/13 304/390/13 291/427/12
f 277/428/21 296/422/36 303/407/9 289/429/11
f 282/430/11 299/410/9 302/394/9 287/431/11
f 276/432/33 294/384/23 301/387/13 285/433/12
f 285/433/12 301/387/13 300/402/13 281/426/12
f 289/429/11 303/407/9 299/410/9 282/430/11
f 275/434/32 293/435/30 298/411/1 279/436/8
f 278/437/25 295/424/27 297/418/3 280/438/6
f 287/431/11 302/394/9 293/397/30 275/439/32
f 280/438/6 297/418/3 296/421/36 277/440/21
f 291/427/12 304/390/13 295/393/27 278/441/25
f 279/436/8 298/411/1 294/414/23 276/442/33
f 318/376/19 308/383/22 310/443/37 319/444/2
f 319/444/2 310/443/37 309/445/24 317/446/31
f 336/447/14 314/448/18 316/449/38 337/450/13
f 337/450/13 316/449/38 315/392/26 335/391/13
f 321/366/15 311/369/17 313/451/39 322/452/4
f 322/452/4 313/451/39 312/453/35 320/454/34
f 330/378/16 305/377/20 307/455/40 331/456/10
f 331/456/10 307/455/40 306/396/29 329/395/28
f 305/377/20 318/376/19 319/444/2 307/457/40
f 307/457/40 319/444/2 317/446/31 306/458/29
f 314/374/18 321/366/15 322/452/4 316/459/38
f 316/459/38 322/452/4 320/454/34 315/460/26
f 333/461/14 323/462/14 325/463/13 334/464/13
f 334/464/13 325/463/13 324/403/13 332/386/13
f 339/368/16 326/404/16 328/465/10 340/466/10
f 340/466/10 328/465/10 327/409/28 338/408/28
f 326/404/16 330/378/16 331/456/10 328/465/10
f 328/465/10 331/456/10 329/395/28 327/409/28
f 308/467/22 333/461/14 334/464/13 310/468/37
f 310/468/37 334/464/13 332/386/13 309/385/24
f 323/462/14 336/447/14 337/450/13 325/463/13
f 325/463/13 337/450/13 335/391/13 324/403/13
f 311/369/17 339/368/16 340/466/10 313/469/39
f 313/469/39 340/466/10 338/408/28 312/423/35
f 293/435/30 306/470/29 317/412/31 298/411/1
f 412/471/1 396/472/2 344/473/41 362/474/23
f 394/475/13 378/476/14 348/477/42 367/478/27
f 407/479/3 398/480/4 346/481/43 372/482/36
f 389/483/9 380/484/10 342/485/44 361/486/30
f 379/487/45 341/488/46 350/489/47 382/490/45
f 413/491/7 396/492/2 342/485/44 380/484/10
f 382/490/45 350/489/47 354/493/30 384/494/9
f 377/495/48 347/496/49 351/497/50 381/498/48
f 395/499/51 343/500/52 349/501/53 399/502/51
f 397/503/54 345/504/55 352/505/56 400/506/54
f 381/498/48 351/497/50 355/507/27 383/508/13
f 400/506/54 352/505/56 356/509/36 402/510/3
f 399/502/51 349/501/53 353/511/23 401/512/1
f 379/487/45 385/513/9 357/514/30 341/488/46
f 385/513/9 386/515/9 358/516/30 357/514/30
f 386/515/9 387/517/9 359/518/30 358/516/30
f 387/517/9 388/519/9 360/520/30 359/518/30
f 388/519/9 389/483/9 361/486/30 360/520/30
f 397/521/54 403/522/3 376/523/36 345/524/55
f 403/522/3 404/525/3 375/526/36 376/523/36
f 404/525/3 405/527/3 374/528/36 375/526/36
f 405/527/3 406/529/3 373/530/36 374/528/36
f 406/529/3 407/479/3 372/482/36 373/530/36
f 377/495/48 390/531/13 371/532/27 347/496/49
f 390/531/13 391/533/13 370/534/27 371/532/27
f 391/533/13 392/535/13 369/536/27 370/534/27
f 392/535/13 393/537/13 368/538/27 369/536/27
f 393/537/13 394/475/13 367/478/27 368/538/27
f 395/539/51 408/540/1 366/541/23 343/542/52
f 408/540/1 409/543/1 365/544/23 366/541/23
f 409/543/1 410/545/1 364/546/23 365/544/23
f 410/545/1 411/547/1 363/548/23 364/546/23
f 411/547/1 412/471/1 362/474/23 363/548/23
f 363/549/23 362/550/23 394/475/13 393/537/13
f 364/551/23 363/549/23 393/537/13 392/535/13
f 365/552/23 364/551/23 392/535/13 391/533/13
f 366/553/23 365/552/23 391/533/13 390/531/13
f 343/554/52 366/553/23 390/531/13 377/495/48
f 373/530/36 372/482/36 389/483/9 388/519/9
f 374/528/36 373/530/36 388/519/9 387/517/9
f 375/526/36 374/528/36 387/517/9 386/515/9
f 376/523/36 375/526/36 386/515/9 385/513/9
f 345/524/55 376/523/36 385/513/9 379/487/45
f 349/555/53 381/498/48 383/508/13 353/556/23
f 343/554/52 377/495/48 381/498/48 349/555/53
f 352/505/56 382/490/45 384/494/9 356/509/36
f 398/557/4 413/491/7 380/484/10 346/481/43
f 345/524/55 379/487/45 382/490/45 352/505/56
f 372/482/36 346/481/43 380/484/10 389/483/9
f 362/550/23 344/558/41 378/476/14 394/475/13
f 348/559/42 378/560/14 413/491/7 398/557/4
f 360/520/30 361/486/30 412/471/1 411/547/1
f 359/518/30 360/520/30 411/547/1 410/545/1
f 358/516/30 359/518/30 410/545/1 409/543/1
f 357/514/30 358/516/30 409/543/1 408/540/1
f 341/488/46 357/514/30 408/540/1 395/539/51
f 368/561/27 367/562/27 407/479/3 406/529/3
f 369/563/27 368/561/27 406/529/3 405/527/3
f 370/564/27 369/563/27 405/527/3 404/525/3
f 371/565/27 370/564/27 404/525/3 403/522/3
f 347/566/49 371/565/27 403/522/3 397/521/54
f 350/489/47 399/502/51 401/512/1 354/493/30
f 351/567/50 400/506/54 402/510/3 355/568/27
f 347/569/49 397/503/54 400/506/54 351/567/50
f 341/570/46 395/499/51 399/502/51 350/489/47
f 378/560/14 344/571/41 396/492/2 413/491/7
f 367/562/27 348/572/42 398/480/4 407/479/3
f 361/486/30 342/485/44 396/472/2 412/471/1
f 485/573/3 435/574/27 417/575/42 469/576/4
f 467/577/13 440/578/23 421/579/41 451/580/14
f 480/581/1 445/582/30 419/583/44 471/584/2
f 462/585/9 434/586/36 415/587/43 453/588/10
f 452/589/45 455/590/45 423/591/56 414/592/55
f 486/593/7 453/588/10 415/587/43 469/594/4
f 455/590/45 457/595/9 427/596/36 423/591/56
f 450/597/48 454/598/48 424/599/53 420/600/52
f 468/601/54 472/602/54 422/603/50 416/604/49
f 470/605/51 473/606/51 425/607/47 418/608/46
f 454/598/48 456/609/13 428/610/23 424/599/53
f 473/606/51 475/611/1 429/612/30 425/607/47
f 472/602/54 474/613/3 426/614/27 422/603/50
f 452/589/45 414/592/55 430/615/36 458/616/9
f 458/616/9 430/615/36 431/617/36 459/618/9
f 459/618/9 431/617/36 432/619/36 460/620/9
f 460/620/9 432/619/36 433/621/36 461/622/9
f 461/622/9 433/621/36 434/586/36 462/585/9
f 470/623/51 418/624/46 449/625/30 476/626/1
f 476/626/1 449/625/30 448/627/30 477/628/1
f 477/628/1 448/627/30 447/629/30 478/630/1
f 478/630/1 447/629/30 446/631/30 479/632/1
f 479/632/1 446/631/30 445/582/30 480/581/1
f 450/597/48 420/600/52 444/633/23 463/634/13
f 463/634/13 444/633/23 443/635/23 464/636/13
f 464/636/13 443/635/23 442/637/23 465/638/13
f 465/638/13 442/637/23 441/639/23 466/640/13
f 466/640/13 441/639/23 440/578/23 467/577/13
f 468/641/54 416/642/49 439/643/27 481/644/3
f 481/644/3 439/643/27 438/645/27 482/646/3
f 482/646/3 438/645/27 437/647/27 483/648/3
f 483/648/3 437/647/27 436/649/27 484/650/3
f 484/650/3 436/649/27 435/574/27 485/573/3
f 436/651/27 466/640/13 467/577/13 435/652/27
f 437/653/27 465/638/13 466/640/13 436/651/27
f 438/654/27 464/636/13 465/638/13 437/653/27
f 439/655/27 463/634/13 464/636/13 438/654/27
f 416/656/49 450/597/48 463/634/13 439/655/27
f 446/631/30 461/622/9 462/585/9 445/582/30
f 447/629/30 460/620/9 461/622/9 446/631/30
f 448/627/30 459/618/9 460/620/9 447/629/30
f 449/625/30 458/616/9 459/618/9 448/627/30
f 418/624/46 452/589/45 458/616/9 449/625/30
f 422/657/50 426/658/27 456/609/13 454/598/48
f 416/656/49 422/657/50 454/598/48 450/597/48
f 425/607/47 429/612/30 457/595/9 455/590/45
f 471/659/2 419/583/44 453/588/10 486/593/7
f 418/624/46 425/607/47 455/590/45 452/589/45
f 445/582/30 462/585/9 453/588/10 419/583/44
f 435/652/27 467/577/13 451/580/14 417/660/42
f 421/661/41 471/659/2 486/593/7 451/662/14
f 433/621/36 484/650/3 485/573/3 434/586/36
f 432/619/36 483/648/3 484/650/3 433/621/36
f 431/617/36 482/646/3 483/648/3 432/619/36
f 430/615/36 481/644/3 482/646/3 431/617/36
f 414/592/55 468/641/54 481/644/3 430/615/36
f 441/663/23 479/632/1 480/581/1 440/664/23
f 442/665/23 478/630/1 479/632/1 441/663/23
f 443/666/23 477/628/1 478/630/1 442/665/23
f 444/667/23 476/626/1 477/628/1 443/666/23
f 420/668/52 470/623/51 476/626/1 444/667/23
f 423/591/56 427/596/36 474/613/3 472/602/54
f 424/669/53 428/670/23 475/611/1 473/606/51
f 420/671/52 424/669/53 473/606/51 470/605/51
f 414/672/55 423/591/56 472/602/54 468/601/54
f 451/662/14 486/593/7 469/594/4 417/673/42
f 440/664/23 480/581/1 471/584/2 421/674/41
f 434/586/36 485/573/3 469/576/4 415/587/43
f 558/675/1 508/676/30 490/677/44 542/678/2
f 540/679/9 513/680/36 494/681/43 524/682/10
f 553/683/3 518/684/27 492/685/42 544/686/4
f 535/687/13 507/688/23 488/689/41 526/690/14
f 525/691/48 528/692/48 496/693/53 487/694/52
f 559/695/7 526/690/14 488/689/41 542/696/2
f 528/692/48 530/697/13 500/698/23 496/693/53
f 523/699/45 527/700/45 497/701/56 493/702/55
f 541/703/51 545/704/51 495/705/47 489/706/46
f 543/707/54 546/708/54 498/709/50 491/710/49
f 527/700/45 529/711/9 501/712/36 497/701/56
f 546/708/54 548/713/3 502/714/27 498/709/50
f 545/704/51 547/715/1 499/716/30 495/705/47
f 525/691/48 487/694/52 503/717/23 531/718/13
f 531/718/13 503/717/23 504/719/23 532/720/13
f 532/720/13 504/719/23 505/721/23 533/722/13
f 533/722/13 505/721/23 506/723/23 534/724/13
f 534/724/13 506/723/23 507/688/23 535/687/13
f 543/725/54 491/726/49 522/727/27 549/728/3
f 549/728/3 522/727/27 521/729/27 550/730/3
f 550/730/3 521/729/27 520/731/27 551/732/3
f 551/732/3 520/731/27 519/733/27 552/734/3
f 552/734/3 519/733/27 518/684/27 553/683/3
f 523/699/45 493/702/55 517/735/36 536/736/9
f 536/736/9 517/735/36 516/737/36 537/738/9
f 537/738/9 516/737/36 515/739/36 538/740/9
f 538/740/9 515/739/36 514/741/36 539/742/9
f 539/742/9 514/741/36 513/680/36 540/679/9
f 541/743/51 489/744/46 512/745/30 554/746/1
f 554/746/1 512/745/30 511/747/30 555/748/1
f 555/748/1 511/747/30 510/749/30 556/750/1
f 556/750/1 510/749/30 509/751/30 557/752/1
f 557/752/1 509/751/30 508/676/30 558/675/1
f 509/753/30 539/742/9 540/679/9 508/754/30
f 510/755/30 538/740/9 539/742/9 509/753/30
f 511/756/30 537/738/9 538/740/9 510/755/30
f 512/757/30 536/736/9 537/738/9 511/756/30
f 489/758/46 523/699/45 536/736/9 512/757/30
f 519/733/27 534/724/13 535/687/13 518/684/27
f 520/731/27 533/722/13 534/724/13 519/733/27
f 521/729/27 532/720/13 533/722/13 520/731/27
f 522/727/27 531/718/13 532/720/13 521/729/27
f 491/726/49 525/691/48 531/718/13 522/727/27
f 495/759/47 499/760/30 529/711/9 527/700/45
f 489/758/46 495/759/47 527/700/45 523/699/45
f 498/709/50 502/714/27 530/697/13 528/692/48
f 544/761/4 492/685/42 526/690/14 559/695/7
f 491/726/49 498/709/50 528/692/48 525/691/48
f 518/684/27 535/687/13 526/690/14 492/685/42
f 508/754/30 540/679/9 524/682/10 490/762/44
f 494/763/43 544/761/4 559/695/7 524/764/10
f 506/723/23 557/752/1 558/675/1 507/688/23
f 505/721/23 556/750/1 557/752/1 506/723/23
f 504/719/23 555/748/1 556/750/1 505/721/23
f 503/717/23 554/746/1 555/748/1 504/719/23
f 487/694/52 541/743/51 554/746/1 503/717/23
f 514/765/36 552/734/3 553/683/3 513/766/36
f 515/767/36 551/732/3 552/734/3 514/765/36
f 516/768/36 550/730/3 551/732/3 515/767/36
f 517/769/36 549/728/3 550/730/3 516/768/36
f 493/770/55 543/725/54 549/728/3 517/769/36
f 496/693/53 500/698/23 547/715/1 545/704/51
f 497/771/56 501/772/36 548/713/3 546/708/54
f 493/773/55 497/771/56 546/708/54 543/707/54
f 487/774/52 496/693/53 545/704/51 541/703/51
f 524/764/10 559/695/7 542/696/2 490/775/44
f 513/766/36 553/683/3 544/686/4 494/776/43
f 507/688/23 558/675/1 542/678/2 488/689/41
f 631/777/3 615/778/4 563/779/43 581/780/36
f 613/781/9 597/782/10 567/783/44 586/784/30
f 626/785/1 617/786/2 565/787/41 591/788/23
f 608/789/13 599/790/14 561/791/42 580/792/27
f 598/793/48 560/794/49 569/795/50 601/796/48
f 632/797/7 615/798/4 561/791/42 599/790/14
f 601/796/48 569/795/50 573/799/27 603/800/13
f 596/801/45 566/802/46 570/803/47 600/804/45
f 614/805/54 562/806/55 568/807/56 618/808/54
f 616/809/51 564/810/52 571/811/53 619/812/51
f 600/804/45 570/803/47 574/813/30 602/814/9
f 619/812/51 571/811/53 575/815/23 621/816/1
f 618/808/54 568/807/56 572/817/36 620/818/3
f 598/793/48 604/819/13 576/820/27 560/794/49
f 604/819/13 605/821/13 577/822/27 576/820/27
f 605/821/13 606/823/13 578/824/27 577/822/27
f 606/823/13 607/825/13 579/826/27 578/824/27
f 607/825/13 608/789/13 580/792/27 579/826/27
f 616/827/51 622/828/1 595/829/23 564/830/52
f 622/828/1 623/831/1 594/832/23 595/829/23
f 623/831/1 624/833/1 593/834/23 594/832/23
f 624/833/1 625/835/1 592/836/23 593/834/23
f 625/835/1 626/785/1 591/788/23 592/836/23
f 596/801/45 609/837/9 590/838/30 566/802/46
f 609/837/9 610/839/9 589/840/30 590/838/30
f 610/839/9 611/841/9 588/842/30 589/840/30
f 611/841/9 612/843/9 587/844/30 588/842/30
f 612/843/9 613/781/9 586/784/30 587/844/30
f 614/845/54 627/846/3 585/847/36 562/848/55
f 627/846/3 628/849/3 584/850/36 585/847/36
f 628/849/3 629/851/3 583/852/36 584/850/36
f 629/851/3 630/853/3 582/854/36 583/852/36
f 630/853/3 631/777/3 581/780/36 582/854/36
f 582/855/36 581/856/36 613/781/9 612/843/9
f 583/857/36 582/855/36 612/843/9 611/841/9
f 584/858/36 583/857/36 611/841/9 610/839/9
f 585/859/36 584/858/36 610/839/9 609/837/9
f 562/860/55 585/859/36 609/837/9 596/801/45
f 592/836/23 591/788/23 608/789/13 607/825/13
f 593/834/23 592/836/23 607/825/13 606/823/13
f 594/832/23 593/834/23 606/823/13 605/821/13
f 595/829/23 594/832/23 605/821/13 604/819/13
f 564/830/52 595/829/23 604/819/13 598/793/48
f 568/861/56 600/804/45 602/814/9 572/862/36
f 562/860/55 596/801/45 600/804/45 568/861/56
f 571/811/53 601/796/48 603/800/13 575/815/23
f 617/863/2 632/797/7 599/790/14 565/787/41
f 564/830/52 598/793/48 601/796/48 571/811/53
f 591/788/23 565/787/41 599/790/14 608/789/13
f 581/856/36 563/864/43 597/782/10 613/781/9
f 567/865/44 597/866/10 632/797/7 617/863/2
f 579/826/27 580/792/27 631/777/3 630/853/3
f 578/824/27 579/826/27 630/853/3 629/851/3
f 577/822/27 578/824/27 629/851/3 628/849/3
f 576/820/27 577/822/27 628/849/3 627/846/3
f 560/794/49 576/820/27 627/846/3 614/845/54
f 587/867/30 586/868/30 626/785/1 625/835/1
f 588/869/30 587/867/30 625/835/1 624/833/1
f 589/870/30 588/869/30 624/833/1 623/831/1
f 590/871/30 589/870/30 623/831/1 622/828/1
f 566/872/46 590/871/30 622/828/1 616/827/51
f 569/795/50 618/808/54 620/818/3 573/799/27
f 570/873/47 619/812/51 621/816/1 574/874/30
f 566/875/46 616/809/51 619/812/51 570/873/47
f 560/876/49 614/805/54 618/808/54 569/795/50
f 597/866/10 563/877/43 615/798/4 632/797/7
f 586/868/30 567/878/44 617/786/2 626/785/1
f 580/792/27 561/791/42 615/778/4 631/777/3
f 717/879/57 862/880/58 845/881/59 725/882/60
f 843/883/61 856/884/62 705/885/63 723/886/64
f 698/887/65 852/888/66 842/889/67 728/890/68
f 842/889/67 864/891/69 720/892/70 728/890/68
f 718/893/71 864/891/69 842/889/67 724/894/72
f 863/895/73 870/896/74 715/897/75 729/898/76
f 703/899/77 856/884/62 843/883/61 727/900/78
f 843/883/61 865/901/79 721/902/80 727/900/78
f 708/903/81 863/895/73 844/904/82 722/905/83
f 845/881/59 851/906/84 700/907/85 725/882/60
f 704/908/86 855/909/87 844/904/82 706/910/88
f 920/911/89 829/912/90 895/913/91 771/914/92
f 719/915/93 861/916/94 846/917/95 726/918/96
f 842/889/67 852/888/66 702/919/97 724/894/72
f 701/920/98 851/906/84 845/881/59 726/921/96
f 845/881/59 862/880/58 719/922/93 726/921/96
f 720/892/70 859/923/99 849/924/100 728/890/68
f 844/904/82 855/909/87 699/925/101 722/905/83
f 702/919/97 857/926/102 846/917/95 724/894/72
f 846/917/95 861/916/94 718/893/71 724/894/72
f 706/910/88 729/898/76 860/927/103 847/928/104
f 849/924/100 850/929/105 698/887/65 728/890/68
f 705/885/63 854/930/106 847/928/104 723/886/64
f 844/904/82 863/895/73 729/898/76 706/910/88
f 847/928/104 860/927/103 707/931/107 723/886/64
f 846/917/95 857/926/102 701/932/98 726/918/96
f 700/907/85 853/933/108 848/934/109 725/882/60
f 848/934/109 858/935/110 717/879/57 725/882/60
f 721/902/80 858/935/110 848/934/109 727/900/78
f 848/934/109 853/933/108 703/899/77 727/900/78
f 699/925/101 850/929/105 849/924/100 722/905/83
f 849/924/100 859/923/99 708/903/81 722/905/83
f 853/936/108 732/937/111 640/938/112 703/939/77
f 699/940/101 633/941/113 731/942/114 850/943/105
f 852/944/66 736/945/115 634/946/116 702/947/97
f 701/948/98 638/949/117 735/950/118 851/951/84
f 856/952/62 737/953/119 636/954/120 705/955/63
f 698/956/65 639/957/121 736/945/115 852/944/66
f 857/958/102 733/959/122 638/960/117 701/961/98
f 635/962/123 732/937/111 853/936/108 700/963/85
f 850/943/105 731/942/114 639/957/121 698/956/65
f 636/954/120 730/964/124 854/965/106 705/955/63
f 851/951/84 735/950/118 635/962/123 700/963/85
f 637/966/125 734/967/126 855/968/87 704/969/86
f 703/939/77 640/938/112 737/953/119 856/952/62
f 855/968/87 734/967/126 633/941/113 699/940/101
f 634/946/116 733/959/122 857/958/102 702/947/97
f 859/923/99 872/970/127 716/971/128 708/903/81
f 709/972/129 868/973/130 858/935/110 721/902/80
f 714/974/131 872/970/127 859/923/99 720/892/70
f 861/916/94 867/975/132 711/976/133 718/893/71
f 715/897/75 871/977/134 860/927/103 729/898/76
f 858/935/110 868/973/130 713/978/135 717/879/57
f 712/979/136 867/975/132 861/916/94 719/915/93
f 860/927/103 871/977/134 710/980/137 707/931/107
f 713/978/135 873/981/138 862/880/58 717/879/57
f 865/901/79 866/982/139 709/972/129 721/902/80
f 708/903/81 716/971/128 870/896/74 863/895/73
f 862/880/58 873/981/138 712/983/136 719/922/93
f 711/976/133 869/984/140 864/891/69 718/893/71
f 864/891/69 869/984/140 714/974/131 720/892/70
f 707/931/107 710/980/137 866/982/139 865/901/79
f 707/931/107 865/901/79 843/883/61 723/886/64
f 693/985/141 827/986/142 805/987/143 681/988/144
f 826/989/145 914/990/146 777/991/147 897/992/148
f 666/993/149 683/994/150 818/995/151 795/996/152
f 801/997/153 824/998/154 680/999/155 665/1000/156
f 685/1001/157 820/1002/158 797/1003/159 668/1004/160
f 795/996/152 818/995/151 674/1005/161 659/1006/162
f 687/1007/163 822/1008/164 799/1009/165 670/1010/166
f 797/1003/159 820/1002/158 678/1011/167 663/1012/168
f 661/1013/169 676/1014/170 815/1015/171 793/1016/172
f 799/1009/165 822/1008/164 676/1014/170 661/1013/169
f 665/1000/156 680/999/155 803/1017/173 781/1018/174
f 793/1016/172 815/1015/171 685/1019/157 668/1020/160
f 663/1012/168 678/1011/167 811/1021/175 789/1022/176
f 781/1018/174 803/1017/173 683/994/150 666/993/149
f 659/1006/162 674/1005/161 807/1023/177 785/1024/178
f 789/1022/176 811/1021/175 689/1025/179 672/1026/180
f 644/1027/181 738/1028/182 730/964/124 636/954/120
f 737/953/119 745/1029/183 644/1027/181 636/954/120
f 633/941/113 641/1030/184 739/1031/185 731/942/114
f 730/964/124 738/1028/182 645/1032/186 637/966/125
f 872/1033/127 800/1034/187 664/1035/188 716/1036/128
f 716/1036/128 664/1035/188 779/1037/189 870/1038/74
f 870/1038/74 779/1037/189 667/1039/190 715/1040/75
f 710/1041/137 658/1042/191 783/1043/192 866/1044/139
f 635/962/123 643/1045/193 740/1046/194 732/937/111
f 731/942/114 739/1031/185 647/1047/195 639/957/121
f 866/1044/139 783/1043/192 671/1048/196 709/1049/129
f 711/1050/133 662/1051/197 787/1052/198 869/1053/140
f 634/946/116 642/1054/199 741/1055/200 733/959/122
f 732/937/111 740/1046/194 648/1056/201 640/938/112
f 869/1053/140 787/1052/198 673/1057/202 714/1058/131
f 713/1059/135 660/1060/203 791/1061/204 873/1062/138
f 645/1032/186 742/1063/205 734/967/126 637/966/125
f 733/959/122 741/1055/200 646/1064/206 638/960/117
f 873/1062/138 791/1061/204 669/1065/207 712/1066/136
f 715/1040/75 667/1039/190 794/1067/189 871/1068/134
f 646/1069/206 743/1070/208 735/950/118 638/949/117
f 734/967/126 742/1063/205 641/1030/184 633/941/113
f 871/1068/134 794/1067/189 658/1042/191 710/1041/137
f 712/1071/136 669/1072/207 796/1073/204 867/1074/132
f 647/1047/195 744/1075/209 736/945/115 639/957/121
f 735/950/118 743/1070/208 643/1045/193 635/962/123
f 867/1074/132 796/1073/204 662/1051/197 711/1050/133
f 709/1049/129 671/1048/196 798/1076/210 868/1077/130
f 736/945/115 744/1075/209 642/1054/199 634/946/116
f 868/1077/130 798/1076/210 660/1060/203 713/1059/135
f 835/1078/211 917/1079/212 774/1080/213 891/1081/214
f 914/990/146 828/1082/215 896/1083/216 777/991/147
f 828/1082/215 921/1084/217 770/1085/218 896/1083/216
f 643/1086/193 743/1087/208 874/1088/219 754/1089/220
f 743/1087/208 646/1090/206 755/1091/221 874/1088/219
f 874/1088/219 755/1091/221 654/1092/222 751/1093/223
f 754/1089/220 874/1088/219 751/1093/223 651/1094/224
f 837/1095/225 920/911/89 771/914/92 890/1096/226
f 921/1084/217 832/1097/227 893/1098/228 770/1085/218
f 642/1099/199 744/1100/209 875/1101/229 756/1102/230
f 744/1100/209 647/1103/195 757/1104/231 875/1101/229
f 875/1101/229 757/1104/231 655/1105/232 752/1106/233
f 756/1102/230 875/1101/229 752/1106/233 650/1107/234
f 915/1108/235 831/1109/236 894/1110/237 776/1111/238
f 832/1097/227 916/1112/239 775/1113/240 893/1098/228
f 644/1114/181 745/1115/183 876/1116/241 758/1117/242
f 745/1115/183 648/1118/201 759/1119/243 876/1116/241
f 876/1116/241 759/1119/243 656/1120/244 753/1121/245
f 758/1117/242 876/1116/241 753/1121/245 652/1122/246
f 645/1123/186 738/1124/182 877/1125/247 760/1126/248
f 738/1124/182 644/1114/181 758/1117/242 877/1125/247
f 877/1125/247 758/1117/242 652/1122/246 746/1127/249
f 760/1126/248 877/1125/247 746/1127/249 653/1128/250
f 690/1129/251 830/1130/252 809/1131/253 675/1132/254
f 805/987/143 827/986/142 694/1133/255 682/1134/256
f 647/1103/195 739/1135/185 878/1136/257 757/1104/231
f 739/1135/185 641/1137/184 761/1138/258 878/1136/257
f 878/1136/257 761/1138/258 649/1139/259 747/1140/260
f 757/1104/231 878/1136/257 747/1140/260 655/1105/232
f 692/1141/261 833/1142/262 813/1143/263 679/1144/264
f 809/1131/253 830/1130/252 696/1145/265 686/1146/266
f 648/1118/201 740/1147/194 879/1148/267 759/1119/243
f 740/1147/194 643/1086/193 754/1089/220 879/1148/267
f 879/1148/267 754/1089/220 651/1094/224 748/1149/268
f 759/1119/243 879/1148/267 748/1149/268 656/1120/244
f 691/1150/269 836/1151/270 817/1152/271 677/1153/272
f 813/1143/263 833/1142/262 697/1154/273 688/1155/274
f 646/1156/206 741/1157/200 880/1158/275 755/1159/221
f 741/1157/200 642/1099/199 756/1102/230 880/1158/275
f 880/1158/275 756/1102/230 650/1107/234 749/1160/276
f 755/1159/221 880/1158/275 749/1160/276 654/1161/222
f 695/1162/277 839/1163/278 821/1164/279 684/1165/280
f 817/1152/271 836/1151/270 695/1166/277 684/1167/280
f 641/1137/184 742/1168/205 881/1169/281 761/1138/258
f 742/1168/205 645/1123/186 760/1126/248 881/1169/281
f 881/1169/281 760/1126/248 653/1128/250 750/1170/282
f 761/1138/258 881/1169/281 750/1170/282 649/1139/259
f 656/1171/244 748/1172/268 882/1173/283 762/1174/284
f 748/1172/268 651/1175/224 763/1176/285 882/1173/283
f 696/1145/265 840/1177/286 823/1178/287 686/1146/266
f 821/1164/279 839/1163/278 692/1141/261 679/1144/264
f 654/1179/222 749/1180/276 883/1181/288 764/1182/289
f 749/1180/276 650/1183/234 765/1184/290 883/1181/288
f 916/1112/239 834/1185/291 892/1186/292 775/1113/240
f 823/1178/287 840/1177/286 691/1150/269 677/1153/272
f 649/1187/259 750/1188/282 884/1189/293 766/1190/294
f 750/1188/282 653/1191/250 767/1192/295 884/1189/293
f 714/1058/131 673/1057/202 800/1034/187 872/1033/127
f 918/1193/296 826/989/145 897/992/148 773/1194/297
f 651/1175/224 751/1195/223 885/1196/298 763/1176/285
f 751/1195/223 654/1197/222 764/1198/289 885/1196/298
f 917/1079/212 837/1095/225 890/1096/226 774/1080/213
f 650/1183/234 752/1199/233 886/1200/299 765/1184/290
f 752/1199/233 655/1201/232 768/1202/300 886/1200/299
f 829/912/90 915/1108/235 776/1111/238 895/913/91
f 919/1203/301 835/1204/211 891/1205/214 772/1206/302
f 652/1207/246 753/1208/245 887/1209/303 769/1210/304
f 753/1208/245 656/1171/244 762/1174/284 887/1209/303
f 653/1191/250 746/1211/249 888/1212/305 767/1192/295
f 746/1211/249 652/1207/246 769/1210/304 888/1212/305
f 682/1134/256 694/1133/255 838/1213/306 819/1214/307
f 825/1215/308 841/1216/309 693/985/141 681/988/144
f 655/1201/232 747/1217/260 889/1218/310 768/1202/300
f 747/1217/260 649/1187/259 766/1190/294 889/1218/310
f 831/1109/236 918/1193/296 773/1194/297 894/1110/237
f 819/1214/307 838/1213/306 690/1129/251 675/1132/254
f 834/1185/291 919/1203/301 772/1206/302 892/1186/292
f 697/1154/273 841/1216/309 825/1215/308 688/1155/274
f 667/1039/190 779/1037/189 898/1219/311 778/1220/312
f 779/1037/189 664/1035/188 780/1221/313 898/1219/311
f 898/1219/311 780/1221/313 665/1000/156 781/1018/174
f 778/1220/312 898/1219/311 781/1018/174 666/993/149
f 671/1048/196 783/1043/192 899/1222/314 782/1223/315
f 783/1043/192 658/1042/191 784/1224/316 899/1222/314
f 899/1222/314 784/1224/316 659/1006/162 785/1024/178
f 782/1223/315 899/1222/314 785/1024/178 670/1010/166
f 673/1057/202 787/1052/198 900/1225/317 786/1226/318
f 787/1052/198 662/1051/197 788/1227/319 900/1225/317
f 900/1225/317 788/1227/319 663/1012/168 789/1022/176
f 786/1226/318 900/1225/317 789/1022/176 672/1026/180
f 669/1065/207 791/1061/204 901/1228/320 790/1229/321
f 791/1061/204 660/1060/203 792/1230/322 901/1228/320
f 901/1228/320 792/1230/322 661/1013/169 793/1016/172
f 790/1229/321 901/1228/320 793/1016/172 668/1020/160
f 658/1042/191 794/1067/189 902/1231/323 784/1224/316
f 794/1067/189 667/1039/190 778/1220/312 902/1231/323
f 902/1231/323 778/1220/312 666/993/149 795/996/152
f 784/1224/316 902/1231/323 795/996/152 659/1006/162
f 662/1051/197 796/1073/204 903/1232/324 788/1227/319
f 796/1073/204 669/1072/207 790/1233/321 903/1232/324
f 903/1232/324 790/1233/321 668/1004/160 797/1003/159
f 788/1227/319 903/1232/324 797/1003/159 663/1012/168
f 660/1060/203 798/1076/210 904/1234/325 792/1230/322
f 798/1076/210 671/1048/196 782/1223/315 904/1234/325
f 904/1234/325 782/1223/315 670/1010/166 799/1009/165
f 792/1230/322 904/1234/325 799/1009/165 661/1013/169
f 664/1035/188 800/1034/187 905/1235/326 780/1221/313
f 800/1034/187 673/1057/202 786/1226/318 905/1235/326
f 905/1235/326 786/1226/318 672/1026/180 801/997/153
f 780/1221/313 905/1235/326 801/997/153 665/1000/156
f 683/994/150 803/1017/173 906/1236/327 802/1237/328
f 803/1017/173 680/999/155 804/1238/329 906/1236/327
f 906/1239/327 804/1240/329 681/988/144 805/987/143
f 802/1241/328 906/1239/327 805/987/143 682/1134/256
f 687/1007/163 807/1023/177 907/1242/330 806/1243/331
f 807/1023/177 674/1005/161 808/1244/332 907/1242/330
f 907/1245/330 808/1246/332 675/1132/254 809/1131/253
f 806/1247/331 907/1245/330 809/1131/253 686/1146/266
f 689/1025/179 811/1021/175 908/1248/333 810/1249/334
f 811/1021/175 678/1011/167 812/1250/335 908/1248/333
f 908/1251/333 812/1252/335 679/1144/264 813/1143/263
f 810/1253/334 908/1251/333 813/1143/263 688/1155/274
f 685/1019/157 815/1015/171 909/1254/336 814/1255/337
f 815/1015/171 676/1014/170 816/1256/338 909/1254/336
f 909/1257/336 816/1258/338 677/1153/272 817/1152/271
f 814/1259/337 909/1257/336 817/1152/271 684/1167/280
f 674/1005/161 818/995/151 910/1260/339 808/1244/332
f 818/995/151 683/994/150 802/1237/328 910/1260/339
f 910/1261/339 802/1241/328 682/1134/256 819/1214/307
f 808/1246/332 910/1261/339 819/1214/307 675/1132/254
f 678/1011/167 820/1002/158 911/1262/340 812/1250/335
f 820/1002/158 685/1001/157 814/1263/337 911/1262/340
f 911/1264/340 814/1265/337 684/1165/280 821/1164/279
f 812/1252/335 911/1264/340 821/1164/279 679/1144/264
f 676/1014/170 822/1008/164 912/1266/341 816/1256/338
f 822/1008/164 687/1007/163 806/1243/331 912/1266/341
f 912/1267/341 806/1247/331 686/1146/266 823/1178/287
f 816/1258/338 912/1267/341 823/1178/287 677/1153/272
f 680/999/155 824/998/154 913/1268/342 804/1238/329
f 824/998/154 689/1025/179 810/1249/334 913/1268/342
f 913/1269/342 810/1253/334 688/1155/274 825/1215/308
f 804/1240/329 913/1269/342 825/1215/308 681/988/144
f 785/1024/178 807/1023/177 687/1007/163 670/1010/166
f 694/1270/255 827/1271/142 914/990/146 826/989/145
f 827/1271/142 693/1272/141 828/1082/215 914/990/146
f 696/1273/265 830/1274/252 915/1108/235 829/912/90
f 830/1274/252 690/1275/251 831/1109/236 915/1108/235
f 697/1276/273 833/1277/262 916/1112/239 832/1097/227
f 833/1277/262 692/1278/261 834/1185/291 916/1112/239
f 695/1279/277 836/1280/270 917/1079/212 835/1078/211
f 836/1280/270 691/1281/269 837/1095/225 917/1079/212
f 690/1275/251 838/1282/306 918/1193/296 831/1109/236
f 838/1282/306 694/1270/255 826/989/145 918/1193/296
f 692/1278/261 839/1283/278 919/1203/301 834/1185/291
f 839/1283/278 695/1284/277 835/1204/211 919/1203/301
f 691/1281/269 840/1285/286 920/911/89 837/1095/225
f 840/1285/286 696/1273/265 829/912/90 920/911/89
f 693/1272/141 841/1286/309 921/1084/217 828/1082/215
f 841/1286/309 697/1276/273 832/1097/227 921/1084/217
f 847/928/104 854/930/106 704/908/86 706/910/88
f 689/1025/179 824/998/154 801/997/153 672/1026/180
f 640/938/112 648/1056/201 745/1029/183 737/953/119
f 854/965/106 730/964/124 637/966/125 704/969/86
f 1006/1287/343 1014/1288/344 1134/1289/345 1151/1290/346
f 1132/1291/347 1012/1292/348 994/1293/349 1145/1294/350
f 987/1295/351 1017/1296/352 1131/1297/353 1141/1298/354
f 1131/1297/353 1017/1296/352 1009/1299/355 1153/1300/356
f 1007/1301/357 1013/1302/358 1131/1297/353 1153/1300/356
f 1152/1303/359 1018/1304/360 1004/1305/361 1159/1306/362
f 992/1307/363 1016/1308/364 1132/1291/347 1145/1294/350
f 1132/1291/347 1016/1308/364 1010/1309/365 1154/1310/366
f 997/1311/367 1011/1312/368 1133/1313/369 1152/1303/359
f 1134/1289/345 1014/1288/344 989/1314/370 1140/1315/371
f 993/1316/372 995/1317/373 1133/1313/369 1144/1318/374
f 1209/1319/375 1060/1320/376 1184/1321/377 1118/1322/378
f 1008/1323/379 1015/1324/380 1135/1325/381 1150/1326/382
f 1131/1297/353 1013/1302/358 991/1327/383 1141/1298/354
f 990/1328/384 1015/1329/380 1134/1289/345 1140/1315/371
f 1134/1289/345 1015/1329/380 1008/1330/379 1151/1290/346
f 1009/1299/355 1017/1296/352 1138/1331/385 1148/1332/386
f 1133/1313/369 1011/1312/368 988/1333/387 1144/1318/374
f 991/1327/383 1013/1302/358 1135/1325/381 1146/1334/388
f 1135/1325/381 1013/1302/358 1007/1301/357 1150/1326/382
f 995/1317/373 1136/1335/389 1149/1336/390 1018/1304/360
f 1138/1331/385 1017/1296/352 987/1295/351 1139/1337/391
f 994/1293/349 1012/1292/348 1136/1335/389 1143/1338/392
f 1133/1313/369 995/1317/373 1018/1304/360 1152/1303/359
f 1136/1335/389 1012/1292/348 996/1339/393 1149/1336/390
f 1135/1325/381 1015/1324/380 990/1340/384 1146/1334/388
f 989/1314/370 1014/1288/344 1137/1341/394 1142/1342/395
f 1137/1341/394 1014/1288/344 1006/1287/343 1147/1343/396
f 1010/1309/365 1016/1308/364 1137/1341/394 1147/1343/396
f 1137/1341/394 1016/1308/364 992/1307/363 1142/1342/395
f 988/1333/387 1011/1312/368 1138/1331/385 1139/1337/391
f 1138/1331/385 1011/1312/368 997/1311/367 1148/1332/386
f 1142/1344/395 992/1345/363 929/1346/397 1021/1347/398
f 988/1348/387 1139/1349/391 1020/1350/399 922/1351/400
f 1141/1352/354 991/1353/383 923/1354/401 1025/1355/402
f 990/1356/384 1140/1357/371 1024/1358/403 927/1359/404
f 1145/1360/350 994/1361/349 925/1362/405 1026/1363/406
f 987/1364/351 1141/1352/354 1025/1355/402 928/1365/407
f 1146/1366/388 990/1367/384 927/1368/404 1022/1369/408
f 924/1370/409 989/1371/370 1142/1344/395 1021/1347/398
f 1139/1349/391 987/1364/351 928/1365/407 1020/1350/399
f 925/1362/405 994/1361/349 1143/1372/392 1019/1373/410
f 1140/1357/371 989/1371/370 924/1370/409 1024/1358/403
f 926/1374/411 993/1375/372 1144/1376/374 1023/1377/412
f 992/1345/363 1145/1360/350 1026/1363/406 929/1346/397
f 1144/1376/374 988/1348/387 922/1351/400 1023/1377/412
f 923/1354/401 991/1353/383 1146/1366/388 1022/1369/408
f 1148/1332/386 997/1311/367 1005/1378/413 1161/1379/414
f 998/1380/415 1010/1309/365 1147/1343/396 1157/1381/416
f 1003/1382/417 1009/1299/355 1148/1332/386 1161/1379/414
f 1150/1326/382 1007/1301/357 1000/1383/418 1156/1384/419
f 1004/1305/361 1018/1304/360 1149/1336/390 1160/1385/420
f 1147/1343/396 1006/1287/343 1002/1386/421 1157/1381/416
f 1001/1387/422 1008/1323/379 1150/1326/382 1156/1384/419
f 1149/1336/390 996/1339/393 999/1388/423 1160/1385/420
f 1002/1386/421 1006/1287/343 1151/1290/346 1162/1389/424
f 1154/1310/366 1010/1309/365 998/1380/415 1155/1390/425
f 997/1311/367 1152/1303/359 1159/1306/362 1005/1378/413
f 1151/1290/346 1008/1330/379 1001/1391/422 1162/1389/424
f 1000/1383/418 1007/1301/357 1153/1300/356 1158/1392/426
f 1153/1300/356 1009/1299/355 1003/1382/417 1158/1392/426
f 996/1339/393 1154/1310/366 1155/1390/425 999/1388/423
f 996/1339/393 1012/1292/348 1132/1291/347 1154/1310/366
f 982/1393/427 970/1394/428 1094/1395/429 1116/1396/430
f 1115/1397/431 1186/1398/432 1066/1399/433 1203/1400/434
f 955/1401/435 1084/1402/436 1107/1403/437 972/1404/438
f 1090/1405/439 954/1406/440 969/1407/441 1113/1408/442
f 974/1409/443 957/1410/444 1086/1411/445 1109/1412/446
f 1084/1402/436 948/1413/447 963/1414/448 1107/1403/437
f 976/1415/449 959/1416/450 1088/1417/451 1111/1418/452
f 1086/1411/445 952/1419/453 967/1420/454 1109/1412/446
f 950/1421/455 1082/1422/456 1104/1423/457 965/1424/458
f 1088/1417/451 950/1421/455 965/1424/458 1111/1418/452
f 954/1406/440 1070/1425/459 1092/1426/460 969/1407/441
f 1082/1422/456 957/1427/444 974/1428/443 1104/1423/457
f 952/1419/453 1078/1429/461 1100/1430/462 967/1420/454
f 1070/1425/459 955/1401/435 972/1404/438 1092/1426/460
f 948/1413/447 1074/1431/463 1096/1432/464 963/1414/448
f 1078/1429/461 961/1433/465 978/1434/466 1100/1430/462
f 933/1435/467 925/1362/405 1019/1373/410 1027/1436/468
f 1026/1363/406 925/1362/405 933/1435/467 1034/1437/469
f 922/1351/400 1020/1350/399 1028/1438/470 930/1439/471
f 1019/1373/410 926/1374/411 934/1440/472 1027/1436/468
f 1161/1441/414 1005/1442/413 953/1443/473 1089/1444/474
f 1005/1442/413 1159/1445/362 1068/1446/475 953/1443/473
f 1159/1445/362 1004/1447/361 956/1448/476 1068/1446/475
f 999/1449/423 1155/1450/425 1072/1451/477 947/1452/478
f 924/1370/409 1021/1347/398 1029/1453/479 932/1454/480
f 1020/1350/399 928/1365/407 936/1455/481 1028/1438/470
f 1155/1450/425 998/1456/415 960/1457/482 1072/1451/477
f 1000/1458/418 1158/1459/426 1076/1460/483 951/1461/484
f 923/1354/401 1022/1369/408 1030/1462/485 931/1463/486
f 1021/1347/398 929/1346/397 937/1464/487 1029/1453/479
f 1158/1459/426 1003/1465/417 962/1466/488 1076/1460/483
f 1002/1467/421 1162/1468/424 1080/1469/489 949/1470/490
f 934/1440/472 926/1374/411 1023/1377/412 1031/1471/491
f 1022/1369/408 927/1368/404 935/1472/492 1030/1462/485
f 1162/1468/424 1001/1473/422 958/1474/493 1080/1469/489
f 1004/1447/361 1160/1475/420 1083/1476/475 956/1448/476
f 935/1477/492 927/1359/404 1024/1358/403 1032/1478/494
f 1023/1377/412 922/1351/400 930/1439/471 1031/1471/491
f 1160/1475/420 999/1449/423 947/1452/478 1083/1476/475
f 1001/1479/422 1156/1480/419 1085/1481/489 958/1482/493
f 936/1455/481 928/1365/407 1025/1355/402 1033/1483/495
f 1024/1358/403 924/1370/409 932/1454/480 1032/1478/494
f 1156/1480/419 1000/1458/418 951/1461/484 1085/1481/489
f 998/1456/415 1157/1484/416 1087/1485/496 960/1457/482
f 1025/1355/402 923/1354/401 931/1463/486 1033/1483/495
f 1157/1484/416 1002/1467/421 949/1470/490 1087/1485/496
f 1124/1486/497 1180/1487/498 1063/1488/499 1206/1489/500
f 1203/1400/434 1066/1399/433 1185/1490/501 1117/1491/502
f 1117/1491/502 1185/1490/501 1059/1492/503 1210/1493/504
f 932/1494/480 1043/1495/505 1163/1496/506 1032/1497/494
f 1032/1497/494 1163/1496/506 1044/1498/507 935/1499/492
f 1163/1496/506 1040/1500/508 943/1501/509 1044/1498/507
f 1043/1495/505 940/1502/510 1040/1500/508 1163/1496/506
f 1126/1503/511 1179/1504/512 1060/1320/376 1209/1319/375
f 1210/1493/504 1059/1492/503 1182/1505/513 1121/1506/514
f 931/1507/486 1045/1508/515 1164/1509/516 1033/1510/495
f 1033/1510/495 1164/1509/516 1046/1511/517 936/1512/481
f 1164/1509/516 1041/1513/518 944/1514/519 1046/1511/517
f 1045/1508/515 939/1515/520 1041/1513/518 1164/1509/516
f 1204/1516/521 1065/1517/522 1183/1518/523 1120/1519/524
f 1121/1506/514 1182/1505/513 1064/1520/525 1205/1521/526
f 933/1522/467 1047/1523/527 1165/1524/528 1034/1525/469
f 1034/1525/469 1165/1524/528 1048/1526/529 937/1527/487
f 1165/1524/528 1042/1528/530 945/1529/531 1048/1526/529
f 1047/1523/527 941/1530/532 1042/1528/530 1165/1524/528
f 934/1531/472 1049/1532/533 1166/1533/534 1027/1534/468
f 1027/1534/468 1166/1533/534 1047/1523/527 933/1522/467
f 1166/1533/534 1035/1535/535 941/1530/532 1047/1523/527
f 1049/1532/533 942/1536/536 1035/1535/535 1166/1533/534
f 979/1537/537 964/1538/538 1098/1539/539 1119/1540/540
f 1094/1395/429 971/1541/541 983/1542/542 1116/1396/430
f 936/1512/481 1046/1511/517 1167/1543/543 1028/1544/470
f 1028/1544/470 1167/1543/543 1050/1545/544 930/1546/471
f 1167/1543/543 1036/1547/545 938/1548/546 1050/1545/544
f 1046/1511/517 944/1514/519 1036/1547/545 1167/1543/543
f 981/1549/547 968/1550/548 1102/1551/549 1122/1552/550
f 1098/1539/539 975/1553/551 985/1554/552 1119/1540/540
f 937/1527/487 1048/1526/529 1168/1555/553 1029/1556/479
f 1029/1556/479 1168/1555/553 1043/1495/505 932/1494/480
f 1168/1555/553 1037/1557/554 940/1502/510 1043/1495/505
f 1048/1526/529 945/1529/531 1037/1557/554 1168/1555/553
f 980/1558/555 966/1559/556 1106/1560/557 1125/1561/558
f 1102/1551/549 977/1562/559 986/1563/560 1122/1552/550
f 935/1564/492 1044/1565/507 1169/1566/561 1030/1567/485
f 1030/1567/485 1169/1566/561 1045/1508/515 931/1507/486
f 1169/1566/561 1038/1568/562 939/1515/520 1045/1508/515
f 1044/1565/507 943/1569/509 1038/1568/562 1169/1566/561
f 984/1570/563 973/1571/564 1110/1572/565 1128/1573/566
f 1106/1560/557 973/1574/564 984/1575/563 1125/1561/558
f 930/1546/471 1050/1545/544 1170/1576/567 1031/1577/491
f 1031/1577/491 1170/1576/567 1049/1532/533 934/1531/472
f 1170/1576/567 1039/1578/568 942/1536/536 1049/1532/533
f 1050/1545/544 938/1548/546 1039/1578/568 1170/1576/567
f 945/1579/531 1051/1580/569 1171/1581/570 1037/1582/554
f 1037/1582/554 1171/1581/570 1052/1583/571 940/1584/510
f 985/1554/552 975/1553/551 1112/1585/572 1129/1586/573
f 1110/1572/565 968/1550/548 981/1549/547 1128/1573/566
f 943/1587/509 1053/1588/574 1172/1589/575 1038/1590/562
f 1038/1590/562 1172/1589/575 1054/1591/576 939/1592/520
f 1205/1521/526 1064/1520/525 1181/1593/577 1123/1594/578
f 1112/1585/572 966/1559/556 980/1558/555 1129/1586/573
f 938/1595/546 1055/1596/579 1173/1597/580 1039/1598/568
f 1039/1598/568 1173/1597/580 1056/1599/581 942/1600/536
f 1003/1465/417 1161/1441/414 1089/1444/474 962/1466/488
f 1207/1601/582 1062/1602/583 1186/1398/432 1115/1397/431
f 940/1584/510 1052/1583/571 1174/1603/584 1040/1604/508
f 1040/1604/508 1174/1603/584 1053/1605/574 943/1606/509
f 1206/1489/500 1063/1488/499 1179/1504/512 1126/1503/511
f 939/1592/520 1054/1591/576 1175/1607/585 1041/1608/518
f 1041/1608/518 1175/1607/585 1057/1609/586 944/1610/519
f 1118/1322/378 1184/1321/377 1065/1517/522 1204/1516/521
f 1208/1611/587 1061/1612/588 1180/1613/498 1124/1614/497
f 941/1615/532 1058/1616/589 1176/1617/590 1042/1618/530
f 1042/1618/530 1176/1617/590 1051/1580/569 945/1579/531
f 942/1600/536 1056/1599/581 1177/1619/591 1035/1620/535
f 1035/1620/535 1177/1619/591 1058/1616/589 941/1615/532
f 971/1541/541 1108/1621/592 1127/1622/593 983/1542/542
f 1114/1623/594 970/1394/428 982/1393/427 1130/1624/595
f 944/1610/519 1057/1609/586 1178/1625/596 1036/1626/545
f 1036/1626/545 1178/1625/596 1055/1596/579 938/1595/546
f 1120/1519/524 1183/1518/523 1062/1602/583 1207/1601/582
f 1108/1621/592 964/1538/538 979/1537/537 1127/1622/593
f 1123/1594/578 1181/1593/577 1061/1612/588 1208/1611/587
f 986/1563/560 977/1562/559 1114/1623/594 1130/1624/595
f 956/1448/476 1067/1627/597 1187/1628/598 1068/1446/475
f 1068/1446/475 1187/1628/598 1069/1629/599 953/1443/473
f 1187/1628/598 1070/1425/459 954/1406/440 1069/1629/599
f 1067/1627/597 955/1401/435 1070/1425/459 1187/1628/598
f 960/1457/482 1071/1630/600 1188/1631/601 1072/1451/477
f 1072/1451/477 1188/1631/601 1073/1632/602 947/1452/478
f 1188/1631/601 1074/1431/463 948/1413/447 1073/1632/602
f 1071/1630/600 959/1416/450 1074/1431/463 1188/1631/601
f 962/1466/488 1075/1633/603 1189/1634/604 1076/1460/483
f 1076/1460/483 1189/1634/604 1077/1635/605 951/1461/484
f 1189/1634/604 1078/1429/461 952/1419/453 1077/1635/605
f 1075/1633/603 961/1433/465 1078/1429/461 1189/1634/604
f 958/1474/493 1079/1636/606 1190/1637/607 1080/1469/489
f 1080/1469/489 1190/1637/607 1081/1638/608 949/1470/490
f 1190/1637/607 1082/1422/456 950/1421/455 1081/1638/608
f 1079/1636/606 957/1427/444 1082/1422/456 1190/1637/607
f 947/1452/478 1073/1632/602 1191/1639/609 1083/1476/475
f 1083/1476/475 1191/1639/609 1067/1627/597 956/1448/476
f 1191/1639/609 1084/1402/436 955/1401/435 1067/1627/597
f 1073/1632/602 948/1413/447 1084/1402/436 1191/1639/609
f 951/1461/484 1077/1635/605 1192/1640/610 1085/1481/489
f 1085/1481/489 1192/1640/610 1079/1641/606 958/1482/493
f 1192/1640/610 1086/1411/445 957/1410/444 1079/1641/606
f 1077/1635/605 952/1419/453 1086/1411/445 1192/1640/610
f 949/1470/490 1081/1638/608 1193/1642/611 1087/1485/496
f 1087/1485/496 1193/1642/611 1071/1630/600 960/1457/482
f 1193/1642/611 1088/1417/451 959/1416/450 1071/1630/600
f 1081/1638/608 950/1421/455 1088/1417/451 1193/1642/611
f 953/1443/473 1069/1629/599 1194/1643/612 1089/1444/474
f 1089/1444/474 1194/1643/612 1075/1633/603 962/1466/488
f 1194/1643/612 1090/1405/439 961/1433/465 1075/1633/603
f 1069/1629/599 954/1406/440 1090/1405/439 1194/1643/612
f 972/1404/438 1091/1644/613 1195/1645/614 1092/1426/460
f 1092/1426/460 1195/1645/614 1093/1646/615 969/1407/441
f 1195/1647/614 1094/1395/429 970/1394/428 1093/1648/615
f 1091/1649/613 971/1541/541 1094/1395/429 1195/1647/614
f 976/1415/449 1095/1650/616 1196/1651/617 1096/1432/464
f 1096/1432/464 1196/1651/617 1097/1652/618 963/1414/448
f 1196/1653/617 1098/1539/539 964/1538/538 1097/1654/618
f 1095/1655/616 975/1553/551 1098/1539/539 1196/1653/617
f 978/1434/466 1099/1656/619 1197/1657/620 1100/1430/462
f 1100/1430/462 1197/1657/620 1101/1658/621 967/1420/454
f 1197/1659/620 1102/1551/549 968/1550/548 1101/1660/621
f 1099/1661/619 977/1562/559 1102/1551/549 1197/1659/620
f 974/1428/443 1103/1662/622 1198/1663/623 1104/1423/457
f 1104/1423/457 1198/1663/623 1105/1664/624 965/1424/458
f 1198/1665/623 1106/1560/557 966/1559/556 1105/1666/624
f 1103/1667/622 973/1574/564 1106/1560/557 1198/1665/623
f 963/1414/448 1097/1652/618 1199/1668/625 1107/1403/437
f 1107/1403/437 1199/1668/625 1091/1644/613 972/1404/438
f 1199/1669/625 1108/1621/592 971/1541/541 1091/1649/613
f 1097/1654/618 964/1538/538 1108/1621/592 1199/1669/625
f 967/1420/454 1101/1658/621 1200/1670/626 1109/1412/446
f 1109/1412/446 1200/1670/626 1103/1671/622 974/1409/443
f 1200/1672/626 1110/1572/565 973/1571/564 1103/1673/622
f 1101/1660/621 968/1550/548 1110/1572/565 1200/1672/626
f 965/1424/458 1105/1664/624 1201/1674/627 1111/1418/452
f 1111/1418/452 1201/1674/627 1095/1650/616 976/1415/449
f 1201/1675/627 1112/1585/572 975/1553/551 1095/1655/616
f 1105/1666/624 966/1559/556 1112/1585/572 1201/1675/627
f 969/1407/441 1093/1646/615 1202/1676/628 1113/1408/442
f 1113/1408/442 1202/1676/628 1099/1656/619 978/1434/466
f 1202/1677/628 1114/1623/594 977/1562/559 1099/1661/619
f 1093/1648/615 970/1394/428 1114/1623/594 1202/1677/628
f 1074/1431/463 959/1416/450 976/1415/449 1096/1432/464
f 983/1678/542 1115/1397/431 1203/1400/434 1116/1679/430
f 1116/1679/430 1203/1400/434 1117/1491/502 982/1680/427
f 985/1681/552 1118/1322/378 1204/1516/521 1119/1682/540
f 1119/1682/540 1204/1516/521 1120/1519/524 979/1683/537
f 986/1684/560 1121/1506/514 1205/1521/526 1122/1685/550
f 1122/1685/550 1205/1521/526 1123/1594/578 981/1686/547
f 984/1687/563 1124/1486/497 1206/1489/500 1125/1688/558
f 1125/1688/558 1206/1489/500 1126/1503/511 980/1689/555
f 979/1683/537 1120/1519/524 1207/1601/582 1127/1690/593
f 1127/1690/593 1207/1601/582 1115/1397/431 983/1678/542
f 981/1686/547 1123/1594/578 1208/1611/587 1128/1691/566
f 1128/1691/566 1208/1611/587 1124/1614/497 984/1692/563
f 980/1689/555 1126/1503/511 1209/1319/375 1129/1693/573
f 1129/1693/573 1209/1319/375 1118/1322/378 985/1681/552
f 982/1680/427 1117/1491/502 1210/1493/504 1130/1694/595
f 1130/1694/595 1210/1493/504 1121/1506/514 986/1684/560
f 1136/1335/389 995/1317/373 993/1316/372 1143/1338/392
f 978/1434/466 961/1433/465 1090/1405/439 1113/1408/442
f 929/1346/397 1026/1363/406 1034/1437/469 937/1464/487
f 1143/1372/392 993/1375/372 926/1374/411 1019/1373/410
f 1295/1695/629 1303/1696/630 1423/1697/631 1440/1698/632
f 1421/1699/633 1301/1700/634 1283/1701/635 1434/1702/636
f 1276/1703/637 1306/1704/638 1420/1705/639 1430/1706/640
f 1420/1705/639 1306/1704/638 1298/1707/641 1442/1708/642
f 1296/1709/643 1302/1710/644 1420/1705/639 1442/1708/642
f 1441/1711/645 1307/1712/646 1293/1713/647 1448/1714/648
f 1281/1715/649 1305/1716/650 1421/1699/633 1434/1702/636
f 1421/1699/633 1305/1716/650 1299/1717/651 1443/1718/652
f 1286/1719/653 1300/1720/654 1422/1721/655 1441/1711/645
f 1423/1697/631 1303/1696/630 1278/1722/656 1429/1723/657
f 1282/1724/658 1284/1725/659 1422/1721/655 1433/1726/660
f 1498/1727/661 1349/1728/662 1473/1729/663 1407/1730/664
f 1297/1731/665 1304/1732/666 1424/1733/667 1439/1734/668
f 1420/1705/639 1302/1710/644 1280/1735/669 1430/1706/640
f 1279/1736/670 1304/1737/666 1423/1697/631 1429/1723/657
f 1423/1697/631 1304/1737/666 1297/1738/665 1440/1698/632
f 1298/1707/641 1306/1704/638 1427/1739/671 1437/1740/672
f 1422/1721/655 1300/1720/654 1277/1741/673 1433/1726/660
f 1280/1735/669 1302/1710/644 1424/1733/667 1435/1742/674
f 1424/1733/667 1302/1710/644 1296/1709/643 1439/1734/668
f 1284/1725/659 1425/1743/675 1438/1744/676 1307/1712/646
f 1427/1739/671 1306/1704/638 1276/1703/637 1428/1745/677
f 1283/1701/635 1301/1700/634 1425/1743/675 1432/1746/678
f 1422/1721/655 1284/1725/659 1307/1712/646 1441/1711/645
f 1425/1743/675 1301/1700/634 1285/1747/679 1438/1744/676
f 1424/1733/667 1304/1732/666 1279/1748/670 1435/1742/674
f 1278/1722/656 1303/1696/630 1426/1749/680 1431/1750/681
f 1426/1749/680 1303/1696/630 1295/1695/629 1436/1751/682
f 1299/1717/651 1305/1716/650 1426/1749/680 1436/1751/682
f 1426/1749/680 1305/1716/650 1281/1715/649 1431/1750/681
f 1277/1741/673 1300/1720/654 1427/1739/671 1428/1745/677
f 1427/1739/671 1300/1720/654 1286/1719/653 1437/1740/672
f 1431/1752/681 1281/1753/649 1218/1754/683 1310/1755/684
f 1277/1756/673 1428/1757/677 1309/1758/685 1211/1759/686
f 1430/1760/640 1280/1761/669 1212/1762/687 1314/1763/688
f 1279/1764/670 1429/1765/657 1313/1766/689 1216/1767/690
f 1434/1768/636 1283/1769/635 1214/1770/691 1315/1771/692
f 1276/1772/637 1430/1760/640 1314/1763/688 1217/1773/693
f 1435/1774/674 1279/1775/670 1216/1776/690 1311/1777/694
f 1213/1778/695 1278/1779/656 1431/1752/681 1310/1755/684
f 1428/1757/677 1276/1772/637 1217/1773/693 1309/1758/685
f 1214/1770/691 1283/1769/635 1432/1780/678 1308/1781/696
f 1429/1765/657 1278/1779/656 1213/1778/695 1313/1766/689
f 1215/1782/697 1282/1783/658 1433/1784/660 1312/1785/698
f 1281/1753/649 1434/1768/636 1315/1771/692 1218/1754/683
f 1433/1784/660 1277/1756/673 1211/1759/686 1312/1785/698
f 1212/1762/687 1280/1761/669 1435/1774/674 1311/1777/694
f 1437/1740/672 1286/1719/653 1294/1786/699 1450/1787/700
f 1287/1788/701 1299/1717/651 1436/1751/682 1446/1789/702
f 1292/1790/703 1298/1707/641 1437/1740/672 1450/1787/700
f 1439/1734/668 1296/1709/643 1289/1791/704 1445/1792/705
f 1293/1713/647 1307/1712/646 1438/1744/676 1449/1793/706
f 1436/1751/682 1295/1695/629 1291/1794/707 1446/1789/702
f 1290/1795/708 1297/1731/665 1439/1734/668 1445/1792/705
f 1438/1744/676 1285/1747/679 1288/1796/709 1449/1793/706
f 1291/1794/707 1295/1695/629 1440/1698/632 1451/1797/710
f 1443/1718/652 1299/1717/651 1287/1788/701 1444/1798/711
f 1286/1719/653 1441/1711/645 1448/1714/648 1294/1786/699
f 1440/1698/632 1297/1738/665 1290/1799/708 1451/1797/710
f 1289/1791/704 1296/1709/643 1442/1708/642 1447/1800/712
f 1442/1708/642 1298/1707/641 1292/1790/703 1447/1800/712
f 1285/1747/679 1443/1718/652 1444/1798/711 1288/1796/709
f 1285/1747/679 1301/1700/634 1421/1699/633 1443/1718/652
f 1271/1801/713 1259/1802/714 1383/1803/715 1405/1804/716
f 1404/1805/717 1475/1806/718 1355/1807/719 1492/1808/720
f 1244/1809/721 1373/1810/722 1396/1811/723 1261/1812/724
f 1379/1813/725 1243/1814/726 1258/1815/727 1402/1816/728
f 1263/1817/729 1246/1818/730 1375/1819/731 1398/1820/732
f 1373/1810/722 1237/1821/733 1252/1822/734 1396/1811/723
f 1265/1823/735 1248/1824/736 1377/1825/737 1400/1826/738
f 1375/1819/731 1241/1827/739 1256/1828/740 1398/1820/732
f 1239/1829/741 1371/1830/742 1393/1831/743 1254/1832/744
f 1377/1825/737 1239/1829/741 1254/1832/744 1400/1826/738
f 1243/1814/726 1359/1833/745 1381/1834/746 1258/1815/727
f 1371/1830/742 1246/1835/730 1263/1836/729 1393/1831/743
f 1241/1827/739 1367/1837/747 1389/1838/748 1256/1828/740
f 1359/1833/745 1244/1809/721 1261/1812/724 1381/1834/746
f 1237/1821/733 1363/1839/749 1385/1840/750 1252/1822/734
f 1367/1837/747 1250/1841/751 1267/1842/752 1389/1838/748
f 1222/1843/753 1214/1770/691 1308/1781/696 1316/1844/754
f 1315/1771/692 1214/1770/691 1222/1843/753 1323/1845/755
f 1211/1759/686 1309/1758/685 1317/1846/756 1219/1847/757
f 1308/1781/696 1215/1782/697 1223/1848/758 1316/1844/754
f 1450/1849/700 1294/1850/699 1242/1851/759 1378/1852/760
f 1294/1850/699 1448/1853/648 1357/1854/761 1242/1851/759
f 1448/1853/648 1293/1855/647 1245/1856/762 1357/1854/761
f 1288/1857/709 1444/1858/711 1361/1859/763 1236/1860/764
f 1213/1778/695 1310/1755/684 1318/1861/765 1221/1862/766
f 1309/1758/685 1217/1773/693 1225/1863/767 1317/1846/756
f 1444/1858/711 1287/1864/701 1249/1865/768 1361/1859/763
f 1289/1866/704 1447/1867/712 1365/1868/769 1240/1869/770
f 1212/1762/687 1311/1777/694 1319/1870/771 1220/1871/772
f 1310/1755/684 1218/1754/683 1226/1872/773 1318/1861/765
f 1447/1867/712 1292/1873/703 1251/1874/774 1365/1868/769
f 1291/1875/707 1451/1876/710 1369/1877/775 1238/1878/776
f 1223/1848/758 1215/1782/697 1312/1785/698 1320/1879/777
f 1311/1777/694 1216/1776/690 1224/1880/778 1319/1870/771
f 1451/1876/710 1290/1881/708 1247/1882/779 1369/1877/775
f 1293/1855/647 1449/1883/706 1372/1884/761 1245/1856/762
f 1224/1885/778 1216/1767/690 1313/1766/689 1321/1886/780
f 1312/1785/698 1211/1759/686 1219/1847/757 1320/1879/777
f 1449/1883/706 1288/1857/709 1236/1860/764 1372/1884/761
f 1290/1887/708 1445/1888/705 1374/1889/775 1247/1890/779
f 1225/1863/767 1217/1773/693 1314/1763/688 1322/1891/781
f 1313/1766/689 1213/1778/695 1221/1862/766 1321/1886/780
f 1445/1888/705 1289/1866/704 1240/1869/770 1374/1889/775
f 1287/1864/701 1446/1892/702 1376/1893/782 1249/1865/768
f 1314/1763/688 1212/1762/687 1220/1871/772 1322/1891/781
f 1446/1892/702 1291/1875/707 1238/1878/776 1376/1893/782
f 1413/1894/783 1469/1895/784 1352/1896/785 1495/1897/786
f 1492/1808/720 1355/1807/719 1474/1898/787 1406/1899/788
f 1406/1899/788 1474/1898/787 1348/1900/789 1499/1901/790
f 1221/1902/766 1332/1903/791 1452/1904/792 1321/1905/780
f 1321/1905/780 1452/1904/792 1333/1906/793 1224/1907/778
f 1452/1904/792 1329/1908/794 1232/1909/795 1333/1906/793
f 1332/1903/791 1229/1910/796 1329/1908/794 1452/1904/792
f 1415/1911/797 1468/1912/798 1349/1728/662 1498/1727/661
f 1499/1901/790 1348/1900/789 1471/1913/799 1410/1914/800
f 1220/1915/772 1334/1916/801 1453/1917/802 1322/1918/781
f 1322/1918/781 1453/1917/802 1335/1919/803 1225/1920/767
f 1453/1917/802 1330/1921/804 1233/1922/805 1335/1919/803
f 1334/1916/801 1228/1923/806 1330/1921/804 1453/1917/802
f 1493/1924/807 1354/1925/808 1472/1926/809 1409/1927/810
f 1410/1914/800 1471/1913/799 1353/1928/811 1494/1929/812
f 1222/1930/753 1336/1931/813 1454/1932/814 1323/1933/755
f 1323/1933/755 1454/1932/814 1337/1934/815 1226/1935/773
f 1454/1932/814 1331/1936/816 1234/1937/817 1337/1934/815
f 1336/1931/813 1230/1938/818 1331/1936/816 1454/1932/814
f 1223/1939/758 1338/1940/819 1455/1941/820 1316/1942/754
f 1316/1942/754 1455/1941/820 1336/1931/813 1222/1930/753
f 1455/1941/820 1324/1943/821 1230/1938/818 1336/1931/813
f 1338/1940/819 1231/1944/822 1324/1943/821 1455/1941/820
f 1268/1945/823 1253/1946/824 1387/1947/825 1408/1948/826
f 1383/1803/715 1260/1949/827 1272/1950/828 1405/1804/716
f 1225/1920/767 1335/1919/803 1456/1951/829 1317/1952/756
f 1317/1952/756 1456/1951/829 1339/1953/830 1219/1954/757
f 1456/1951/829 1325/1955/831 1227/1956/832 1339/1953/830
f 1335/1919/803 1233/1922/805 1325/1955/831 1456/1951/829
f 1270/1957/833 1257/1958/834 1391/1959/835 1411/1960/836
f 1387/1947/825 1264/1961/837 1274/1962/838 1408/1948/826
f 1226/1935/773 1337/1934/815 1457/1963/839 1318/1964/765
f 1318/1964/765 1457/1963/839 1332/1903/791 1221/1902/766
f 1457/1963/839 1326/1965/840 1229/1910/796 1332/1903/791
f 1337/1934/815 1234/1937/817 1326/1965/840 1457/1963/839
f 1269/1966/841 1255/1967/842 1395/1968/843 1414/1969/844
f 1391/1959/835 1266/1970/845 1275/1971/846 1411/1960/836
f 1224/1972/778 1333/1973/793 1458/1974/847 1319/1975/771
f 1319/1975/771 1458/1974/847 1334/1916/801 1220/1915/772
f 1458/1974/847 1327/1976/848 1228/1923/806 1334/1916/801
f 1333/1973/793 1232/1977/795 1327/1976/848 1458/1974/847
f 1273/1978/849 1262/1979/850 1399/1980/851 1417/1981/852
f 1395/1968/843 1262/1982/850 1273/1983/849 1414/1969/844
f 1219/1954/757 1339/1953/830 1459/1984/853 1320/1985/777
f 1320/1985/777 1459/1984/853 1338/1940/819 1223/1939/758
f 1459/1984/853 1328/1986/854 1231/1944/822 1338/1940/819
f 1339/1953/830 1227/1956/832 1328/1986/854 1459/1984/853
f 1234/1987/817 1340/1988/855 1460/1989/856 1326/1990/840
f 1326/1990/840 1460/1989/856 1341/1991/857 1229/1992/796
f 1274/1962/838 1264/1961/837 1401/1993/858 1418/1994/859
f 1399/1980/851 1257/1958/834 1270/1957/833 1417/1981/852
f 1232/1995/795 1342/1996/860 1461/1997/861 1327/1998/848
f 1327/1998/848 1461/1997/861 1343/1999/862 1228/2000/806
f 1494/1929/812 1353/1928/811 1470/2001/863 1412/2002/864
f 1401/1993/858 1255/1967/842 1269/1966/841 1418/1994/859
f 1227/2003/832 1344/2004/865 1462/2005/866 1328/2006/854
f 1328/2006/854 1462/2005/866 1345/2007/867 1231/2008/822
f 1292/1873/703 1450/1849/700 1378/1852/760 1251/1874/774
f 1496/2009/868 1351/2010/869 1475/1806/718 1404/1805/717
f 1229/1992/796 1341/1991/857 1463/2011/870 1329/2012/794
f 1329/2012/794 1463/2011/870 1342/2013/860 1232/2014/795
f 1495/1897/786 1352/1896/785 1468/1912/798 1415/1911/797
f 1228/2000/806 1343/1999/862 1464/2015/871 1330/2016/804
f 1330/2016/804 1464/2015/871 1346/2017/872 1233/2018/805
f 1407/1730/664 1473/1729/663 1354/1925/808 1493/1924/807
f 1497/2019/873 1350/2020/874 1469/2021/784 1413/2022/783
f 1230/2023/818 1347/2024/875 1465/2025/876 1331/2026/816
f 1331/2026/816 1465/2025/876 1340/1988/855 1234/1987/817
f 1231/2008/822 1345/2007/867 1466/2027/877 1324/2028/821
f 1324/2028/821 1466/2027/877 1347/2024/875 1230/2023/818
f 1260/1949/827 1397/2029/878 1416/2030/879 1272/1950/828
f 1403/2031/880 1259/1802/714 1271/1801/713 1419/2032/881
f 1233/2018/805 1346/2017/872 1467/2033/882 1325/2034/831
f 1325/2034/831 1467/2033/882 1344/2004/865 1227/2003/832
f 1409/1927/810 1472/1926/809 1351/2010/869 1496/2009/868
f 1397/2029/878 1253/1946/824 1268/1945/823 1416/2030/879
f 1412/2002/864 1470/2001/863 1350/2020/874 1497/2019/873
f 1275/1971/846 1266/1970/845 1403/2031/880 1419/2032/881
f 1245/1856/762 1356/2035/883 1476/2036/884 1357/1854/761
f 1357/1854/761 1476/2036/884 1358/2037/885 1242/1851/759
f 1476/2036/884 1359/1833/745 1243/1814/726 1358/2037/885
f 1356/2035/883 1244/1809/721 1359/1833/745 1476/2036/884
f 1249/1865/768 1360/2038/886 1477/2039/887 1361/1859/763
f 1361/1859/763 1477/2039/887 1362/2040/888 1236/1860/764
f 1477/2039/887 1363/1839/749 1237/1821/733 1362/2040/888
f 1360/2038/886 1248/1824/736 1363/1839/749 1477/2039/887
f 1251/1874/774 1364/2041/889 1478/2042/890 1365/1868/769
f 1365/1868/769 1478/2042/890 1366/2043/891 1240/1869/770
f 1478/2042/890 1367/1837/747 1241/1827/739 1366/2043/891
f 1364/2041/889 1250/1841/751 1367/1837/747 1478/2042/890
f 1247/1882/779 1368/2044/892 1479/2045/893 1369/1877/775
f 1369/1877/775 1479/2045/893 1370/2046/894 1238/1878/776
f 1479/2045/893 1371/1830/742 1239/1829/741 1370/2046/894
f 1368/2044/892 1246/1835/730 1371/1830/742 1479/2045/893
f 1236/1860/764 1362/2040/888 1480/2047/895 1372/1884/761
f 1372/1884/761 1480/2047/895 1356/2035/883 1245/1856/762
f 1480/2047/895 1373/1810/722 1244/1809/721 1356/2035/883
f 1362/2040/888 1237/1821/733 1373/1810/722 1480/2047/895
f 1240/1869/770 1366/2043/891 1481/2048/896 1374/1889/775
f 1374/1889/775 1481/2048/896 1368/2049/892 1247/1890/779
f 1481/2048/896 1375/1819/731 1246/1818/730 1368/2049/892
f 1366/2043/891 1241/1827/739 1375/1819/731 1481/2048/896
f 1238/1878/776 1370/2046/894 1482/2050/897 1376/1893/782
f 1376/1893/782 1482/2050/897 1360/2038/886 1249/1865/768
f 1482/2050/897 1377/1825/737 1248/1824/736 1360/2038/886
f 1370/2046/894 1239/1829/741 1377/1825/737 1482/2050/897
f 1242/1851/759 1358/2037/885 1483/2051/898 1378/1852/760
f 1378/1852/760 1483/2051/898 1364/2041/889 1251/1874/774
f 1483/2051/898 1379/1813/725 1250/1841/751 1364/2041/889
f 1358/2037/885 1243/1814/726 1379/1813/725 1483/2051/898
f 1261/1812/724 1380/2052/899 1484/2053/900 1381/1834/746
f 1381/1834/746 1484/2053/900 1382/2054/901 1258/1815/727
f 1484/2055/900 1383/1803/715 1259/1802/714 1382/2056/901
f 1380/2057/899 1260/1949/827 1383/1803/715 1484/2055/900
f 1265/1823/735 1384/2058/902 1485/2059/903 1385/1840/750
f 1385/1840/750 1485/2059/903 1386/2060/904 1252/1822/734
f 1485/2061/903 1387/1947/825 1253/1946/824 1386/2062/904
f 1384/2063/902 1264/1961/837 1387/1947/825 1485/2061/903
f 1267/1842/752 1388/2064/905 1486/2065/906 1389/1838/748
f 1389/1838/748 1486/2065/906 1390/2066/907 1256/1828/740
f 1486/2067/906 1391/1959/835 1257/1958/834 1390/2068/907
f 1388/2069/905 1266/1970/845 1391/1959/835 1486/2067/906
f 1263/1836/729 1392/2070/908 1487/2071/909 1393/1831/743
f 1393/1831/743 1487/2071/909 1394/2072/910 1254/1832/744
f 1487/2073/909 1395/1968/843 1255/1967/842 1394/2074/910
f 1392/2075/908 1262/1982/850 1395/1968/843 1487/2073/909
f 1252/1822/734 1386/2060/904 1488/2076/911 1396/1811/723
f 1396/1811/723 1488/2076/911 1380/2052/899 1261/1812/724
f 1488/2077/911 1397/2029/878 1260/1949/827 1380/2057/899
f 1386/2062/904 1253/1946/824 1397/2029/878 1488/2077/911
f 1256/1828/740 1390/2066/907 1489/2078/912 1398/1820/732
f 1398/1820/732 1489/2078/912 1392/2079/908 1263/1817/729
f 1489/2080/912 1399/1980/851 1262/1979/850 1392/2081/908
f 1390/2068/907 1257/1958/834 1399/1980/851 1489/2080/912
f 1254/1832/744 1394/2072/910 1490/2082/913 1400/1826/738
f 1400/1826/738 1490/2082/913 1384/2058/902 1265/1823/735
f 1490/2083/913 1401/1993/858 1264/1961/837 1384/2063/902
f 1394/2074/910 1255/1967/842 1401/1993/858 1490/2083/913
f 1258/1815/727 1382/2054/901 1491/2084/914 1402/1816/728
f 1402/1816/728 1491/2084/914 1388/2064/905 1267/1842/752
f 1491/2085/914 1403/2031/880 1266/1970/845 1388/2069/905
f 1382/2056/901 1259/1802/714 1403/2031/880 1491/2085/914
f 1363/1839/749 1248/1824/736 1265/1823/735 1385/1840/750
f 1272/2086/828 1404/1805/717 1492/1808/720 1405/2087/716
f 1405/2087/716 1492/1808/720 1406/1899/788 1271/2088/713
f 1274/2089/838 1407/1730/664 1493/1924/807 1408/2090/826
f 1408/2090/826 1493/1924/807 1409/1927/810 1268/2091/823
f 1275/2092/846 1410/1914/800 1494/1929/812 1411/2093/836
f 1411/2093/836 1494/1929/812 1412/2002/864 1270/2094/833
f 1273/2095/849 1413/1894/783 1495/1897/786 1414/2096/844
f 1414/2096/844 1495/1897/786 1415/1911/797 1269/2097/841
f 1268/2091/823 1409/1927/810 1496/2009/868 1416/2098/879
f 1416/2098/879 1496/2009/868 1404/1805/717 1272/2086/828
f 1270/2094/833 1412/2002/864 1497/2019/873 1417/2099/852
f 1417/2099/852 1497/2019/873 1413/2022/783 1273/2100/849
f 1269/2097/841 1415/1911/797 1498/1727/661 1418/2101/859
f 1418/2101/859 1498/1727/661 1407/1730/664 1274/2089/838
f 1271/2088/713 1406/1899/788 1499/1901/790 1419/2102/881
f 1419/2102/881 1499/1901/790 1410/1914/800 1275/2092/846
f 1425/1743/675 1284/1725/659 1282/1724/658 1432/1746/678
f 1267/1842/752 1250/1841/751 1379/1813/725 1402/1816/728
f 1218/1754/683 1315/1771/692 1323/1845/755 1226/1872/773
f 1432/1780/678 1282/1783/658 1215/1782/697 1308/1781/696
f 1584/2103/915 1729/2104/916 1712/2105/917 1592/2106/918
f 1710/2107/919 1723/2108/920 1572/2109/921 1590/2110/922
f 1565/2111/923 1719/2112/924 1709/2113/925 1595/2114/926
f 1709/2113/925 1731/2115/927 1587/2116/928 1595/2114/926
f 1585/2117/929 1731/2115/927 1709/2113/925 1591/2118/930
f 1730/2119/931 1737/2120/932 1582/2121/933 1596/2122/934
f 1570/2123/935 1723/2108/920 1710/2107/919 1594/2124/936
f 1710/2107/919 1732/2125/937 1588/2126/938 1594/2124/936
f 1575/2127/939 1730/2119/931 1711/2128/940 1589/2129/941
f 1712/2105/917 1718/2130/942 1567/2131/943 1592/2106/918
f 1571/2132/944 1722/2133/945 1711/2128/940 1573/2134/946
f 1787/2135/947 1696/2136/948 1762/2137/949 1638/2138/950
f 1586/2139/951 1728/2140/952 1713/2141/953 1593/2142/954
f 1709/2113/925 1719/2112/924 1569/2143/955 1591/2118/930
f 1568/2144/956 1718/2130/942 1712/2105/917 1593/2145/954
f 1712/2105/917 1729/2104/916 1586/2146/951 1593/2145/954
f 1587/2116/928 1726/2147/957 1716/2148/958 1595/2114/926
f 1711/2128/940 1722/2133/945 1566/2149/959 1589/2129/941
f 1569/2143/955 1724/2150/960 1713/2141/953 1591/2118/930
f 1713/2141/953 1728/2140/952 1585/2117/929 1591/2118/930
f 1573/2134/946 1596/2122/934 1727/2151/961 1714/2152/962
f 1716/2148/958 1717/2153/963 1565/2111/923 1595/2114/926
f 1572/2109/921 1721/2154/964 1714/2152/962 1590/2110/922
f 1711/2128/940 1730/2119/931 1596/2122/934 1573/2134/946
f 1714/2152/962 1727/2151/961 1574/2155/965 1590/2110/922
f 1713/2141/953 1724/2150/960 1568/2156/956 1593/2142/954
f 1567/2131/943 1720/2157/966 1715/2158/967 1592/2106/918
f 1715/2158/967 1725/2159/968 1584/2103/915 1592/2106/918
f 1588/2126/938 1725/2159/968 1715/2158/967 1594/2124/936
f 1715/2158/967 1720/2157/966 1570/2123/935 1594/2124/936
f 1566/2149/959 1717/2153/963 1716/2148/958 1589/2129/941
f 1716/2148/958 1726/2147/957 1575/2127/939 1589/2129/941
f 1720/2160/966 1599/2161/969 1507/2162/970 1570/2163/935
f 1566/2164/959 1500/2165/971 1598/2166/972 1717/2167/963
f 1719/2168/924 1603/2169/973 1501/2170/974 1569/2171/955
f 1568/2172/956 1505/2173/975 1602/2174/976 1718/2175/942
f 1723/2176/920 1604/2177/977 1503/2178/978 1572/2179/921
f 1565/2180/923 1506/2181/979 1603/2169/973 1719/2168/924
f 1724/2182/960 1600/2183/980 1505/2184/975 1568/2185/956
f 1502/2186/981 1599/2161/969 1720/2160/966 1567/2187/943
f 1717/2167/963 1598/2166/972 1506/2181/979 1565/2180/923
f 1503/2178/978 1597/2188/982 1721/2189/964 1572/2179/921
f 1718/2175/942 1602/2174/976 1502/2186/981 1567/2187/943
f 1504/2190/983 1601/2191/984 1722/2192/945 1571/2193/944
f 1570/2163/935 1507/2162/970 1604/2177/977 1723/2176/920
f 1722/2192/945 1601/2191/984 1500/2165/971 1566/2164/959
f 1501/2170/974 1600/2183/980 1724/2182/960 1569/2171/955
f 1726/2147/957 1739/2194/985 1583/2195/986 1575/2127/939
f 1576/2196/987 1735/2197/988 1725/2159/968 1588/2126/938
f 1581/2198/989 1739/2194/985 1726/2147/957 1587/2116/928
f 1728/2140/952 1734/2199/990 1578/2200/991 1585/2117/929
f 1582/2121/933 1738/2201/992 1727/2151/961 1596/2122/934
f 1725/2159/968 1735/2197/988 1580/2202/993 1584/2103/915
f 1579/2203/994 1734/2199/990 1728/2140/952 1586/2139/951
f 1727/2151/961 1738/2201/992 1577/2204/995 1574/2155/965
f 1580/2202/993 1740/2205/996 1729/2104/916 1584/2103/915
f 1732/2125/937 1733/2206/997 1576/2196/987 1588/2126/938
f 1575/2127/939 1583/2195/986 1737/2120/932 1730/2119/931
f 1729/2104/916 1740/2205/996 1579/2207/994 1586/2146/951
f 1578/2200/991 1736/2208/998 1731/2115/927 1585/2117/929
f 1731/2115/927 1736/2208/998 1581/2198/989 1587/2116/928
f 1574/2155/965 1577/2204/995 1733/2206/997 1732/2125/937
f 1574/2155/965 1732/2125/937 1710/2107/919 1590/2110/922
f 1560/2209/999 1694/2210/1000 1672/2211/1001 1548/2212/1002
f 1693/2213/1003 1781/2214/1004 1644/2215/1005 1764/2216/1006
f 1533/2217/1007 1550/2218/1008 1685/2219/1009 1662/2220/1010
f 1668/2221/1011 1691/2222/1012 1547/2223/1013 1532/2224/1014
f 1552/2225/1015 1687/2226/1016 1664/2227/1017 1535/2228/1018
f 1662/2220/1010 1685/2219/1009 1541/2229/1019 1526/2230/1020
f 1554/2231/1021 1689/2232/1022 1666/2233/1023 1537/2234/1024
f 1664/2227/1017 1687/2226/1016 1545/2235/1025 1530/2236/1026
f 1528/2237/1027 1543/2238/1028 1682/2239/1029 1660/2240/1030
f 1666/2233/1023 1689/2232/1022 1543/2238/1028 1528/2237/1027
f 1532/2224/1014 1547/2223/1013 1670/2241/1031 1648/2242/1032
f 1660/2240/1030 1682/2239/1029 1552/2243/1015 1535/2244/1018
f 1530/2236/1026 1545/2235/1025 1678/2245/1033 1656/2246/1034
f 1648/2242/1032 1670/2241/1031 1550/2218/1008 1533/2217/1007
f 1526/2230/1020 1541/2229/1019 1674/2247/1035 1652/2248/1036
f 1656/2246/1034 1678/2245/1033 1556/2249/1037 1539/2250/1038
f 1511/2251/1039 1605/2252/1040 1597/2188/982 1503/2178/978
f 1604/2177/977 1612/2253/1041 1511/2251/1039 1503/2178/978
f 1500/2165/971 1508/2254/1042 1606/2255/1043 1598/2166/972
f 1597/2188/982 1605/2252/1040 1512/2256/1044 1504/2190/983
f 1739/2257/985 1667/2258/1045 1531/2259/1046 1583/2260/986
f 1583/2260/986 1531/2259/1046 1646/2261/1047 1737/2262/932
f 1737/2262/932 1646/2261/1047 1534/2263/1048 1582/2264/933
f 1577/2265/995 1525/2266/1049 1650/2267/1050 1733/2268/997
f 1502/2186/981 1510/2269/1051 1607/2270/1052 1599/2161/969
f 1598/2166/972 1606/2255/1043 1514/2271/1053 1506/2181/979
f 1733/2268/997 1650/2267/1050 1538/2272/1054 1576/2273/987
f 1578/2274/991 1529/2275/1055 1654/2276/1056 1736/2277/998
f 1501/2170/974 1509/2278/1057 1608/2279/1058 1600/2183/980
f 1599/2161/969 1607/2270/1052 1515/2280/1059 1507/2162/970
f 1736/2277/998 1654/2276/1056 1540/2281/1060 1581/2282/989
f 1580/2283/993 1527/2284/1061 1658/2285/1062 1740/2286/996
f 1512/2256/1044 1609/2287/1063 1601/2191/984 1504/2190/983
f 1600/2183/980 1608/2279/1058 1513/2288/1064 1505/2184/975
f 1740/2286/996 1658/2285/1062 1536/2289/1065 1579/2290/994
f 1582/2264/933 1534/2263/1048 1661/2291/1047 1738/2292/992
f 1513/2293/1064 1610/2294/1066 1602/2174/976 1505/2173/975
f 1601/2191/984 1609/2287/1063 1508/2254/1042 1500/2165/971
f 1738/2292/992 1661/2291/1047 1525/2266/1049 1577/2265/995
f 1579/2295/994 1536/2296/1065 1663/2297/1062 1734/2298/990
f 1514/2271/1053 1611/2299/1067 1603/2169/973 1506/2181/979
f 1602/2174/976 1610/2294/1066 1510/2269/1051 1502/2186/981
f 1734/2298/990 1663/2297/1062 1529/2275/1055 1578/2274/991
f 1576/2273/987 1538/2272/1054 1665/2300/1068 1735/2301/988
f 1603/2169/973 1611/2299/1067 1509/2278/1057 1501/2170/974
f 1735/2301/988 1665/2300/1068 1527/2284/1061 1580/2283/993
f 1702/2302/1069 1784/2303/1070 1641/2304/1071 1758/2305/1072
f 1781/2214/1004 1695/2306/1073 1763/2307/1074 1644/2215/1005
f 1695/2306/1073 1788/2308/1075 1637/2309/1076 1763/2307/1074
f 1510/2310/1051 1610/2311/1066 1741/2312/1077 1621/2313/1078
f 1610/2311/1066 1513/2314/1064 1622/2315/1079 1741/2312/1077
f 1741/2312/1077 1622/2315/1079 1521/2316/1080 1618/2317/1081
f 1621/2313/1078 1741/2312/1077 1618/2317/1081 1518/2318/1082
f 1704/2319/1083 1787/2135/947 1638/2138/950 1757/2320/1084
f 1788/2308/1075 1699/2321/1085 1760/2322/1086 1637/2309/1076
f 1509/2323/1057 1611/2324/1067 1742/2325/1087 1623/2326/1088
f 1611/2324/1067 1514/2327/1053 1624/2328/1089 1742/2325/1087
f 1742/2325/1087 1624/2328/1089 1522/2329/1090 1619/2330/1091
f 1623/2326/1088 1742/2325/1087 1619/2330/1091 1517/2331/1092
f 1782/2332/1093 1698/2333/1094 1761/2334/1095 1643/2335/1096
f 1699/2321/1085 1783/2336/1097 1642/2337/1098 1760/2322/1086
f 1511/2338/1039 1612/2339/1041 1743/2340/1099 1625/2341/1100
f 1612/2339/1041 1515/2342/1059 1626/2343/1101 1743/2340/1099
f 1743/2340/1099 1626/2343/1101 1523/2344/1102 1620/2345/1103
f 1625/2341/1100 1743/2340/1099 1620/2345/1103 1519/2346/1104
f 1512/2347/1044 1605/2348/1040 1744/2349/1105 1627/2350/1106
f 1605/2348/1040 1511/2338/1039 1625/2341/1100 1744/2349/1105
f 1744/2349/1105 1625/2341/1100 1519/2346/1104 1613/2351/1107
f 1627/2350/1106 1744/2349/1105 1613/2351/1107 1520/2352/1108
f 1557/2353/1109 1697/2354/1110 1676/2355/1111 1542/2356/1112
f 1672/2211/1001 1694/2210/1000 1561/2357/1113 1549/2358/1114
f 1514/2327/1053 1606/2359/1043 1745/2360/1115 1624/2328/1089
f 1606/2359/1043 1508/2361/1042 1628/2362/1116 1745/2360/1115
f 1745/2360/1115 1628/2362/1116 1516/2363/1117 1614/2364/1118
f 1624/2328/1089 1745/2360/1115 1614/2364/1118 1522/2329/1090
f 1559/2365/1119 1700/2366/1120 1680/2367/1121 1546/2368/1122
f 1676/2355/1111 1697/2354/1110 1563/2369/1123 1553/2370/1124
f 1515/2342/1059 1607/2371/1052 1746/2372/1125 1626/2343/1101
f 1607/2371/1052 1510/2310/1051 1621/2313/1078 1746/2372/1125
f 1746/2372/1125 1621/2313/1078 1518/2318/1082 1615/2373/1126
f 1626/2343/1101 1746/2372/1125 1615/2373/1126 1523/2344/1102
f 1558/2374/1127 1703/2375/1128 1684/2376/1129 1544/2377/1130
f 1680/2367/1121 1700/2366/1120 1564/2378/1131 1555/2379/1132
f 1513/2380/1064 1608/2381/1058 1747/2382/1133 1622/2383/1079
f 1608/2381/1058 1509/2323/1057 1623/2326/1088 1747/2382/1133
f 1747/2382/1133 1623/2326/1088 1517/2331/1092 1616/2384/1134
f 1622/2383/1079 1747/2382/1133 1616/2384/1134 1521/2385/1080
f 1562/2386/1135 1706/2387/1136 1688/2388/1137 1551/2389/1138
f 1684/2376/1129 1703/2375/1128 1562/2390/1135 1551/2391/1138
f 1508/2361/1042 1609/2392/1063 1748/2393/1139 1628/2362/1116
f 1609/2392/1063 1512/2347/1044 1627/2350/1106 1748/2393/1139
f 1748/2393/1139 1627/2350/1106 1520/2352/1108 1617/2394/1140
f 1628/2362/1116 1748/2393/1139 1617/2394/1140 1516/2363/1117
f 1523/2395/1102 1615/2396/1126 1749/2397/1141 1629/2398/1142
f 1615/2396/1126 1518/2399/1082 1630/2400/1143 1749/2397/1141
f 1563/2369/1123 1707/2401/1144 1690/2402/1145 1553/2370/1124
f 1688/2388/1137 1706/2387/1136 1559/2365/1119 1546/2368/1122
f 1521/2403/1080 1616/2404/1134 1750/2405/1146 1631/2406/1147
f 1616/2404/1134 1517/2407/1092 1632/2408/1148 1750/2405/1146
f 1783/2336/1097 1701/2409/1149 1759/2410/1150 1642/2337/1098
f 1690/2402/1145 1707/2401/1144 1558/2374/1127 1544/2377/1130
f 1516/2411/1117 1617/2412/1140 1751/2413/1151 1633/2414/1152
f 1617/2412/1140 1520/2415/1108 1634/2416/1153 1751/2413/1151
f 1581/2282/989 1540/2281/1060 1667/2258/1045 1739/2257/985
f 1785/2417/1154 1693/2213/1003 1764/2216/1006 1640/2418/1155
f 1518/2399/1082 1618/2419/1081 1752/2420/1156 1630/2400/1143
f 1618/2419/1081 1521/2421/1080 1631/2422/1147 1752/2420/1156
f 1784/2303/1070 1704/2319/1083 1757/2320/1084 1641/2304/1071
f 1517/2407/1092 1619/2423/1091 1753/2424/1157 1632/2408/1148
f 1619/2423/1091 1522/2425/1090 1635/2426/1158 1753/2424/1157
f 1696/2136/948 1782/2332/1093 1643/2335/1096 1762/2137/949
f 1786/2427/1159 1702/2428/1069 1758/2429/1072 1639/2430/1160
f 1519/2431/1104 1620/2432/1103 1754/2433/1161 1636/2434/1162
f 1620/2432/1103 1523/2395/1102 1629/2398/1142 1754/2433/1161
f 1520/2415/1108 1613/2435/1107 1755/2436/1163 1634/2416/1153
f 1613/2435/1107 1519/2431/1104 1636/2434/1162 1755/2436/1163
f 1549/2358/1114 1561/2357/1113 1705/2437/1164 1686/2438/1165
f 1692/2439/1166 1708/2440/1167 1560/2209/999 1548/2212/1002
f 1522/2425/1090 1614/2441/1118 1756/2442/1168 1635/2426/1158
f 1614/2441/1118 1516/2411/1117 1633/2414/1152 1756/2442/1168
f 1698/2333/1094 1785/2417/1154 1640/2418/1155 1761/2334/1095
f 1686/2438/1165 1705/2437/1164 1557/2353/1109 1542/2356/1112
f 1701/2409/1149 1786/2427/1159 1639/2430/1160 1759/2410/1150
f 1564/2378/1131 1708/2440/1167 1692/2439/1166 1555/2379/1132
f 1534/2263/1048 1646/2261/1047 1765/2443/1169 1645/2444/1170
f 1646/2261/1047 1531/2259/1046 1647/2445/1171 1765/2443/1169
f 1765/2443/1169 1647/2445/1171 1532/2224/1014 1648/2242/1032
f 1645/2444/1170 1765/2443/1169 1648/2242/1032 1533/2217/1007
f 1538/2272/1054 1650/2267/1050 1766/2446/1172 1649/2447/1173
f 1650/2267/1050 1525/2266/1049 1651/2448/1174 1766/2446/1172
f 1766/2446/1172 1651/2448/1174 1526/2230/1020 1652/2248/1036
f 1649/2447/1173 1766/2446/1172 1652/2248/1036 1537/2234/1024
f 1540/2281/1060 1654/2276/1056 1767/2449/1175 1653/2450/1176
f 1654/2276/1056 1529/2275/1055 1655/2451/1177 1767/2449/1175
f 1767/2449/1175 1655/2451/1177 1530/2236/1026 1656/2246/1034
f 1653/2450/1176 1767/2449/1175 1656/2246/1034 1539/2250/1038
f 1536/2289/1065 1658/2285/1062 1768/2452/1178 1657/2453/1179
f 1658/2285/1062 1527/2284/1061 1659/2454/1180 1768/2452/1178
f 1768/2452/1178 1659/2454/1180 1528/2237/1027 1660/2240/1030
f 1657/2453/1179 1768/2452/1178 1660/2240/1030 1535/2244/1018
f 1525/2266/1049 1661/2291/1047 1769/2455/1181 1651/2448/1174
f 1661/2291/1047 1534/2263/1048 1645/2444/1170 1769/2455/1181
f 1769/2455/1181 1645/2444/1170 1533/2217/1007 1662/2220/1010
f 1651/2448/1174 1769/2455/1181 1662/2220/1010 1526/2230/1020
f 1529/2275/1055 1663/2297/1062 1770/2456/1182 1655/2451/1177
f 1663/2297/1062 1536/2296/1065 1657/2457/1179 1770/2456/1182
f 1770/2456/1182 1657/2457/1179 1535/2228/1018 1664/2227/1017
f 1655/2451/1177 1770/2456/1182 1664/2227/1017 1530/2236/1026
f 1527/2284/1061 1665/2300/1068 1771/2458/1183 1659/2454/1180
f 1665/2300/1068 1538/2272/1054 1649/2447/1173 1771/2458/1183
f 1771/2458/1183 1649/2447/1173 1537/2234/1024 1666/2233/1023
f 1659/2454/1180 1771/2458/1183 1666/2233/1023 1528/2237/1027
f 1531/2259/1046 1667/2258/1045 1772/2459/1184 1647/2445/1171
f 1667/2258/1045 1540/2281/1060 1653/2450/1176 1772/2459/1184
f 1772/2459/1184 1653/2450/1176 1539/2250/1038 1668/2221/1011
f 1647/2445/1171 1772/2459/1184 1668/2221/1011 1532/2224/1014
f 1550/2218/1008 1670/2241/1031 1773/2460/1185 1669/2461/1186
f 1670/2241/1031 1547/2223/1013 1671/2462/1187 1773/2460/1185
f 1773/2463/1185 1671/2464/1187 1548/2212/1002 1672/2211/1001
f 1669/2465/1186 1773/2463/1185 1672/2211/1001 1549/2358/1114
f 1554/2231/1021 1674/2247/1035 1774/2466/1188 1673/2467/1189
f 1674/2247/1035 1541/2229/1019 1675/2468/1190 1774/2466/1188
f 1774/2469/1188 1675/2470/1190 1542/2356/1112 1676/2355/1111
f 1673/2471/1189 1774/2469/1188 1676/2355/1111 1553/2370/1124
f 1556/2249/1037 1678/2245/1033 1775/2472/1191 1677/2473/1192
f 1678/2245/1033 1545/2235/1025 1679/2474/1193 1775/2472/1191
f 1775/2475/1191 1679/2476/1193 1546/2368/1122 1680/2367/1121
f 1677/2477/1192 1775/2475/1191 1680/2367/1121 1555/2379/1132
f 1552/2243/1015 1682/2239/1029 1776/2478/1194 1681/2479/1195
f 1682/2239/1029 1543/2238/1028 1683/2480/1196 1776/2478/1194
f 1776/2481/1194 1683/2482/1196 1544/2377/1130 1684/2376/1129
f 1681/2483/1195 1776/2481/1194 1684/2376/1129 1551/2391/1138
f 1541/2229/1019 1685/2219/1009 1777/2484/1197 1675/2468/1190
f 1685/2219/1009 1550/2218/1008 1669/2461/1186 1777/2484/1197
f 1777/2485/1197 1669/2465/1186 1549/2358/1114 1686/2438/1165
f 1675/2470/1190 1777/2485/1197 1686/2438/1165 1542/2356/1112
f 1545/2235/1025 1687/2226/1016 1778/2486/1198 1679/2474/1193
f 1687/2226/1016 1552/2225/1015 1681/2487/1195 1778/2486/1198
f 1778/2488/1198 1681/2489/1195 1551/2389/1138 1688/2388/1137
f 1679/2476/1193 1778/2488/1198 1688/2388/1137 1546/2368/1122
f 1543/2238/1028 1689/2232/1022 1779/2490/1199 1683/2480/1196
f 1689/2232/1022 1554/2231/1021 1673/2467/1189 1779/2490/1199
f 1779/2491/1199 1673/2471/1189 1553/2370/1124 1690/2402/1145
f 1683/2482/1196 1779/2491/1199 1690/2402/1145 1544/2377/1130
f 1547/2223/1013 1691/2222/1012 1780/2492/1200 1671/2462/1187
f 1691/2222/1012 1556/2249/1037 1677/2473/1192 1780/2492/1200
f 1780/2493/1200 1677/2477/1192 1555/2379/1132 1692/2439/1166
f 1671/2464/1187 1780/2493/1200 1692/2439/1166 1548/2212/1002
f 1652/2248/1036 1674/2247/1035 1554/2231/1021 1537/2234/1024
f 1561/2494/1113 1694/2495/1000 1781/2214/1004 1693/2213/1003
f 1694/2495/1000 1560/2496/999 1695/2306/1073 1781/2214/1004
f 1563/2497/1123 1697/2498/1110 1782/2332/1093 1696/2136/948
f 1697/2498/1110 1557/2499/1109 1698/2333/1094 1782/2332/1093
f 1564/2500/1131 1700/2501/1120 1783/2336/1097 1699/2321/1085
f 1700/2501/1120 1559/2502/1119 1701/2409/1149 1783/2336/1097
f 1562/2503/1135 1703/2504/1128 1784/2303/1070 1702/2302/1069
f 1703/2504/1128 1558/2505/1127 1704/2319/1083 1784/2303/1070
f 1557/2499/1109 1705/2506/1164 1785/2417/1154 1698/2333/1094
f 1705/2506/1164 1561/2494/1113 1693/2213/1003 1785/2417/1154
f 1559/2502/1119 1706/2507/1136 1786/2427/1159 1701/2409/1149
f 1706/2507/1136 1562/2508/1135 1702/2428/1069 1786/2427/1159
f 1558/2505/1127 1707/2509/1144 1787/2135/947 1704/2319/1083
f 1707/2509/1144 1563/2497/1123 1696/2136/948 1787/2135/947
f 1560/2496/999 1708/2510/1167 1788/2308/1075 1695/2306/1073
f 1708/2510/1167 1564/2500/1131 1699/2321/1085 1788/2308/1075
f 1714/2152/962 1721/2154/964 1571/2132/944 1573/2134/946
f 1556/2249/1037 1691/2222/1012 1668/2221/1011 1539/2250/1038
f 1507/2162/970 1515/2280/1059 1612/2253/1041 1604/2177/977
f 1721/2189/964 1597/2188/982 1504/2190/983 1571/2193/944
f 1802/2511/1201 1803/2512/1202 1794/2513/1203 1792/2514/1204
f 1801/2515/1205 1804/2516/1206 1796/2517/1207 1789/2518/1208
f 1798/2519/1209 1799/2520/1210 1793/2521/1211 1791/2522/1212
f 1797/2523/1213 1800/2524/1214 1795/2525/1215 1790/2526/1216
f 1792/2514/1204 1794/2513/1203 1800/2524/1214 1797/2523/1213
f 1789/2518/1208 1796/2517/1207 1799/2520/1210 1798/2519/1209
f 1790/2526/1216 1795/2525/1215 1804/2527/1206 1801/2528/1205
f 1791/2522/1212 1793/2521/1211 1803/2512/1202 1802/2511/1201
f 1798/2529/1209 1791/2530/1212 1807/2531/7 1810/2532/7
f 1791/2530/1212 1802/2533/1201 1812/2534/7 1807/2531/7
f 1790/2535/1216 1801/2536/1205 1811/2537/7 1806/2538/7
f 1801/2536/1205 1789/2539/1208 1805/2540/7 1811/2537/7
f 1789/2539/1208 1798/2529/1209 1810/2532/7 1805/2540/7
f 1797/2541/1213 1790/2535/1216 1806/2538/7 1809/2542/7
f 1792/2543/1204 1797/2541/1213 1809/2542/7 1808/2544/7
f 1802/2533/1201 1792/2543/1204 1808/2544/7 1812/2534/7
f 1803/2512/1202 1793/2521/1211 1813/2545/1217 1819/2546/1218
f 1795/2525/1215 1800/2524/1214 1818/2547/1219 1815/2548/1220
f 1794/2513/1203 1803/2512/1202 1819/2546/1218 1814/2549/1221
f 1804/2527/1206 1795/2525/1215 1815/2548/1220 1820/2550/1222
f 1799/2520/1210 1796/2517/1207 1816/2551/1223 1817/2552/1224
f 1793/2521/1211 1799/2520/1210 1817/2552/1224 1813/2545/1217
f 1796/2517/1207 1804/2516/1206 1820/2553/1222 1816/2551/1223
f 1800/2524/1214 1794/2513/1203 1814/2549/1221 1818/2547/1219
f 1823/2554/1225 1917/2555/1226 1822/2556/1227
f 1866/2557/1228 1890/2558/1229 1874/2559/1230 1850/2560/1231
f 1907/2561/1232 1911/2562/1233 1949/2563/1234 1946/2564/1235
f 1936/2565/1236 1852/2566/1237 1826/2567/1238 1933/2568/1239
f 1945/2569/1240 1943/2570/1241 1828/2571/1242 1826/2567/1238
f 1864/2572/1243 1936/2565/1236 1933/2568/1239 1840/2573/1244
f 1934/2574/1245 1908/2575/1246 1827/2576/1247 1825/2577/1248
f 1941/2578/1249 1944/2579/1250 1831/2580/1251 1834/2581/1252
f 1912/2582/1253 1861/2583/1254 1839/2584/1255 1910/2585/1256
f 1948/2586/1257 1859/2587/1258 1836/2588/1259 1945/2569/1240
f 1956/2589/1260 1946/2564/1235 1833/2590/1261 1921/2591/1262
f 1921/2591/1262 1833/2590/1261 1841/2592/1263 1923/2593/1264
f 1853/2594/1265 1831/2580/1251 1842/2595/1266 1865/2596/1267
f 1858/2597/1268 1835/2598/1269 1843/2599/1270 1867/2600/1271
f 1923/2593/1264 1841/2592/1263 1845/2601/1272 1924/2602/1273
f 1867/2600/1271 1843/2599/1270 1846/2603/1274 1869/2604/1275
f 1841/2592/1263 1868/2605/1276 1870/2606/1277 1845/2601/1272
f 1891/2607/7 1867/2600/1271 1869/2604/1275 1893/2608/1278
f 1874/2609/1230 1890/2610/1229 1906/2611/1279 1896/2612/1280
f 1833/2590/1261 1857/2613/1281 1868/2605/1276 1841/2592/1263
f 1882/2614/1282 1858/2597/1268 1867/2600/1271 1891/2607/7
f 1832/2615/1283 1854/2616/1284 1866/2617/1228 1844/2618/1285
f 1877/2619/1286 1853/2594/1265 1865/2596/1267 1889/2620/1287
f 1941/2578/1249 1834/2581/1252 1860/2621/1288 1947/2622/1289
f 1954/2623/1290 1883/2624/1291 1859/2587/1258 1948/2586/1257
f 1907/2561/1232 1837/2625/1292 1862/2626/1293 1911/2562/1233
f 1914/2627/1294 1885/2628/1295 1861/2583/1254 1912/2582/1253
f 1859/2629/1258 1854/2616/1284 1832/2615/1283 1836/2588/1259
f 1863/2630/1296 1856/2631/1297 1830/2632/1298 1838/2633/1299
f 1887/2634/1300 1880/2635/1301 1856/2631/1297 1863/2630/1296
f 1840/2573/1244 1829/2636/1302 1855/2637/1303 1864/2638/1243
f 1934/2574/1245 1825/2577/1248 1851/2639/1304 1935/2640/1305
f 1940/2641/1306 1876/2642/1307 1852/2566/1237 1936/2565/1236
f 1914/2627/1294 1912/2582/1253 1950/2643/1308 1952/2644/1309
f 1911/2562/1233 1913/2645/1310 1951/2646/1311 1949/2563/1234
f 1928/2647/1312 1848/2648/1313 1869/2604/1275 1917/2555/1226
f 1893/2608/1278 1869/2604/1275 1848/2648/1313 1872/2649/1314
f 1870/2606/1277 1894/2650/1278 1871/2651/1315 1847/2652/1316
f 1929/2653/1317 1930/2654/1318 1874/2609/1230 1873/2655/1319
f 1865/2656/1267 1849/2657/1320 1873/2658/1319 1889/2659/1287
f 1913/2645/1310 1914/2627/1294 1952/2644/1309 1951/2646/1311
f 1894/2650/1278 1893/2608/1278 1872/2649/1314 1871/2651/1315
f 1935/2640/1305 1851/2639/1304 1875/2660/1321 1939/2661/1322
f 1873/2655/1319 1895/2662/1323 1905/2663/1324 1889/2664/1287
f 1834/2581/1252 1831/2580/1251 1853/2594/1265 1860/2665/1288
f 1883/2666/1291 1878/2667/1325 1854/2616/1284 1859/2629/1258
f 1911/2562/1233 1862/2626/1293 1886/2668/1326 1913/2645/1310
f 1942/2669/1327 1910/2585/1256 1918/2670/1328 1955/2671/1329
f 1947/2622/1289 1860/2621/1288 1884/2672/1330 1953/2673/1331
f 1888/2674/1332 1879/2675/1333 1901/2676/1334 1904/2677/1335
f 1854/2616/1284 1878/2667/1325 1890/2678/1229 1866/2617/1228
f 1877/2679/1286 1889/2664/1287 1905/2663/1324 1899/2680/1336
f 1857/2613/1281 1881/2681/1337 1892/2682/7 1868/2605/1276
f 1913/2645/1310 1886/2683/1326 1885/2684/1295 1914/2627/1294
f 1860/2665/1288 1853/2594/1265 1877/2619/1286 1884/2685/1330
f 1868/2605/1276 1892/2682/7 1894/2650/1278 1870/2606/1277
f 1881/2681/1337 1882/2614/1282 1891/2607/7 1892/2682/7
f 1895/2662/1323 1896/2612/1280 1906/2611/1279 1905/2663/1324
f 1864/2638/1243 1855/2637/1303 1879/2686/1333 1888/2687/1332
f 1890/2610/1229 1878/2688/1325 1900/2689/1338 1906/2611/1279
f 1892/2682/7 1891/2607/7 1893/2608/1278 1894/2650/1278
f 1920/2690/1339 1919/2691/1340 1908/2692/1246 1830/2632/1298
f 1885/2684/1295 1886/2683/1326 1902/2693/1341 1901/2694/1334
f 1904/2677/1335 1937/2695/1342 1940/2696/1306 1888/2674/1332
f 1903/2697/1343 1938/2698/1344 1937/2695/1342 1904/2677/1335
f 1927/2699/1345 1847/2652/1316 1871/2651/1315 1929/2700/1317
f 1930/2701/1318 1872/2649/1314 1848/2648/1313 1928/2647/1312
f 1927/2699/1345 1916/2702/1346 1870/2606/1277 1847/2652/1316
f 1932/2703/1347 1886/2668/1326 1862/2626/1293 1926/2704/1348
f 1915/2705/1349 1925/2706/1350 1855/2707/1303 1829/2636/1302
f 1896/2612/1280 1895/2662/1323 1873/2655/1319 1874/2609/1230
f 1821/2708/1351 1844/2618/1285 1823/2709/1225 1822/2556/1227
f 1926/2704/1348 1862/2626/1293 1837/2625/1292 1920/2690/1339
f 1922/2710/1352 1832/2615/1283 1844/2618/1285 1821/2708/1351
f 1918/2711/1328 1910/2585/1256 1839/2584/1255 1915/2705/1349
f 1828/2571/1242 1918/2711/1328 1909/2712/1353
f 1919/2691/1340 1907/2561/1232 1946/2564/1235 1956/2589/1260
f 1924/2602/1273 1845/2601/1272 1870/2606/1277 1916/2702/1346
f 1903/2697/1343 1887/2713/1300 1939/2714/1322 1938/2698/1344
f 1897/2715/1354 1875/2716/1321 1953/2717/1331 1884/2718/1330 1877/2679/1286 1899/2680/1336
f 1908/2692/1246 1919/2719/1340 1827/2576/1247
f 1880/2720/1301 1902/2721/1341 1886/2668/1326 1932/2703/1347
f 1888/2722/1332 1940/2641/1306 1936/2565/1236 1864/2572/1243
f 1838/2633/1299 1934/2574/1245 1935/2640/1305 1863/2723/1296
f 1933/2568/1239 1909/2724/1353 1829/2636/1302 1840/2573/1244
f 1908/2575/1246 1934/2574/1245 1838/2633/1299 1830/2632/1298
f 1925/2706/1350 1861/2583/1254 1885/2628/1295 1931/2725/1347
f 1880/2726/1301 1887/2713/1300 1903/2697/1343 1902/2727/1341
f 1917/2555/1226 1869/2604/1275 1846/2603/1274 1822/2556/1227
f 1937/2695/1342 1898/2728/1355 1876/2729/1307 1940/2696/1306
f 1876/2729/1307 1898/2728/1355 1900/2689/1338 1878/2688/1325 1883/2730/1291 1954/2731/1290
f 1901/2732/1334 1879/2733/1333 1931/2725/1347 1885/2628/1295
f 1902/2727/1341 1903/2697/1343 1904/2677/1335 1901/2676/1334
f 1937/2695/1342 1938/2698/1344 1897/2715/1354 1898/2728/1355
f 1898/2728/1355 1897/2715/1354 1899/2680/1336 1900/2689/1338
f 1906/2611/1279 1900/2689/1338 1899/2680/1336 1905/2663/1324
f 1866/2557/1228 1850/2560/1231 1823/2709/1225 1844/2618/1285
f 1855/2707/1303 1925/2706/1350 1931/2725/1347 1879/2733/1333
f 1824/2734/1356 1924/2602/1273 1916/2702/1346
f 1943/2570/1241 1955/2671/1329 1918/2670/1328 1828/2571/1242
f 1909/2724/1353 1918/2711/1328 1915/2705/1349 1829/2636/1302
f 1835/2598/1269 1922/2710/1352 1821/2708/1351 1843/2599/1270
f 1856/2735/1297 1926/2704/1348 1920/2690/1339 1830/2632/1298
f 1843/2599/1270 1821/2708/1351 1822/2556/1227 1846/2603/1274
f 1839/2584/1255 1861/2583/1254 1925/2706/1350 1915/2705/1349
f 1880/2720/1301 1932/2703/1347 1926/2704/1348 1856/2735/1297
f 1849/2657/1320 1824/2736/1356 1916/2702/1346 1927/2699/1345
f 1874/2559/1230 1930/2737/1318 1928/2647/1312 1850/2560/1231
f 1849/2657/1320 1927/2699/1345 1929/2738/1317 1873/2658/1319
f 1837/2625/1292 1907/2561/1232 1919/2691/1340 1920/2690/1339
f 1871/2651/1315 1872/2649/1314 1930/2701/1318 1929/2700/1317
f 1850/2560/1231 1928/2647/1312 1917/2555/1226 1823/2554/1225
f 1842/2595/1266 1923/2593/1264 1924/2602/1273 1824/2734/1356
f 1831/2580/1251 1921/2591/1262 1923/2593/1264 1842/2595/1266
f 1944/2579/1250 1956/2589/1260 1921/2591/1262 1831/2580/1251
f 1826/2567/1238 1828/2571/1242 1909/2712/1353 1933/2568/1239
f 1897/2715/1354 1938/2698/1344 1939/2714/1322 1875/2716/1321
f 1827/2576/1247 1919/2719/1340 1956/2589/1260 1944/2579/1250
f 1832/2615/1283 1922/2710/1352 1955/2671/1329 1943/2570/1241
f 1922/2710/1352 1835/2598/1269 1942/2669/1327 1955/2671/1329
f 1851/2639/1304 1947/2622/1289 1953/2673/1331 1875/2660/1321
f 1881/2681/1337 1951/2646/1311 1952/2644/1309 1882/2614/1282
f 1857/2613/1281 1949/2563/1234 1951/2646/1311 1881/2681/1337
f 1882/2614/1282 1952/2644/1309 1950/2643/1308 1858/2597/1268
f 1833/2590/1261 1946/2564/1235 1949/2563/1234 1857/2613/1281
f 1876/2642/1307 1954/2623/1290 1948/2586/1257 1852/2566/1237
f 1825/2577/1248 1941/2578/1249 1947/2622/1289 1851/2639/1304
f 1852/2566/1237 1948/2586/1257 1945/2569/1240 1826/2567/1238
f 1825/2577/1248 1827/2576/1247 1944/2579/1250 1941/2578/1249
f 1836/2588/1259 1832/2615/1283 1943/2570/1241 1945/2569/1240
f 1858/2597/1268 1950/2643/1308 1942/2669/1327 1835/2598/1269
f 1992/2739/1357 2080/2740/1358 2072/2741/1359 1990/2742/1360
f 2001/2743/1361 2003/2744/1362 1971/2745/1363 1963/2746/1364
f 2037/2747/1365 1959/2748/1366 1965/2749/1367 2061/2750/1368
f 2070/2751/1369 2092/2752/1370 2091/2753/1371 2067/2754/1372
f 2076/2755/1373 2006/2756/1374 1994/2757/1375 1993/2758/1376
f 2016/2759/1377 1975/2760/1378 1974/2761/1379 2038/2762/1380
f 1969/2763/1381 1957/2764/1382 1992/2739/1357 2082/2765/1383
f 2031/2766/1384 1961/2767/1385 1963/2746/1364 2055/2768/1386
f 2071/2769/1387 1990/2742/1360 1989/2770/1388 2089/2771/1389
f 1970/2772/1390 1958/2773/1391 1995/2774/1392 2085/2775/1393
f 2058/2776/1394 1988/2777/1395 1982/2778/1396 2034/2779/1397
f 2047/2780/1398 2063/2781/1399 2090/2782/1400 2069/2783/1401
f 2004/2784/1402 1995/2785/1392 1998/2786/1403 2084/2787/1404
f 2000/2788/1405 2027/2789/1406 2028/2790/1407 1999/2791/1408
f 2007/2792/1409 2013/2793/1410 2014/2794/1411 2008/2795/1412
f 2045/2796/1413 2021/2797/7 2019/2798/1414 2043/2799/1415
f 2087/2800/1416 2085/2775/1393 2004/2801/1402 1980/2802/1417
f 2010/2803/1418 1975/2760/1378 1976/2804/1419 2009/2805/1420
f 2062/2806/1421 1966/2807/1422 1960/2808/1423 2038/2809/1380
f 2085/2775/1393 1995/2785/1392 2004/2801/1402
f 2082/2765/1383 1992/2739/1357 1990/2742/1360 2071/2769/1387
f 2009/2805/1420 1976/2804/1419 1973/2810/1424 2025/2811/1425
f 2039/2812/1426 1983/2813/1427 1985/2814/1428 2063/2781/1399
f 2021/2797/7 2022/2815/7 2020/2816/1414 2019/2798/1414
f 2032/2817/1429 1962/2818/1430 1961/2767/1385 2031/2766/1384
f 2077/2819/1431 2081/2820/1432 1970/2772/1390 1968/2821/1433
f 1981/2822/1396 2027/2823/1406 2051/2824/1434 1987/2825/1435
f 2050/2826/1436 1978/2827/1437 1974/2828/1379 2026/2829/1438
f 1994/2757/1375 2006/2756/1374 1967/2830/1439 1957/2764/1382
f 2005/2831/1440 1994/2832/1375 2086/2833/1441
f 2033/2834/1442 2026/2835/1438 2010/2803/1418 2011/2836/1443
f 1996/2837/1444 2044/2838/1445 2067/2754/1372 2091/2753/1371
f 1976/2804/1419 2015/2839/1446 2037/2840/1365 1973/2810/1424
f 2011/2836/1443 2010/2803/1418 2009/2805/1420 2012/2841/1447
f 1971/2745/1363 2003/2744/1362 1995/2774/1392 1958/2773/1391
f 1980/2802/1417 2004/2784/1402 2084/2787/1404 2073/2842/1448
f 2025/2843/1425 1973/2844/1424 1977/2845/1449 2049/2846/1450
f 2036/2847/1451 2024/2848/1452 2008/2795/1412 2014/2794/1411
f 2010/2803/1418 2026/2835/1438 1974/2761/1379 1975/2760/1378
f 2002/2849/1453 2051/2824/1434 2027/2823/1406 2000/2788/1405
f 2056/2850/1454 1964/2851/1455 1962/2818/1430 2032/2817/1429
f 1999/2791/1408 2028/2852/1407 2052/2853/1456 2001/2743/1361
f 1987/2825/1435 2051/2824/1434 2076/2755/1373 1993/2758/1376
f 2049/2854/1450 2058/2855/1394 2034/2856/1397 2025/2857/1425
f 2079/2858/1457 2082/2765/1383 2060/2859/1458 2053/2860/1459
f 2028/2790/1407 2027/2789/1406 2011/2861/1443 2012/2862/1447
f 2043/2799/1415 2019/2798/1414 2042/2863/1460 2066/2864/1461
f 1991/2865/1462 2081/2820/1432 2069/2783/1401 2092/2752/1370
f 2048/2866/1463 2064/2867/1464 2040/2868/1465 2024/2869/1452
f 1986/2870/1466 1997/2871/1467 2043/2799/1415 2066/2864/1461
f 2073/2842/1448 2084/2787/1404 2058/2855/1394 2049/2854/1450
f 2053/2860/1459 2060/2859/1458 2036/2872/1451 2029/2873/1468
f 1995/2785/1392 2003/2744/1362 2074/2874/1469 1998/2786/1403
f 2056/2850/1454 2032/2817/1429 2021/2797/7 2045/2796/1413
f 1973/2844/1424 2037/2747/1365 2061/2750/1368 1977/2845/1449
f 2054/2875/1470 2059/2876/1471 2081/2820/1432 2077/2819/1431
f 2025/2811/1425 2034/2877/1397 2012/2841/1447 2009/2805/1420
f 2017/2878/1472 2018/2879/1473 2040/2880/1465 2039/2881/1426
f 1984/2882/1474 1983/2883/1427 2039/2881/1426 2040/2880/1465
f 2006/2756/1374 2076/2755/1373 2051/2824/1434 2002/2849/1453
f 2061/2750/1368 1965/2749/1367 1968/2821/1433 2087/2800/1416
f 1979/2884/1475 2088/2885/1476 2062/2806/1421 1978/2827/1437
f 2047/2780/1398 2023/2886/1477 2039/2812/1426 2063/2781/1399
f 2050/2887/1436 2057/2888/1478 2083/2889/1479 2075/2890/1480
f 2012/2891/1447 2034/2779/1397 1982/2778/1396 2028/2852/1407
f 2037/2840/1365 2015/2839/1446 2013/2793/1410 2035/2892/1481 2030/2893/1482 1959/2894/1366
f 1976/2804/1419 1975/2760/1378 2016/2759/1377 2015/2839/1446
f 2023/2895/1477 2035/2892/1481 2013/2793/1410 2007/2792/1409
f 2048/2866/1463 2071/2769/1387 2089/2896/1389 2064/2867/1464
f 1966/2807/1422 2053/2897/1459 2029/2898/1468 1960/2808/1423
f 2064/2867/1464 1986/2870/1466 1984/2899/1474 2040/2868/1465
f 2074/2874/1469 2052/2853/1456 1988/2777/1395 1998/2786/1403
f 2015/2839/1446 2016/2759/1377 2014/2794/1411 2013/2793/1410
f 2088/2885/1476 2086/2833/1441 1969/2763/1381 1972/2900/1483
f 2046/2901/1484 2070/2751/1369 2067/2754/1372 2044/2838/1445
f 2040/2880/1465 2018/2879/1473 2008/2795/1412 2024/2848/1452
f 2090/2902/1400 1996/2837/1444 2091/2753/1371
f 2002/2849/1453 2000/2788/1405 1962/2818/1430 1964/2851/1455
f 1972/2900/1483 1969/2763/1381 2082/2765/1383 2079/2858/1457
f 2018/2879/1473 2017/2878/1472 2007/2792/1409 2008/2795/1412
f 2032/2817/1429 2031/2766/1384 2022/2815/7 2021/2797/7
f 2033/2903/1442 1981/2822/1396 1987/2825/1435 2057/2904/1478
f 1979/2884/1475 2005/2905/1440 2086/2833/1441 2088/2885/1476
f 2022/2815/7 2046/2901/1484 2044/2838/1445 2020/2816/1414
f 1965/2749/1367 2054/2906/1470 2077/2819/1431 1968/2821/1433
f 2078/2907/1485 1991/2865/1462 2092/2752/1370 2070/2751/1369
f 1993/2758/1376 1994/2757/1375 2005/2831/1440 2083/2889/1479
f 1985/2814/1428 2065/2908/1486 2044/2838/1445 1996/2837/1444
f 2026/2909/1438 2033/2910/1442 2057/2888/1478 2050/2887/1436
f 2000/2788/1405 1999/2791/1408 1961/2767/1385 1962/2818/1430
f 1957/2764/1382 1967/2830/1439 2080/2740/1358 1992/2739/1357
f 2019/2798/1414 2020/2816/1414 2041/2911/1487 2042/2863/1460
f 2020/2816/1414 2044/2838/1445 2065/2908/1486 2041/2911/1487
f 2031/2766/1384 2055/2768/1386 2046/2901/1484 2022/2815/7
f 2080/2740/1358 2056/2850/1454 2045/2796/1413 2072/2741/1359
f 2036/2872/1451 2060/2859/1458 2048/2912/1463 2024/2913/1452
f 1972/2900/1483 2079/2858/1457 2053/2897/1459 1966/2807/1422
f 2081/2820/1432 2059/2876/1471 2047/2914/1398 2069/2783/1401
f 2039/2881/1426 2023/2895/1477 2007/2792/1409 2017/2878/1472
f 1959/2748/1366 2030/2915/1482 2054/2906/1470 1965/2749/1367
f 2092/2752/1370 2069/2783/1401 2090/2782/1400 2091/2753/1371
f 2055/2768/1386 1963/2746/1364 1971/2745/1363 2078/2907/1485
f 2057/2904/1478 1987/2825/1435 1993/2758/1376 2083/2889/1479
f 1998/2786/1403 1988/2777/1395 2058/2776/1394 2084/2787/1404
f 2005/2905/1440 1979/2884/1475 2075/2890/1480 2083/2889/1479
f 1988/2777/1395 2052/2853/1456 2028/2852/1407 1982/2778/1396
f 2064/2867/1464 2089/2896/1389 1997/2871/1467 1986/2870/1466
f 2059/2876/1471 2035/2916/1481 2023/2917/1477 2047/2914/1398
f 2089/2771/1389 1989/2770/1388 1997/2871/1467
f 2080/2740/1358 1967/2830/1439 1964/2851/1455 2056/2850/1454
f 2088/2885/1476 1972/2900/1483 1966/2807/1422 2062/2806/1421
f 2060/2859/1458 2082/2765/1383 2071/2769/1387 2048/2912/1463
f 2006/2756/1374 2002/2849/1453 1964/2851/1455 1967/2830/1439
f 1977/2845/1449 2061/2750/1368 2087/2800/1416 1980/2802/1417
f 2033/2903/1442 2011/2918/1443 2027/2823/1406 1981/2822/1396
f 2075/2890/1480 1979/2884/1475 1978/2827/1437 2050/2826/1436
f 2030/2919/1482 2035/2916/1481 2059/2876/1471 2054/2875/1470
f 2072/2741/1359 2045/2796/1413 2043/2799/1415 2068/2920/1488
f 1978/2827/1437 2062/2806/1421 2038/2809/1380 1974/2828/1379
f 2049/2846/1450 1977/2845/1449 1980/2802/1417 2073/2842/1448
f 1968/2821/1433 1970/2772/1390 2085/2775/1393 2087/2800/1416
f 2001/2743/1361 2052/2853/1456 2074/2874/1469 2003/2744/1362
f 2055/2768/1386 2078/2907/1485 2070/2751/1369 2046/2901/1484
f 1990/2742/1360 2072/2741/1359 2068/2920/1488 1989/2770/1388
f 2081/2820/1432 1991/2865/1462 1958/2773/1391 1970/2772/1390
f 2042/2863/1460 2041/2911/1487 1983/2921/1427 1984/2922/1474
f 2016/2759/1377 2038/2762/1380 1960/2923/1423 2029/2924/1468 2036/2847/1451 2014/2794/1411
f 1999/2791/1408 2001/2743/1361 1963/2746/1364 1961/2767/1385
f 1983/2921/1427 2041/2911/1487 2065/2908/1486 1985/2814/1428
f 1986/2870/1466 2066/2864/1461 2042/2863/1460 1984/2922/1474
f 2086/2833/1441 1994/2832/1375 1957/2764/1382 1969/2763/1381
f 1989/2770/1388 2068/2920/1488 2043/2799/1415 1997/2871/1467
f 1991/2865/1462 2078/2907/1485 1971/2745/1363 1958/2773/1391
f 2063/2781/1399 1985/2814/1428 1996/2837/1444 2090/2902/1400
f 2184/2925/1489 2193/2926/1490 2175/2927/1491 2153/2928/1492
f 2204/2929/1493 2111/2930/1494 2096/2931/1495 2196/2932/1496
f 2188/2933/1497 2113/2934/1498 2095/2935/1499 2178/2936/1500
f 2199/2937/1501 2197/2938/1502 2098/2939/1503 2095/2935/1499
f 2151/2940/1504 2153/2928/1492 2099/2941/1505 2109/2942/1506
f 2186/2943/1507 2179/2944/1508 2097/2945/1509 2093/2946/1510
f 2157/2947/1511 2122/2948/1512 2108/2949/1513 2154/2950/1514
f 2202/2951/1515 2120/2952/1516 2105/2953/1517 2199/2937/1501
f 2195/2954/1518 2103/2955/1519 2121/2956/1520 2201/2957/1521
f 2208/2958/1522 2136/2959/1523 2120/2952/1516 2202/2951/1515
f 2150/2960/1524 2106/2961/1525 2123/2962/1526 2156/2963/1527
f 2165/2964/1528 2138/2965/1529 2122/2948/1512 2157/2947/1511
f 2120/2966/1516 2115/2967/1530 2101/2968/1531 2105/2953/1517
f 2124/2969/1532 2117/2970/1533 2100/2971/1534 2107/2972/1535
f 2140/2973/1536 2133/2974/1537 2117/2970/1533 2124/2969/1532
f 2109/2942/1506 2099/2941/1505 2116/2975/1538 2125/2976/1539
f 2186/2943/1507 2093/2946/1510 2112/2977/1540 2187/2978/1541
f 2192/2979/1542 2129/2980/1543 2113/2934/1498 2188/2933/1497
f 2200/2981/1544 2094/2982/1545 2110/2983/1546 2203/2984/1547
f 2206/2985/1548 2127/2986/1549 2111/2930/1494 2204/2929/1493
f 2203/2984/1547 2110/2983/1546 2126/2987/1550 2205/2988/1551
f 2187/2978/1541 2112/2977/1540 2128/2989/1552 2191/2990/1553
f 2118/2991/1554 2134/2992/1555 2144/2993/1556 2130/2994/1557
f 2136/2995/1523 2131/2996/1558 2115/2967/1530 2120/2966/1516
f 2156/2963/1527 2123/2962/1526 2139/2997/1559 2164/2998/1560
f 2205/2988/1551 2126/2987/1550 2127/2986/1549 2206/2985/1548
f 2201/2957/1521 2121/2956/1520 2137/2999/1561 2207/3000/1562
f 2141/3001/1563 2132/3002/1564 2146/3003/1565 2149/3004/1566
f 2164/2998/1560 2139/3005/1559 2138/3006/1529 2165/2964/1528
f 2121/3007/1520 2114/3008/1567 2130/3009/1557 2137/3010/1561
f 2144/2993/1556 2134/2992/1555 2135/3011/1568 2145/3012/1569
f 2125/2976/1539 2116/2975/1538 2132/3013/1564 2141/3014/1563
f 2118/2991/1554 2130/2994/1557 2114/3008/1567 2102/3015/1570
f 2119/3016/1571 2131/2996/1558 2145/3012/1569 2135/3011/1568
f 2169/3017/1572 2176/3018/1573 2152/3019/1574 2100/2971/1534
f 2138/3006/1529 2139/3005/1559 2147/3020/1575 2146/3021/1565
f 2190/3022/1576 2161/3023/1577 2162/3024/1578 2191/3025/1553
f 2149/3004/1566 2160/3026/1579 2163/3027/1580 2141/3001/1563
f 2174/3028/1581 2139/2997/1559 2123/2962/1526 2172/3029/1582
f 2166/3030/1583 2171/3031/1584 2116/3032/1538 2099/2941/1505
f 2172/3029/1582 2123/2962/1526 2106/2961/1525 2169/3017/1572
f 2175/2927/1491 2154/2950/1514 2108/2949/1513 2166/3030/1583
f 2194/3033/1585 2177/3034/1586 2094/2982/1545 2168/3035/1587
f 2209/3036/1588 2196/2932/1496 2096/2931/1495 2167/3037/1589
f 2107/2972/1535 2100/2971/1534 2152/3019/1574 2155/3038/1590
f 2178/2936/1500 2184/2925/1489 2153/2928/1492 2151/2940/1504
f 2142/3039/1591 2128/3040/1552 2207/3041/1562 2137/3042/1561 2130/2994/1557 2144/2993/1556
f 2182/3043/1592 2164/2998/1560 2165/2964/1528 2183/3044/1593
f 2133/3045/1537 2147/3046/1575 2139/2997/1559 2174/3028/1581
f 2180/3047/1594 2156/2963/1527 2164/2998/1560 2182/3043/1592
f 2124/3048/1532 2158/3049/1595 2162/3050/1578 2140/3051/1536
f 2141/3052/1563 2163/3053/1580 2159/3054/1596 2125/3055/1539
f 2107/2972/1535 2155/3038/1590 2158/3049/1595 2124/3048/1532
f 2183/3044/1593 2165/2964/1528 2157/2947/1511 2181/3056/1597
f 2177/3034/1586 2150/2960/1524 2156/2963/1527 2180/3047/1594
f 2181/3056/1597 2157/2947/1511 2154/2950/1514 2185/3057/1598
f 2125/3055/1539 2159/3054/1596 2151/2940/1504 2109/2942/1506
f 2171/3031/1584 2122/2948/1512 2138/2965/1529 2173/3058/1581
f 2133/3059/1537 2140/3060/1536 2148/3061/1599 2147/3062/1575
f 2161/3023/1577 2148/3061/1599 2140/3060/1536 2162/3024/1578
f 2189/3063/1600 2143/3064/1601 2129/3065/1543 2192/3066/1542
f 2193/2926/1490 2185/3057/1598 2154/2950/1514 2175/2927/1491
f 2129/3065/1543 2143/3064/1601 2145/3012/1569 2131/3067/1558 2136/3068/1523 2208/3069/1522
f 2146/3070/1565 2132/3071/1564 2173/3058/1581 2138/2965/1529
f 2147/3062/1575 2148/3061/1599 2149/3004/1566 2146/3003/1565
f 2149/3004/1566 2148/3061/1599 2161/3023/1577 2160/3026/1579
f 2189/3063/1600 2190/3022/1576 2142/3039/1591 2143/3064/1601
f 2143/3064/1601 2142/3039/1591 2144/2993/1556 2145/3012/1569
f 2104/3072/1602 2115/2967/1530 2131/2996/1558 2119/3016/1571
f 2101/2968/1531 2115/2967/1530 2104/3072/1602 2170/3073/1603
f 2116/3032/1538 2171/3031/1584 2173/3058/1581 2132/3071/1564
f 2197/2938/1502 2209/3036/1588 2167/3037/1589 2098/2939/1503
f 2179/2944/1508 2194/3033/1585 2168/3035/1587 2097/2945/1509
f 2153/2928/1492 2175/2927/1491 2166/3030/1583 2099/2941/1505
f 2117/3074/1533 2172/3029/1582 2169/3017/1572 2100/2971/1534
f 2108/2949/1513 2122/2948/1512 2171/3031/1584 2166/3030/1583
f 2133/3045/1537 2174/3028/1581 2172/3029/1582 2117/3074/1533
f 2106/2961/1525 2150/2960/1524 2176/3018/1573 2169/3017/1572
f 2152/3019/1574 2176/3018/1573 2194/3033/1585 2179/2944/1508
f 2160/3026/1579 2161/3023/1577 2190/3022/1576 2189/3063/1600
f 2167/3037/1589 2096/2931/1495 2185/3057/1598 2193/2926/1490
f 2160/3026/1579 2189/3063/1600 2192/3066/1542 2163/3027/1580
f 2111/2930/1494 2181/3056/1597 2185/3057/1598 2096/2931/1495
f 2094/2982/1545 2177/3034/1586 2180/3047/1594 2110/2983/1546
f 2127/2986/1549 2183/3044/1593 2181/3056/1597 2111/2930/1494
f 2110/2983/1546 2180/3047/1594 2182/3043/1592 2126/2987/1550
f 2126/2987/1550 2182/3043/1592 2183/3044/1593 2127/2986/1549
f 2095/2935/1499 2098/2939/1503 2184/2925/1489 2178/2936/1500
f 2176/3018/1573 2150/2960/1524 2177/3034/1586 2194/3033/1585
f 2142/3039/1591 2190/3022/1576 2191/3025/1553 2128/3040/1552
f 2158/3049/1595 2187/2978/1541 2191/2990/1553 2162/3050/1578
f 2163/3053/1580 2192/2979/1542 2188/2933/1497 2159/3054/1596
f 2155/3038/1590 2186/2943/1507 2187/2978/1541 2158/3049/1595
f 2155/3038/1590 2152/3019/1574 2179/2944/1508 2186/2943/1507
f 2159/3054/1596 2188/2933/1497 2178/2936/1500 2151/2940/1504
f 2098/2939/1503 2167/3037/1589 2193/2926/1490 2184/2925/1489
f 2097/2945/1509 2168/3035/1587 2210/3075/1604 2198/3076/1605
f 2101/2968/1531 2170/3073/1603 2209/3036/1588 2197/2938/1502
f 2170/3073/1603 2104/3072/1602 2196/2932/1496 2209/3036/1588
f 2112/2977/1540 2201/2957/1521 2207/3000/1562 2128/2989/1552
f 2134/2992/1555 2205/2988/1551 2206/2985/1548 2135/3011/1568
f 2118/2991/1554 2203/2984/1547 2205/2988/1551 2134/2992/1555
f 2135/3011/1568 2206/2985/1548 2204/2929/1493 2119/3016/1571
f 2102/3015/1570 2200/2981/1544 2203/2984/1547 2118/2991/1554
f 2129/2980/1543 2208/2958/1522 2202/2951/1515 2113/2934/1498
f 2093/2946/1510 2195/2954/1518 2201/2957/1521 2112/2977/1540
f 2168/3035/1587 2094/2982/1545 2200/2981/1544 2210/3075/1604
f 2113/2934/1498 2202/2951/1515 2199/2937/1501 2095/2935/1499
f 2093/2946/1510 2097/2945/1509 2198/3076/1605 2195/2954/1518
f 2105/2953/1517 2101/2968/1531 2197/2938/1502 2199/2937/1501
f 2119/3016/1571 2204/2929/1493 2196/2932/1496 2104/3072/1602
f 2302/3077/1606 2217/3078/1607 2225/3079/1608 2317/3080/1609
f 2316/3081/1610 2320/3082/1611 2224/3083/1612 2222/3084/1613
f 2328/3085/1614 2324/3086/1615 2223/3087/1616 2226/3088/1617
f 2308/3089/1618 2219/3090/1619 2222/3084/1613 2326/3091/1620
f 2253/3092/1621 2327/3093/1622 2221/3094/1623 2211/3095/1624
f 2328/3085/1614 2226/3088/1617 2220/3096/1625 2309/3097/1626
f 2292/3098/1627 2213/3099/1628 2219/3090/1619 2308/3089/1618
f 2319/3100/1629 2221/3094/1623 2218/3101/1630 2303/3102/1631
f 2286/3103/1632 2215/3104/1633 2217/3078/1607 2302/3077/1606
f 2303/3102/1631 2218/3101/1630 2216/3105/1634 2287/3106/1635
f 2287/3106/1635 2216/3105/1634 2215/3104/1633 2286/3103/1632
f 2309/3097/1626 2220/3096/1625 2214/3107/1636 2293/3108/1637
f 2251/3109/1638 2317/3080/1609 2225/3079/1608 2212/3110/1639
f 2320/3082/1611 2251/3109/1638 2212/3110/1639 2224/3083/1612
f 2324/3086/1615 2253/3092/1621 2211/3095/1624 2223/3087/1616
f 2323/3111/1640 2254/3112/1641 2228/3113/1642 2237/3114/1643
f 2262/3115/1644 2233/3116/1645 2243/3117/1646 2270/3118/1647
f 2266/3119/1648 2269/3120/1649 2242/3121/1650 2235/3122/1651
f 2266/3119/1648 2235/3122/1651 2234/3123/1652 2263/3124/1653
f 2258/3125/1654 2229/3126/1655 2233/3116/1645 2262/3115/1644
f 2263/3124/1653 2234/3123/1652 2230/3127/1656 2259/3128/1657
f 2279/3129/1658 2231/3130/1659 2230/3131/1656 2293/3132/1637
f 2245/3133/1660 2271/3134/1661 2244/3135/1662 2227/3136/1663
f 2326/3091/1620 2323/3111/1640 2237/3114/1643 2243/3117/1646
f 2295/3137/1664 2239/3138/1665 2238/3139/1666 2294/3140/1667
f 2311/3141/1668 2241/3142/1669 2239/3138/1665 2295/3137/1664
f 2294/3140/1667 2238/3139/1666 2240/3143/1670 2310/3144/1671
f 2327/3093/1622 2244/3135/1662 2241/3142/1669 2311/3141/1668
f 2310/3144/1671 2240/3143/1670 2236/3145/1672 2325/3146/1673
f 2261/3147/1674 2232/3148/1675 2229/3149/1655 2258/3150/1654
f 2254/3112/1641 2325/3146/1673 2236/3145/1672 2228/3113/1642
f 2261/3147/1674 2260/3151/1676 2231/3130/1659 2232/3148/1675
f 2269/3120/1649 2245/3133/1660 2227/3136/1663 2242/3121/1650
f 2315/3152/1677 2271/3134/1661 2245/3133/1660 2252/3153/1678
f 2288/3154/1679 2247/3155/1680 2249/3156/1681 2304/3157/1682
f 2313/3158/1683 2299/3159/1684 2250/3160/1685 2255/3161/1686
f 2304/3157/1682 2249/3156/1681 2252/3153/1678 2321/3162/1687
f 2268/3163/1688 2246/3164/1689 2255/3161/1686 2322/3165/1690
f 2242/3121/1650 2227/3136/1663 2253/3092/1621 2324/3086/1615
f 2224/3083/1612 2212/3110/1639 2254/3112/1641 2323/3111/1640
f 2305/3166/1691 2250/3160/1685 2248/3167/1680 2289/3168/1692
f 2320/3082/1611 2306/3169/1693 2317/3080/1609 2251/3109/1638
f 2317/3080/1609 2306/3169/1693 2290/3170/1694 2302/3077/1606
f 2278/3171/1695 2279/3129/1658 2277/3172/1696 2276/3173/1697
f 2232/3148/1675 2231/3130/1659 2279/3129/1658 2278/3171/1695
f 2272/3174/1698 2273/3175/1699 2260/3151/1676 2261/3147/1674
f 2274/3176/1700 2273/3175/1699 2272/3174/1698 2275/3177/1701
f 2275/3178/1701 2289/3168/1692 2248/3167/1680 2283/3179/1702
f 2292/3180/1627 2278/3171/1695 2276/3173/1697 2290/3181/1694 2285/3182/1703 2213/3183/1628
f 2228/3113/1642 2236/3145/1672 2267/3184/1704 2246/3164/1689
f 2232/3148/1675 2278/3171/1695 2292/3180/1627 2229/3149/1655
f 2260/3151/1676 2273/3175/1699 2281/3185/1705 2259/3186/1657
f 2288/3187/1679 2281/3185/1705 2273/3175/1699 2274/3176/1700
f 2250/3160/1685 2299/3159/1684 2283/3179/1702 2248/3167/1680
f 2296/3188/1706 2262/3115/1644 2270/3118/1647 2312/3189/1707
f 2240/3143/1670 2264/3190/1708 2267/3184/1704 2236/3145/1672
f 2244/3135/1662 2271/3134/1661 2265/3191/1709 2241/3142/1669
f 2238/3139/1666 2256/3192/1710 2264/3190/1708 2240/3143/1670
f 2314/3193/1711 2266/3119/1648 2263/3124/1653 2297/3194/1712
f 2280/3195/1713 2258/3125/1654 2262/3115/1644 2296/3188/1706
f 2297/3194/1712 2263/3124/1653 2259/3128/1657 2281/3196/1705
f 2241/3142/1669 2265/3191/1709 2257/3197/1714 2239/3138/1665
f 2288/3154/1679 2274/3198/1700 2282/3199/1715 2247/3155/1680
f 2239/3138/1665 2257/3197/1714 2256/3192/1710 2238/3139/1666
f 2279/3129/1658 2293/3132/1637 2214/3200/1636 2284/3201/1716 2291/3202/1717 2277/3172/1696
f 2243/3117/1646 2237/3114/1643 2268/3163/1688 2270/3118/1647
f 2314/3193/1711 2321/3162/1687 2269/3120/1649 2266/3119/1648
f 2212/3110/1639 2225/3079/1608 2325/3146/1673 2254/3112/1641
f 2227/3136/1663 2244/3135/1662 2327/3093/1622 2253/3092/1621
f 2246/3164/1689 2267/3184/1704 2313/3158/1683 2255/3161/1686
f 2249/3156/1681 2298/3203/1718 2315/3152/1677 2252/3153/1678
f 2255/3161/1686 2250/3160/1685 2305/3166/1691 2322/3165/1690
f 2247/3155/1680 2282/3199/1715 2298/3203/1718 2249/3156/1681
f 2272/3174/1698 2261/3147/1674 2258/3150/1654 2280/3204/1713
f 2231/3130/1659 2260/3151/1676 2259/3186/1657 2230/3131/1656
f 2283/3205/1702 2282/3206/1715 2274/3207/1700 2275/3208/1701
f 2252/3153/1678 2245/3133/1660 2269/3120/1649 2321/3162/1687
f 2302/3077/1606 2290/3170/1694 2276/3173/1697 2286/3103/1632
f 2303/3102/1631 2291/3202/1717 2307/3209/1719 2319/3100/1629
f 2296/3210/1706 2305/3211/1691 2289/3212/1692 2280/3213/1713
f 2277/3172/1696 2287/3106/1635 2286/3103/1632 2276/3173/1697
f 2300/3214/1720 2307/3209/1719 2291/3215/1717 2284/3216/1716
f 2257/3197/1714 2282/3206/1715 2283/3205/1702 2256/3192/1710
f 2280/3204/1713 2289/3217/1692 2275/3177/1701 2272/3174/1698
f 2220/3096/1625 2300/3218/1720 2284/3219/1716 2214/3107/1636
f 2216/3105/1634 2295/3137/1664 2294/3140/1667 2215/3104/1633
f 2265/3191/1709 2298/3203/1718 2282/3199/1715 2257/3197/1714
f 2285/3220/1703 2290/3170/1694 2306/3169/1693 2301/3221/1721
f 2303/3102/1631 2287/3106/1635 2277/3172/1696 2291/3202/1717
f 2234/3123/1652 2309/3097/1626 2293/3108/1637 2230/3127/1656
f 2218/3101/1630 2311/3141/1668 2295/3137/1664 2216/3105/1634
f 2215/3104/1633 2294/3140/1667 2310/3144/1671 2217/3078/1607
f 2221/3094/1623 2327/3093/1622 2311/3141/1668 2218/3101/1630
f 2229/3126/1655 2292/3098/1627 2308/3089/1618 2233/3116/1645
f 2235/3122/1651 2328/3085/1614 2309/3097/1626 2234/3123/1652
f 2312/3189/1707 2322/3165/1690 2305/3211/1691 2296/3210/1706
f 2281/3222/1705 2288/3223/1679 2304/3224/1682 2297/3225/1712
f 2297/3225/1712 2304/3224/1682 2321/3162/1687 2314/3193/1711
f 2301/3221/1721 2306/3169/1693 2320/3082/1611 2316/3081/1610
f 2256/3192/1710 2283/3179/1702 2299/3159/1684 2264/3190/1708
f 2271/3134/1661 2315/3152/1677 2298/3203/1718 2265/3191/1709
f 2213/3099/1628 2285/3226/1703 2301/3227/1721 2219/3090/1619
f 2226/3088/1617 2318/3228/1722 2300/3218/1720 2220/3096/1625
f 2219/3090/1619 2301/3227/1721 2316/3081/1610 2222/3084/1613
f 2264/3190/1708 2299/3159/1684 2313/3158/1683 2267/3184/1704
f 2235/3122/1651 2242/3121/1650 2324/3086/1615 2328/3085/1614
f 2270/3118/1647 2268/3163/1688 2322/3165/1690 2312/3189/1707
f 2222/3084/1613 2224/3083/1612 2323/3111/1640 2326/3091/1620
f 2233/3116/1645 2308/3089/1618 2326/3091/1620 2243/3117/1646
f 2217/3078/1607 2310/3144/1671 2325/3146/1673 2225/3079/1608
f 2237/3114/1643 2228/3113/1642 2246/3164/1689 2268/3163/1688
f 2342/3229/1201 2343/3230/1202 2334/3231/1203 2332/3232/1204
f 2341/3233/1205 2344/3234/1206 2336/3235/1207 2329/3236/1208
f 2338/3237/1209 2339/3238/1210 2333/3239/1211 2331/3240/1212
f 2337/3241/1213 2340/3242/1214 2335/3243/1215 2330/3244/1216
f 2332/3232/1204 2334/3231/1203 2340/3242/1214 2337/3241/1213
f 2329/3236/1208 2336/3235/1207 2339/3238/1210 2338/3237/1209
f 2330/3244/1216 2335/3243/1215 2344/3245/1206 2341/3246/1205
f 2331/3240/1212 2333/3239/1211 2343/3230/1202 2342/3229/1201
f 2338/3247/1209 2331/3248/1212 2347/3249/7 2350/3250/7
f 2331/3248/1212 2342/3251/1201 2352/3252/7 2347/3249/7
f 2330/3253/1216 2341/3254/1205 2351/3255/7 2346/3256/7
f 2341/3254/1205 2329/3257/1208 2345/3258/7 2351/3255/7
f 2329/3257/1208 2338/3247/1209 2350/3250/7 2345/3258/7
f 2337/3259/1213 2330/3253/1216 2346/3256/7 2349/3260/7
f 2332/3261/1204 2337/3259/1213 2349/3260/7 2348/3262/7
f 2342/3251/1201 2332/3261/1204 2348/3262/7 2352/3252/7
f 2343/3230/1202 2333/3239/1211 2353/3263/1217 2359/3264/1218
f 2335/3243/1215 2340/3242/1214 2358/3265/1219 2355/3266/1220
f 2334/3231/1203 2343/3230/1202 2359/3264/1218 2354/3267/1723
f 2344/3245/1206 2335/3243/1215 2355/3266/1220 2360/3268/1222
f 2339/3238/1210 2336/3235/1207 2356/3269/1223 2357/3270/1224
f 2333/3239/1211 2339/3238/1210 2357/3270/1224 2353/3263/1217
f 2336/3235/1207 2344/3234/1206 2360/3271/1222 2356/3269/1223
f 2340/3242/1214 2334/3231/1203 2354/3267/1723 2358/3265/1219
f 2374/3272/1201 2375/3273/1202 2366/3274/1203 2364/3275/1204
f 2373/3276/1205 2376/3277/1206 2368/3278/1207 2361/3279/1208
f 2370/3280/1209 2371/3281/1210 2365/3282/1211 2363/3283/1212
f 2369/3284/1213 2372/3285/1214 2367/3286/1215 2362/3287/1216
f 2364/3275/1204 2366/3274/1203 2372/3285/1214 2369/3284/1213
f 2361/3279/1208 2368/3278/1207 2371/3281/1210 2370/3280/1209
f 2362/3287/1216 2367/3286/1215 2376/3288/1206 2373/3289/1205
f 2363/3283/1212 2365/3282/1211 2375/3273/1202 2374/3272/1201
f 2370/3290/1209 2363/3291/1212 2379/3292/7 2382/3293/7
f 2363/3291/1212 2374/3294/1201 2384/3295/7 2379/3292/7
f 2362/3296/1216 2373/3297/1205 2383/3298/7 2378/3299/7
f 2373/3297/1205 2361/3300/1208 2377/3301/7 2383/3298/7
f 2361/3300/1208 2370/3290/1209 2382/3293/7 2377/3301/7
f 2369/3302/1213 2362/3296/1216 2378/3299/7 2381/3303/7
f 2364/3304/1204 2369/3302/1213 2381/3303/7 2380/3305/7
f 2374/3294/1201 2364/3304/1204 2380/3305/7 2384/3295/7
f 2375/3273/1202 2365/3282/1211 2385/3306/1217 2391/3307/1218
f 2367/3286/1215 2372/3285/1214 2390/3308/1219 2387/3309/1220
f 2366/3274/1203 2375/3273/1202 2391/3307/1218 2386/3310/1221
f 2376/3288/1206 2367/3286/1215 2387/3309/1220 2392/3311/1222
f 2371/3281/1210 2368/3278/1207 2388/3312/1223 2389/3313/1224
f 2365/3282/1211 2371/3281/1210 2389/3313/1224 2385/3306/1217
f 2368/3278/1207 2376/3277/1206 2392/3314/1222 2388/3312/1223
f 2372/3285/1214 2366/3274/1203 2386/3310/1221 2390/3308/1219
f 2406/3315/1201 2407/3316/1202 2398/3317/1203 2396/3318/1204
f 2405/3319/1205 2408/3320/1206 2400/3321/1207 2393/3322/1208
f 2402/3323/1209 2403/3324/1210 2397/3325/1211 2395/3326/1212
f 2401/3327/1213 2404/3328/1214 2399/3329/1215 2394/3330/1216
f 2396/3318/1204 2398/3317/1203 2404/3328/1214 2401/3327/1213
f 2393/3322/1208 2400/3321/1207 2403/3324/1210 2402/3323/1209
f 2394/3330/1216 2399/3329/1215 2408/3331/1206 2405/3332/1205
f 2395/3326/1212 2397/3325/1211 2407/3316/1202 2406/3315/1201
f 2402/3333/1209 2395/3334/1212 2411/3335/7 2414/3336/7
f 2395/3334/1212 2406/3337/1201 2416/3338/7 2411/3335/7
f 2394/3339/1216 2405/3340/1205 2415/3341/7 2410/3342/7
f 2405/3340/1205 2393/3343/1208 2409/3344/7 2415/3341/7
f 2393/3343/1208 2402/3333/1209 2414/3336/7 2409/3344/7
f 2401/3345/1213 2394/3339/1216 2410/3342/7 2413/3346/7
f 2396/3347/1204 2401/3345/1213 2413/3346/7 2412/3348/7
f 2406/3337/1201 2396/3347/1204 2412/3348/7 2416/3338/7
f 2407/3316/1202 2397/3325/1211 2417/3349/1217 2423/3350/1218
f 2399/3329/1215 2404/3328/1214 2422/3351/1219 2419/3352/1220
f 2398/3317/1203 2407/3316/1202 2423/3350/1218 2418/3353/1723
f 2408/3331/1206 2399/3329/1215 2419/3352/1220 2424/3354/1222
f 2403/3324/1210 2400/3321/1207 2420/3355/1223 2421/3356/1224
f 2397/3325/1211 2403/3324/1210 2421/3356/1224 2417/3349/1217
f 2400/3321/1207 2408/3320/1206 2424/3357/1222 2420/3355/1223
f 2404/3328/1214 2398/3317/1203 2418/3353/1723 2422/3351/1219
f 1863/2723/1296 1935/2640/1305 1939/2661/1322 1887/3358/1300
f 1912/2582/1253 1910/2585/1256 1942/2669/1327 1950/2643/1308
f 1865/2656/1267 1842/2595/1266 1824/2736/1356 1849/2657/1320
